"name1","name2","street1","street2","city","state","zip","zip4","county","phone","website","latitude","longitude","type_facility","sa","dt","mm","dm","bum","db","rpn","bu","nxn","vtrl","meth","hh","noop","pain","nmoa","moa","ubn","otp","cbt","dbt","tele","saca","trc","smon","smpd","smop","hi","res","op","rs","rl","rd","od","omb","odt","iop","ort","hid","hit","ct","gh","psyh","vamc","tbg","ihs","stg","lccg","dod","ssa","stmh","stdh","hla","jc","carf","ncqa","coa","hfap","np","cash","md","mc","si","pi","tricare","fsa","ss","pa","asl","sp","mhsu","vet","admil","milf","cj","sen","adol","pw","wn","mn","hiv","trma","sexa","dv","ya","nsc","adtx","bdtx","cdtx","mdtx","odtx","tgd","ico","gco","fco","mco","twfa","bia","cmi","mi","ang","mxm","crv","relp","beds","ch_ad","yad","adlt","fem","male","dui","duio","acc","acm","acu","baba","ccc","cmha","csaa","daut","dp","dsf","dvfp","eis_hiv","emp","haec","heoh","hivt","isc","itu","mhs","opc","sae","shg","smhd","ssu","ssd","stdt","ta","taec","tbs","cm","fpsy","hs","nrt","peer","stu","tcc","bsdm","nu","mu","bwn","bwon","ub","un","beri","pvtp","pvtn","cosmi","inpe","rpe","pc","naut","nmaut","acma","pmat","auinpe","aurpe","aupc","dlc","mhiv","mhcv","lfxd","clnd","copsu","daof","mst","noe","ofd","rc","piec","mdet","voc","hav","hbv","audo","mmd","mprep","fed","sotp","dea","samhsa","mhpa","hbt","hct","tod","vapn","vapp","vppd","oudo","nx","oth","mws","f17","f19","f25","f28","f30","f31","f35","f36","f37","f4","f42","f43","f47","f66","f67","f70","f81","f92","n24","n40","cosed"
"Overcome Wellness and Recovery LLC","","101 Prospect Street","Suite 210","Lakewood","NJ","08701","","Ocean","732-994-4465","https://overcomenj.com","40.0745661","-74.2197838","SU","1","","","","1","","1","1","1","1","","","","","","1","","","1","","1","1","1","","","1","","","1","","","","","1","1","1","1","","","","","","","","","","","","1","1","1","","1","","","","","","1","","1","","1","1","","1","","","","1","1","1","","1","1","","","1","1","","1","1","1","1","1","","","","","","","1","1","1","1","","1","","1","1","","","1","","","1","1","1","1","","","1","1","","1","","1","1","1","1","1","","","1","","","","1","","1","1","1","1","1","1","","","","","","1","","1","1","1","1","1","1","1","","1","1","1","1","1","1","","","1","","1","","","1","1","1","","1","1","","","","1","1","","","1","1","","","","","","","","1","","","","","","","","","","","1","","","","","","","","","","","","","","","","","","","","","","","","","",""
"Suburban Health Clinic of Toms River","","10 Mule Road","","Toms River","NJ","08755","","Ocean","732-797-9944","https://suburbanhealthclinic.com","39.9710135","-74.2382106","SU","1","","1","","1","","","1","1","1","1","","","","","","","1","1","","1","1","1","","1","","","","1","","","","","1","","1","1","","","","","","","","","","","","1","","1","","","1","","","","","1","1","1","","","","","1","","","","","","","","","1","","1","1","1","","","","","1","","","","","","","","1","1","","","1","1","1","1","1","1","","1","","","1","1","1","1","","","1","","","1","","","1","1","1","","","","","1","1","","","","","1","1","","1","1","1","1","1","1","1","1","","1","","1","1","1","","1","1","1","1","1","1","","1","","","","","","1","","","","","","","","","","","","","1","","1","1","","","","","","","","","","","1","1","","","1","1","","","","1","1","","","1","","","","","","","","","","","","","","","","","","","","",""
"Sunrise Detox","","16 Whitesville Road","Suite C","Toms River","NJ","08753","","Ocean","732-797-2505","https://www.evolverecoverycenter.com","39.9824673","-74.2116575","SU","1","","","","","","","1","1","1","","","","","","1","","","1","","","1","","","1","","","1","","1","","","","","","","","","","","","","","","","","","","1","","","","1","","","","","","1","","","","1","1","","","","","","","","","","","","","","","","","","","","","","","","","","","","1","1","1","","1","1","1","1","1","","","1","","","1","1","1","1","","","1","","","1","","1","1","1","1","","","","","1","1","1","","","","1","1","1","1","1","1","","1","1","1","1","","","","1","1","1","","1","","1","1","1","1","","1","","","1","","","","","1","1","","1","","1","","","","1","","1","1","1","1","","","","","","","","","","","1","1","","1","","","","","","1","","","","1","","","","","","","","","","","","","","","","","","","","",""
"Army Substance Abuse Program","","Doughboy Loop","Building 5616","Fort Dix","NJ","08640","","Burlington","609-562-4011","https://","40.0020371","-74.6114256","SU","1","","","","","","","","","","","","","","","1","","","1","","1","1","","","1","","","","1","","","","","","","","1","","","","","","","","","","","1","","","","","1","","","","","1","","","","","","","","","","","","","","","","","","","","","","","","","","","","","","","","","1","1","1","","","1","1","1","1","","","","1","","","1","1","1","1","1","","1","","","1","","","1","1","1","","","","","","","","","","","1","","1","","1","","","","","","1","","","","1","","","","","","","","","","","","","","","","1","","","1","","1","1","1","","","","","","","","","1","1","","1","","","","","","","","1","","","","","","","1","","","1","","","","","","","","","","","","","","","","","","","","","","","","",""
"Counseling Center at Toms River","","1198 Lakewood Road","Suite 102","Toms River","NJ","08753","","Ocean","561-459-5737","https://www.thecounselingcenter.com/locations/toms-river-nj/","39.9818124","-74.2107517","SU","1","","","","","","","1","1","1","","","","","","","","","1","","1","1","1","","1","","","","1","","","","","1","1","1","1","","","","","","","","","","","","1","1","1","","1","","","","","","1","","","","1","1","","","","","","","","","","","","","","","","","","","","","","","","","","","","1","1","1","","1","1","1","1","1","1","","1","","1","1","1","1","1","","","1","","","1","","1","1","1","1","","1","","","1","1","1","","","1","1","1","1","1","1","1","","","1","","1","","","","1","1","1","","1","","1","1","1","1","","1","","","","","","","","1","1","","1","","","","","","","","1","","1","1","","","","","","","","","","","","1","","1","","","","","","1","","","","","","","","","","","","","","","","","","","","","","","","",""
"Preferred Behavioral Health Group","","700 Airport Road","","Lakewood","NJ","08701","","Ocean","732-367-4700","https://www.preferredbehavioral.org","40.05945","-74.1731191","SU","1","","","","1","","1","1","1","1","","","","","","1","","","1","","1","1","1","1","","","","","1","","","","","1","1","1","1","","","","","","","","","","","","1","1","","","","1","","","","","1","1","1","1","1","1","1","1","1","","1","1","1","1","1","1","1","","1","1","1","","1","1","1","1","","","","","","","1","1","1","1","1","1","1","1","1","1","1","","1","","","1","1","1","1","1","","1","1","","1","","1","1","1","1","1","","","1","1","1","","1","","1","1","1","1","1","1","1","","1","1","","1","","1","1","1","1","1","1","1","","1","1","1","1","1","","1","1","","","1","","","1","1","1","","1","","","","","","1","","","1","1","1","","","1","","","","1","","","","","1","","","","1","1","","","","","","","","","","","","","","","","","","","","","","","","","","",""
"Relevance LLC","","61 West Main Street","","Freehold","NJ","07728","","Monmouth","732-702-2242","https://www.relevancerecovery.com","40.2316899","-74.3179676","SU","1","","","","1","","1","1","1","1","","1","","","","1","","","1","","1","1","1","","1","","","","1","","","","","1","1","1","1","","","","","","","","","","","","1","1","1","","1","","","","","","1","","","","1","1","","","","","","1","1","1","1","1","1","1","1","1","1","1","1","1","1","1","","","","","","","","1","1","1","","1","1","1","1","1","1","1","1","","1","1","1","1","1","","","1","1","","1","","1","1","1","1","","","","1","","1","1","","1","1","1","1","1","1","1","1","1","1","","1","1","","1","","1","","","","1","","1","1","1","1","1","1","","","","1","","","","1","1","","1","","1","","","1","1","1","1","1","1","1","","1","","","","","","1","","","","1","","1","1","1","1","","","1","","","","","","","","","","","","","","","","","","","","","","","","",""
"Integrity House","DBA Integrity House","310 Main Street","Suite 6","Toms River","NJ","08753","","Ocean","973-623-0600","https://www.integrityhouse.org","39.9557932","-74.19936","SU","1","","","","1","","1","1","1","1","","","","","","1","","","1","","","1","1","","1","","","","1","","","","","1","","1","1","","","","","","","","","","","","1","1","1","","","1","","","","","1","1","1","1","1","","1","1","1","","","1","1","","","","1","","1","1","1","1","1","1","","1","","","","","","","","1","1","1","","1","1","1","1","1","","","1","","","1","1","1","1","","","1","","","1","","1","1","1","1","","1","","1","1","1","","","","","","1","1","1","1","1","","","","1","1","","1","1","1","1","1","1","1","","1","1","","","1","","1","1","1","","","","","1","","","","","","","","","","","","","1","","1","","","1","","","","","","","1","","","","","","","","","1","","","","","","","","","","","","","","","","","","","","","","","","",""
"Iron Recovery and Wellness Center","","226 Main Street","","Toms River","NJ","08753","","Ocean","609-358-1560","https://www.ironwellness.org","39.9543074","-74.1986848","SU","1","","","","","","1","1","1","1","","","","","","1","","","1","","1","1","1","1","","","","","1","","","","","1","","1","1","","","","","","","","","","","","1","1","1","","","","","","","","1","1","1","1","1","","1","1","","","","1","1","1","1","1","1","1","1","1","1","1","1","1","1","1","","","","","","","","1","1","1","1","1","1","1","1","1","1","","1","","1","1","","1","1","1","","1","","","","","","1","1","1","","","","","","","","1","","","1","1","","1","1","1","","1","","","1","","1","","1","1","1","","1","","1","1","1","1","","","1","","","","1","","","1","1","1","1","1","","","","","","1","1","","1","1","1","1","","","","","","","","","","","","","","","1","1","","","","","","","","","","","","","","","","","","","","","","","","","","",""
"Quantum Behavioral Health Servs","","144 Mill Street","","Toms River","NJ","08757","","Ocean","609-300-2180","https://qtreatment.com","39.9417586","-74.2027307","SU","1","","","","","","1","","1","","","","","","","1","","","1","","","1","1","","1","","","","1","","","","","","1","1","1","","","","","","","","","","","","1","1","1","","1","","","","","","1","","","1","1","","","1","","","","1","1","1","1","1","1","","1","1","1","1","1","1","1","1","1","","","","","","1","1","1","1","","1","","","1","1","1","","1","","","1","1","1","1","","","1","","","1","","1","1","1","1","1","1","1","","1","1","1","1","","1","1","1","1","1","1","1","1","","1","1","1","","","1","","1","1","","1","","","","","1","","1","","","1","1","","","","","1","1","1","1","1","1","1","","1","1","1","1","1","1","","","","","","","","1","1","","","","","1","1","1","1","","","1","","","","","","","","","","","","","","","","","","","","","","","","",""
"Renova Recovery LLC","","35 Beaverson Boulevard","Building 6A","Brick","NJ","08723","","Ocean","908-533-8908","https://www.renovarecovery.com/","40.0314399","-74.1464185","SU","1","","","","1","","1","1","1","1","","","","","","1","","","1","","","1","1","","1","","","","1","","","","","1","1","1","1","","","","","","","","","","","","1","","1","","","","","","","","1","","","","1","","","","","","","1","1","1","1","1","1","","1","1","1","1","1","1","1","1","1","","","","","","","1","1","1","1","1","1","1","1","1","1","1","1","","1","1","","1","1","","","1","","","1","","","1","1","1","","","","1","1","1","","","","1","1","1","1","1","1","1","","1","1","","1","","1","1","1","","1","1","1","","1","1","1","1","1","1","","1","1","1","","","","1","1","","1","","1","","","","1","1","","","1","1","1","1","","1","","","","","","","","","","1","","","","","","1","","","","1","","","","","","","","","","","","","","","","","","","","","1"
"Maryville Inc","Residential","610 Pemberton Browns Mills Road","","Pemberton","NJ","08068","","Burlington","609-283-0262","https://www.maryvillenj.org","39.9673051","-74.6389644","SU","1","1","","","","","","1","1","1","","","","","","1","","","1","","","1","1","","1","","","1","","1","1","1","","","","","","","","","","","","","","","","","1","","1","","","1","","","","","1","1","","1","1","1","1","1","1","1","","1","","","","","","","","","","","1","","","","1","1","1","1","1","1","1","1","1","1","","1","1","1","1","","1","","1","","","1","1","","1","","","1","1","","1","","1","1","1","1","","","1","","1","1","","1","","1","1","1","1","1","1","1","","1","1","1","1","","1","1","1","1","1","","1","","1","1","1","1","1","","1","","1","1","1","","","1","1","1","1","1","1","1","","","1","1","","","1","1","1","","1","","","","","1","1","","","","","1","1","1","","1","","","","","","","","","","","","","","","","","","","","","","","","","","",""
"Ocean Monmouth Care LLC","","150 Brick Boulevard","","Brick","NJ","08723","","Ocean","732-458-2180","https://www.pinnacletreatment.com/","40.0309375","-74.1444512","SU","1","","1","","1","","","1","","1","1","","","","","","","1","1","","1","1","","","1","","","","1","","","","","1","","1","1","","","","","","","","","","","","1","1","1","","","1","","","","","1","1","1","1","1","1","1","","","1","1","1","1","1","1","1","1","","1","1","1","1","1","1","1","","","","","","","","","1","1","1","1","","1","1","1","","","","1","","","1","1","1","1","","","1","","","1","","1","1","1","1","","","","","1","1","1","1","","1","1","1","","1","1","","1","1","1","1","1","","1","","1","1","1","1","1","1","1","1","1","","1","1","","","","","","","","","1","","","","","","","","","1","1","1","1","1","1","1","","","","","","1","","","1","1","1","1","","1","","","","1","","","1","1","1","","","","","","","","","","","","","","","","","","","",""
"HBH Counseling Inc","","74 Brick Boulevard","Building 4, Suite 206-B","Brick","NJ","08723","7984","Ocean","732-477-0862 x1","https://individualcarecenter.com/locations/hbh-counseling-inc/","40.0234607","-74.1457944","SU","1","","","","","","","","","","","","","","","1","","","1","","1","1","1","","1","","","","1","","","","","","","","1","","","","","","","","","","","","","","","","","","","","","","1","","","","1","1","","1","","","","1","","","","","","","1","1","1","","","1","1","1","","","","","","","1","1","1","1","1","","1","","1","","","","1","","1","1","1","1","1","","","1","","","","","1","1","","1","","1","","","","","","1","","1","","1","","1","1","1","","","","","","","","","","1","1","","","","","","","","","1","","","","","1","","","1","","1","","1","","","","","","","","","","1","","","","","","","","","","","","","","","","","1","","","1","","","","","","","","","","","","","","","","","","","","","","","","",""
"201 Recovery Center","DBA Trost Health New Jersey","20 Gibson Place","Suite 202","Freehold","NJ","07728","","Monmouth","407-470-1255","https://","40.2464975","-74.2970168","SU","1","","","","","","1","","1","","","","","","","","","","1","","1","1","1","1","","","","","1","","","","","","","1","1","","","","","","","","","","","","","","","","1","","","","","","","","","","1","","","","","","","1","","","","","1","","","1","1","","","","","1","","","","","","","","1","1","1","1","","","","1","1","1","","1","","","1","1","1","1","","","1","1","","","","1","1","1","1","","","1","","1","","","","","1","","1","","1","1","1","","","1","","1","","","","1","1","1","","1","","","","","1","","1","","1","","","","","","","1","","","","","","","","","","","","1","1","","","","","","","","1","","","","","","1","","","","1","","","","","","","","","","","","","","","","","","","","","","","","","","",""
"Monmouth Healthcare Services LLC","DBA Harbor MAT","495 Jack Martin Boulevard","Unit 6","Brick","NJ","08724","","Ocean","732-344-0596","https://harbormat.com","40.0801831","-74.1356489","SU","1","","1","","1","","","1","","","1","","","","","1","","1","1","","1","1","","","1","","","","1","","","","","1","","1","1","","","","","","","","","","","","1","","","","","1","","","","","1","1","1","","","","","","","1","1","","","","","","","","","","","","","","","","","","","","","","","1","1","1","","","","","1","","1","","1","","","1","1","1","1","","","1","","","1","","1","1","1","1","","","","1","1","1","1","1","","1","1","1","","1","1","1","1","1","1","1","1","","1","","","1","1","","","1","1","1","1","","","1","","1","","","1","","","1","","1","","1","","","","","","","1","","1","1","","","","","","","","1","","","1","1","","1","1","1","","","","1","","","","1","","","","","","","","","","","","","","","","","","","","",""
"New Hope Integrated Behavioral Health","Freehold Outpatient","2-2 Monmouth Avenue","Suite 2-A","Freehold","NJ","07728","","Monmouth","732-308-0113 x6010","https://www.newhopeibhc.org","40.2605689","-74.2788817","SU","1","","","","1","","1","1","1","1","","","","","","","","","1","","1","1","1","","1","","","","1","","","","","1","","1","1","","","","","","","","","","","","1","1","1","","","1","","","","","1","1","","1","1","1","1","1","1","1","","1","1","1","1","1","1","1","1","1","1","1","1","1","1","1","","","","","","","1","1","1","1","1","","","1","1","","","","1","","1","1","1","1","1","1","","1","","","1","","1","1","1","1","","","","1","1","1","","1","","1","1","1","","1","1","1","","","1","","1","","1","1","","1","1","","1","","1","1","1","1","","","1","","","","","","","","1","1","1","1","","","","","","1","","","1","1","","","","","","","","","","","","","","","","","","","","1","","","","","","","","","","","","","","","","","","","","","","","","",""
"CPC Integrated Health","CPC Freehold Counseling Center","22 Court Street","","Freehold","NJ","07728","","Monmouth","732-780-7387","https://www.cpcintegratedhealth.org","40.2602344","-74.2758393","SU","1","","","","1","","1","1","1","1","","","","","","1","","","1","","1","1","1","","1","","","","1","","","","","1","","1","1","","","","","","","","","","","","","","1","","1","","","","","","1","1","1","","1","1","1","1","","1","1","1","","","","","","1","","1","1","","1","1","1","1","1","","","","","","","1","1","1","1","","1","1","1","1","1","","1","","1","1","1","1","1","","","1","1","","","","1","1","1","1","1","1","1","1","1","1","1","1","","1","1","1","","1","1","1","1","1","1","1","1","","1","1","1","1","1","","1","","1","1","1","1","","","1","1","","1","1","","","1","1","1","1","1","1","","","","1","","","1","1","1","","","","1","","","","1","","","","","1","","1","1","","","","1","","","1","","","1","","","","","","1","","","","","","","","","","","","","1"
"Ocean Medical Services Inc","","2001 Route 37 East","","Toms River","NJ","08753","","Ocean","732-288-9322","https://www.pinnacletreatment.com","39.9505429","-74.1422134","SU","1","","1","","1","","","1","1","1","1","","","","","","","1","1","","1","1","","","1","","","","1","","","","","1","","1","1","","","","","","","","","","","","1","1","1","","","1","","","","","1","1","1","","1","1","1","","","","1","1","1","1","1","1","1","","1","1","1","1","1","1","1","1","","","","","","","","1","1","","","1","1","1","1","","","","1","","","1","1","1","1","","","1","","","1","","1","1","1","1","","","1","","1","1","1","","","1","1","1","","1","1","1","","","1","1","1","","1","","","1","","","1","1","","1","","1","1","1","","1","","","","","","","1","","","","","","","","","","1","1","1","1","","","","","","","1","1","","","1","1","1","1","1","1","","","","1","","","","1","","","","","","","","","","","","","","","","","","","","",""
"Bright Harbor Healthcare","Recovery Services","340 Atlantic City Boulevard","","Bayville","NJ","08721","","Ocean","732-349-5550","https://www.brightharbor.org","39.9188791","-74.1598241","SU","1","1","","","1","1","1","1","1","1","","","","","","","","","1","","1","1","1","","1","","","","1","","","","1","1","","1","1","","","","","","","","","","","","1","1","1","","","","","","","","1","1","1","1","1","1","1","1","","1","","1","","","","","","","","","","","1","","","","1","1","1","","","1","1","1","1","1","","1","1","","1","1","","","1","","","1","1","1","1","1","","1","1","","1","","1","1","1","1","1","","","","1","1","1","1","","1","1","1","1","1","1","1","1","1","1","1","1","","","1","1","1","1","","1","","1","1","1","1","1","","1","1","","","","","","","1","1","","1","1","","","","1","","1","1","1","1","1","","1","","","","","1","","","","","1","","1","1","1","","","1","","","","1","","","","","","","","","","","","","","","","","","","","",""
"Freedom Recovery NJ LLC","","143 Highway 33","1st Floor","Englishtown","NJ","07726","","Monmouth","732-444-2151","https://freedomrecoverynj.com","40.2970872","-74.3583989","SU","1","","","","1","","1","1","1","1","","","","","","1","","","1","","1","1","1","","1","","","","1","","","","","1","1","1","1","","","","","","","","","","","","1","","","","1","","","","","","1","","","","1","","","","","","","1","1","1","1","1","1","","1","1","1","1","1","1","1","1","1","","","","","","1","1","1","1","1","1","1","","1","1","1","","1","","","1","1","1","1","","","1","1","","1","","1","1","1","1","1","1","1","1","1","1","1","1","","1","1","1","1","1","1","1","1","1","1","1","1","","1","1","1","1","1","","1","","1","1","1","1","1","1","","1","","1","","","","1","","","1","","1","1","1","1","1","1","1","1","1","1","1","1","","1","","","","1","1","","","","","1","1","1","1","","","1","","","","1","","","","","","","","","","","","","","","","","","","","",""
"Counseling Center at Freehold","","4345 U.S. Highway 9 North","","Freehold","NJ","07728","","Monmouth","732-431-5300","https://","40.2850766","-74.2933907","SU","1","","","","","","","1","1","1","","","","","","","","","1","","1","1","1","","1","","","","1","","","","","1","1","1","1","","","","","","","","","","","","1","1","1","","1","","","","","","1","","","","1","1","","","","","","","","","","","","","","","","","","","","","","","","","","","","1","1","1","1","1","1","1","1","1","1","","1","","1","1","1","1","1","","","1","","","1","","1","1","1","1","","1","","","1","1","1","1","","1","1","1","1","1","1","1","","","1","","1","","","","1","1","1","","1","","1","1","1","1","","1","","","","","","","","1","1","1","1","1","","","","","","","1","","1","1","1","1","","","","","","1","","","","1","","1","","","","","","1","","","","","","","","","","","","","","","","","","","","","","","","",""
"Solstice Counseling and Wellness Ctr","Burlington County Campus","300 Birmingham Road","","Pemberton","NJ","08068","1326","Burlington","609-288-8844","https://www.SolsticeCares.com","39.9759162","-74.7108727","SU","1","","","","1","","1","1","1","1","","","","","","1","","","1","","1","1","1","","1","","","","1","","","","","1","","1","1","","","","","","","","","","","","1","1","1","","","1","","","","","1","1","1","1","1","1","1","1","1","1","","1","1","1","1","1","1","","1","1","1","1","1","1","1","1","","","","","","","1","1","1","1","1","1","1","1","1","1","1","1","1","","","1","1","1","1","","","1","1","","1","","1","1","1","1","1","1","","1","1","1","","1","","1","1","1","1","1","1","1","","1","1","1","1","","1","","1","1","1","","1","","1","1","1","1","1","1","","","1","1","1","","","1","1","1","1","1","","","","","","1","1","","1","1","1","","","1","","","","1","","","","","1","","","","1","","","1","","","","","","","","","","","","","","","","","","","","","","","","",""
"Spiritual Awakening LLC","DBA Silver Linings Recovery","251 Princeton Hightstown Road","Suite 1","Hightstown","NJ","08520","","Mercer","267-358-5150","https://www.silverliningsrecoverycenter.com","40.281633","-74.5575426","SU","1","","","","","","1","1","1","1","","","","","","1","","","1","","1","1","1","","1","","","","1","","","","","1","1","1","1","","","","","","","","","","","","1","","","","1","","","","","","1","","","","1","1","","","","","","1","1","1","1","1","1","","1","1","1","1","1","1","1","1","1","","","","","","","1","1","1","1","1","1","1","1","1","1","1","1","","","1","1","1","1","","","1","1","","1","","1","1","1","1","","","","1","1","1","","1","","1","1","1","1","1","1","1","","1","1","1","1","","1","1","1","1","1","1","1","","1","1","1","1","1","1","","","","1","","","","1","1","1","","1","1","","","","1","1","1","","1","1","1","1","","1","","","","1","","","","","","1","","","","","","1","","","","","","","","","","","","","","","","","","","","","","","","",""
"Jersey Behavioral Care LLC","","9 Huxley Court","","Marlboro","NJ","07746","","Monmouth","732-907-0709","https://www.njpcenter.com","40.2951173","-74.2515252","SU","1","","","","1","","1","1","1","1","","","","","","1","","","","","1","1","1","1","","","","","1","","","","","1","1","1","1","","","","","","","","","","","","1","1","1","","","","","","","","1","1","1","1","1","","","1","1","","1","1","1","1","1","1","1","1","1","1","1","1","1","1","1","1","1","","","","","","1","1","1","1","1","1","1","1","1","1","","1","1","","1","1","1","1","1","1","","1","1","","1","","1","1","1","1","1","1","","1","1","","","1","1","1","1","1","","1","1","1","","1","","","","","","1","1","1","1","1","1","","1","1","1","1","1","1","","1","1","1","1","","","1","1","1","1","1","1","","","","1","1","1","","1","1","1","1","","1","","","","1","","","","1","1","1","","","1","","","1","","","1","","","","1","","","","","","","","","","","","","1","","","","","1"
"Agape Counseling Services Inc","","815 U.S. Highway 9","","Lanoka Harbor","NJ","08734","","Ocean","609-242-0086","https://www.agapenj.org","39.8657707","-74.1693716","SU","1","","","","","","1","1","1","","","","","","","1","","","1","","1","1","1","","1","","","","1","","","","","","","1","1","","","","","","","","","","","","1","1","1","","","","","","","","1","1","1","1","","","1","1","1","","","1","1","1","1","1","1","","1","1","1","1","1","1","1","1","1","","","","","","1","1","1","1","1","1","1","1","1","1","1","","1","","","1","1","1","1","1","","1","","","1","","1","1","1","1","","1","","1","1","1","","1","","1","1","1","1","1","1","1","","1","1","","1","","1","1","1","1","1","","1","","1","1","1","1","","","1","1","","1","","","","1","1","","1","","1","","","","1","1","1","","1","1","","","","1","","","","1","","","","","1","","","","","","","1","","","","","","","","","","","","","","","","","","","","","","","","",""
"ARS Treatment Centers of New Jersey","Crossroads Treatment Centers","4 Murray Grove Lane","2nd Floor","Lanoka Harbor","NJ","08734","","Ocean","800-805-6989","https://www.crossroadstreatmentcenters.com","39.8556853","-74.1808085","SU","1","","","","1","","","1","","","","","","","","","","","","","1","1","","","1","","","","1","","","","","1","","","","","","","","","","","","","","","","","","","","","","","","","1","1","1","1","1","1","","","","","","","","","","","","","1","","","","","","","","","","","","","","","1","1","","","","","","","","","","","","","1","1","1","1","","","1","","","1","","","1","1","1","","","","","","","","","","","","1","","","1","","","","","","1","","","","1","","","","","","1","","1","","","1","","","","","","1","","","","","","","","","","","","","","","1","","","","","","","","","","","","","1","","1","","","","","","1","1","","","","","","","","","","","","","","","","","","","","","","","",""
"Lacey Treatment Services","","411 US Highway 9","Suite 1","Lanoka Harbor","NJ","08734","","Ocean","732-930-1966","https://pinnacletreatment.com/location/new-jersey/lanoka-harbor/lacey-treatment-services/","39.8531965","-74.1807417","SU","1","","","","1","","","1","","","","","","","","","","","1","","1","1","","","","1","","","1","","","","","1","","1","1","","","","","","","","","","","","1","","1","","","1","","","","","1","1","1","1","1","","1","","","","","","","","","","","","","","","","","","","","","","","","","","","1","1","1","","1","1","1","1","","","","1","","","1","1","1","1","","","1","","","1","","","1","1","1","","","","","1","1","","1","","","1","1","1","","1","1","","1","1","1","1","","1","","1","1","1","","","","","1","1","","","1","","","","","","1","","","","","","","","","","","","","1","","1","1","","1","","","","","","","","","1","1","","1","","","1","","1","","1","","","","","","","","","","","","","","","","","","","","","","","",""
"Creative Change Counseling","","3525 Quakerbridge Road","Suite 903","Trenton","NJ","08619","","Mercer","609-684-3146","https://www.creativechangeinc.org/","40.2547503","-74.6794724","SU","1","","","","","","1","1","1","1","","","","","","1","","","1","","1","1","1","","1","","","","1","","","","","1","1","1","1","","","","","","","","","","","","1","","","","","","","","","","1","1","1","","1","1","1","","","","","1","1","1","1","1","1","1","1","1","1","1","1","1","1","1","","","","","","","","1","1","1","1","1","1","1","1","1","1","1","1","","1","1","1","1","1","","","1","1","","1","","1","1","1","1","","","","1","1","1","1","1","","1","1","1","1","1","1","1","","1","1","1","1","","1","","1","","","","1","","1","1","1","1","1","","1","","","1","1","","","1","1","1","1","1","1","","","","1","1","1","","1","1","1","","","","","","","1","","","","","","1","1","1","","","","1","","","","","","","","","","","","","","","","","","","","","","","","",""
"Footprints to Recovery","","3535 Quakerbridge Road","Suite 300","Trenton","NJ","08619","","Mercer","609-249-4645","https://www.footprintstorecovery.com/","40.2554563","-74.6789236","SU","1","","","","1","","1","1","1","1","","","","","","1","","","1","","1","1","1","","1","","","","1","","","","","1","1","1","1","","","","","","","","","","","","1","","","","1","","","","","","1","","","","1","1","","","","","","1","1","1","1","","","","","1","1","","1","1","1","1","1","","","","","","1","1","1","1","1","1","1","","1","1","","","1","","","1","1","1","1","","","1","1","","1","","1","1","1","1","1","1","","1","1","1","","","","1","1","1","1","1","1","1","","","1","","1","","1","1","","","1","1","1","","1","1","1","1","1","1","","","1","","","","","1","1","","","","1","","","","1","","","","1","1","","","","1","","","","1","","","","","","1","","","1","","","1","","","","1","","","","","","","","","","","","","","","","","","","","",""
"Hamilton Treatment Services","","3444 Quakerbridge Road","Building 1-A","Trenton","NJ","08619","","Mercer","609-838-9067","https://pinnacletreatment.com","40.2535698","-74.6845948","SU","1","","1","","1","","","1","","1","1","","","","","","","1","1","","1","1","1","","1","","","","1","","","","","1","","1","1","","","","","","","","","","","","1","","1","","","1","","","","","1","1","1","1","1","","1","","","","","1","","","","","1","","1","1","1","1","1","","","1","","","","","","","","1","1","1","","1","1","1","1","1","1","1","1","","","1","1","1","1","1","","1","","","1","","","1","1","1","","1","1","1","1","1","1","1","","","1","1","1","1","1","1","1","1","1","1","1","","1","","1","1","1","","1","1","","1","1","1","","1","","","","","","","","","1","","","","","","","","","1","1","1","1","1","1","1","","","","","","","","","1","1","","1","1","1","1","","","1","1","","","1","","","","","","","","","","","","","","","","","","","","",""
"Britelife Behavioral Health PJ LLC","","4065 Quakerbridge Road","Suite 102","Princeton Junction","NJ","08550","","Mercer","609-651-4001 x4100","https://www.briteliferecovery.com","40.2775506","-74.6692256","SU","1","","","","1","","1","1","1","1","","","","","","1","","","1","","","1","1","","1","","","","1","","","","","1","","1","1","","","","","","","","","","","","1","","1","","1","","","","","","1","","","","1","","","","","","","1","","","","","","","","1","1","","1","","","","1","","","","","","","1","1","1","","","1","1","1","","","","1","","","1","1","1","1","","","1","1","","1","","","1","1","1","1","","","","","","","","","","1","1","","1","1","1","","","","","","","1","1","","1","1","","1","","1","1","","1","","1","","","1","1","1","","","1","1","1","1","1","1","","","","1","1","","","1","1","","","","","","","","1","","","","","","1","","","","","","1","","","","","","","","","","","","","","","","","","","","","","","","",""
"Phoenix Treatment Center","","11 Garden Street","Suite 306","Mount Holly","NJ","08060","","Burlington","609-920-3631","https://","39.9956735","-74.7875534","SU","1","","","","","","","","","","","","","","","1","","","1","","1","1","1","","1","","","","1","","","","","","","","1","","","","","","","","","","","","","","","","","","","","","","1","1","1","","1","1","","","","","","1","","","","","1","1","","1","1","","1","1","","1","","","","","","","","1","1","1","1","","","","1","1","","","1","","1","1","1","1","1","","","1","","","1","","","","1","1","","","","","","","","","","1","","","","1","1","","","","","","","","1","","1","","","","","","","","","","","1","","","","1","","","","1","","","1","","","","","","","1","","","","","","","","","","","","","","","","","","","","","1","","","1","","","","","","","","","","","","","","","","","","","","","","","","",""
"New Brunswick Counseling Center","DBA Burlington Comprehensive Csl","605 High Street","","Mount Holly","NJ","08060","","Burlington","609-267-3610 x109","https://www.nbcounselingcenter.org","40.0080951","-74.7970801","SU","1","","1","","1","","","1","1","1","1","","","","","1","","1","1","","1","1","1","","1","","","","1","","","","","1","","1","1","","","","","","","","","","","","1","1","1","","","1","","","","","1","1","1","","1","","1","","","","1","1","1","1","1","1","1","1","1","1","1","1","1","1","1","1","","","","","","","","1","1","1","1","","1","","1","","1","","1","","1","1","1","1","1","1","","1","","","","1","1","1","1","1","","","1","","1","1","","1","","1","1","1","","1","1","1","","","1","1","1","","1","","1","1","1","","1","1","1","1","1","1","1","","1","","","","1","","","1","1","1","","1","","","","","","","1","","1","1","","","","","","","","1","","","1","1","","1","","1","","","","1","","","","1","","","","","","","","","","","","","","","","","","","","",""
"We Level Up","Lawrenceville NJ","276 Bakers Basin Road","","Lawrence Township","NJ","08648","","Mercer","201-389-9370","https://www.welevelupnj.com","40.2720413","-74.6936639","SU","1","1","","","1","1","1","1","1","1","","","","","","","","","1","","","1","1","","1","","1","1","1","1","1","1","","1","1","1","1","1","1","","","","","","","","","","1","1","1","","1","1","","","","","1","","","","1","","","","","","","1","1","1","1","1","1","","1","1","1","1","1","1","1","1","","1","1","1","1","1","","1","1","1","1","1","1","1","1","1","1","","1","","","1","1","1","1","","","1","1","","1","","1","1","1","1","1","1","1","1","1","1","1","1","","1","","1","1","1","1","1","1","1","1","1","1","","1","","1","1","1","1","1","","1","1","1","1","1","1","","1","","","","","","1","1","1","1","1","1","1","1","1","1","1","1","1","1","1","1","1","1","","","","","1","1","","1","","","1","1","1","1","","","1","","","","1","","","","","","","","","","","","","","","","","","","","",""
"Legacy Treatment Services","Mount Holly Outpatient Department","795 Woodlane Road","Suite 301","Mount Holly","NJ","08060","","Burlington","609-267-1377","https://www.legacytreatment.org","40.0129","-74.8051","SU","1","","","","1","","1","1","1","1","","","","","","1","","","1","","1","1","1","","1","","","","1","","","","","1","","1","1","","","","","","","","","","","","1","1","1","","","","","1","","","1","1","","","1","","1","1","","1","","1","","","","1","","","","","","","","","","","1","","","","","","1","1","1","1","1","","1","1","1","1","1","","1","","","1","1","1","1","1","","1","1","","1","","1","1","1","1","1","","","","1","1","","1","","1","","1","","1","1","1","","","1","1","1","","","1","1","1","1","","1","","1","1","1","1","1","","1","1","","","1","","","1","1","1","","1","1","","","","1","","","1","1","1","1","","","","","1","","1","","","","","","","","1","1","","","1","","","","","","","","","","","","","","","","","","","","","","","","",""
"Oak Integrated Care","Addiction Services","770 Woodlane Road","Suite 12","Mount Holly","NJ","08060","","Burlington","609-267-5928 x80502","https://www.oaksintcare.org","40.0119001","-74.8098024","SU","1","","","","1","","1","1","1","1","","","","","","1","","","1","","1","1","1","","1","","","","1","","","","","1","","1","1","","","","","","","","","","","","1","","","","","1","","","","","1","1","1","1","1","1","1","","","","","1","1","1","1","1","1","","1","1","1","1","1","1","1","1","1","","","","","","","1","1","1","1","1","1","","1","1","1","","1","","","1","1","1","1","1","","1","1","","","","1","1","1","1","1","1","1","1","1","1","","1","","1","1","1","","1","1","1","","","1","1","1","","1","1","1","1","1","1","1","","1","1","1","1","1","","1","","","","1","","","1","1","1","","1","1","","","1","1","1","1","","1","","","1","","1","","","","1","","","","","1","","","","","","","1","","","","1","","","","","","","","","","","","","","","","","","","","",""
"New Choices","Adolescent IOP/OP","10 Southard Street","","Trenton","NJ","08609","","Mercer","609-396-4557 x2437","https://www.catholiccharitiestrenton.org","40.2230729","-74.7557361","SU","1","","","","","","","","","","","","","","","","","","1","","1","1","1","","1","","","","1","","","","","","","1","1","","","","","","","","","","","","1","","1","","1","","","1","","","1","1","1","1","1","","1","1","1","1","1","1","","","","1","","1","","","","","1","","","1","1","","","","","","","1","1","1","","","1","1","1","1","1","","1","","1","1","","1","1","","","1","","","","1","1","1","1","1","","","","1","1","1","1","1","","1","1","1","","1","1","1","","1","1","1","1","","1","","","1","1","","","","","","","","","","1","","","","","","","1","","1","","1","","","","","","","1","","1","1","","","","1","","","","1","","","","","","","1","1","1","","","1","","","","","","","","","","","","","","","","","","","","","","","","","1"
"Gateway Day Treatment and IOP Program","","1 Centre Street","","Asbury Park","NJ","07712","","Monmouth","732-922-0591","https://www.gatewaydaytreatment.com","40.2316943","-74.0598288","SU","1","","","","","","1","","1","1","","","","","","1","","","1","","","1","1","","1","","","","1","","","","","","1","1","","","","","","","","","","","","","1","1","1","","","","","","","","1","1","","","","","","","","","","1","1","","","1","1","","1","1","1","1","1","1","1","1","","","","","","","","","1","","","1","","1","1","1","","","1","","","1","1","1","1","","","1","","","1","","1","1","1","1","1","","","","","","","","","1","1","1","","1","1","1","","1","","","1","","1","","","1","","","1","","","","","1","","1","","","","1","1","","","1","1","1","1","1","1","","","","1","1","1","","1","","","","","","","","","1","","","","","","","","","","","","1","","","","","","","","","","","","","","","","","","","","","","","","",""
"New Hope Integrated Behavioral Health","Adolescent Services","80 Conover Road","","Marlboro","NJ","07746","","Monmouth","732-946-3030 x2014","https://www.newhopeibhc.org","40.3451913","-74.227883","SU","1","1","","","1","1","1","1","1","1","","","","","","","","","1","","1","1","1","1","","","","1","","1","","1","","","","","","","","","","","","","","","","","1","","1","","","1","","","","","1","1","","1","1","1","1","1","1","1","","1","","","","1","","1","1","","","","1","1","1","","1","1","1","1","1","1","1","1","1","1","","1","","1","1","","","","1","","1","1","1","1","1","","","1","1","","1","","1","1","1","1","1","","1","1","1","1","1","1","1","1","1","1","1","1","1","1","1","1","1","1","1","","1","1","1","1","1","","1","","1","1","1","1","1","","1","","","","","","","","1","1","1","1","1","1","1","","1","","","","1","1","1","1","1","1","1","1","","1","","","","","","1","1","1","","1","","","","","","","","","","","","","","","","","","","","","","","","","","",""
"New Hope Integrated Behavioral Health","Adult Services","80 Conover Road","","Marlboro","NJ","07746","","Monmouth","732-946-3030","https://www.newhopeibhc.org","40.3451913","-74.227883","SU","1","1","","","1","1","1","1","1","1","","","","","","","","","1","","","1","1","","1","","","1","","1","","1","","","","","","","","","","","","","","","","","1","","1","","","1","","","","","1","1","","1","1","","1","1","1","1","","1","","","","1","","","1","1","1","","1","1","1","","1","1","1","1","1","1","1","1","1","1","","1","","1","1","","","","1","","","1","1","1","1","","","1","1","","1","","1","1","1","1","1","","1","1","1","1","1","1","","1","1","1","1","1","1","1","1","1","1","1","1","","1","1","1","1","1","","1","","1","1","1","1","1","","1","","","","","","","","1","1","1","1","1","1","1","","1","","","","1","1","1","","1","","1","1","","1","","","","","","1","1","1","","1","","","","","","","","","","","","","","","","","","","","","","","","","","",""
"Iron Recovery and Wellness Center","","144 Perry Street","","Trenton","NJ","08618","","Mercer","609-394-8988","https://www.ironwellness.org","40.2232468","-74.7629174","SU","1","","","","1","","1","1","1","","","","","","","1","","","1","","1","1","1","1","","","","","1","","","","","1","","1","1","","","","","","","","","","","","1","1","1","","","","","","","","1","1","1","1","1","","","1","","","1","1","1","1","1","1","1","","1","1","1","1","1","1","1","1","","","","","","","","1","1","1","1","1","1","1","1","1","1","","1","","","1","1","1","1","1","","1","","","","","1","1","1","1","","","","1","","","","1","","1","1","1","","1","1","1","","1","","","1","","1","","1","1","1","1","1","","1","1","1","1","1","","1","","1","1","1","","","1","","1","1","1","","","","","","1","1","","1","1","1","1","","","","","","1","","","","","","","","","1","1","","","","","","1","","","","","","","","","","","","","","","","","","","","",""
"HMH JSUMC","Addiction Recovery Services","61 Davis Avenue","","Neptune","NJ","07753","","Monmouth","732-643-4400","https://www.hackensackmeridianhealth.org/en/services/behavioral-health","40.2101182","-74.0385304","SU","1","","","","1","","1","1","1","1","","","","","","1","","","1","","1","1","1","1","","","","","1","","","","","1","","1","1","","","","1","","","","","","","","1","1","1","","1","","","","","","1","1","1","1","1","1","","","","1","","1","","","","","","","","","","","1","","","","1","","","","","","","1","1","1","1","","1","","1","","1","","1","","","1","1","1","1","1","","1","1","","1","","1","1","1","1","","","","","1","1","","","","1","","1","","1","1","1","","1","1","1","1","","","","1","1","1","","1","","1","1","1","1","1","","1","1","1","1","1","","","1","1","1","1","1","1","","","","1","","","1","1","","","","","","","","","1","","","","","","","","","","1","","","","","","","","","","","","","","","","","","","","","","","","","","",""
"Iron Recovery and Wellness Center","","132 Perry Street","","Trenton","NJ","08618","","Mercer","609-394-8988","https://www.ironwellness.org","40.223158","-74.7633981","SU","1","","1","","1","","1","1","1","1","1","","","","","","","1","1","","1","1","1","1","","","","","1","","","","","1","","1","1","","","","","","","","","","","","1","","1","","","1","","","","","1","1","1","1","1","","1","1","1","","1","1","1","1","1","1","1","1","1","1","1","1","1","1","1","1","","","","","","","","1","1","1","1","1","1","1","1","1","1","1","1","","1","1","","1","1","","","1","","","1","","","1","1","1","","","","1","1","1","1","1","","1","1","1","","1","1","1","","1","1","1","1","","1","","1","1","1","","1","1","1","1","1","1","","","1","","","","","","","1","1","1","1","1","","","","","","1","1","","1","1","1","1","","","","","","","","","1","1","","1","","","1","1","","","","","","1","","","","","","","","","","","","","","","","","","","","",""
"JSAS Healthcare Inc","","685 Neptune Boulevard","Suite 101","Neptune","NJ","07753","","Monmouth","732-988-8877","https://www.jsashealthcare.org","40.2197957","-74.0411202","SU","1","1","1","","1","","","1","","","1","","","","","","","1","1","","1","1","1","","1","","","","1","","","","1","1","","","","","","","","","","","","","","","1","","1","","","1","","","","","1","1","1","1","1","","1","1","","1","","1","","","","","","","1","1","1","","","","","","","","","","","1","","1","1","","","1","","1","1","1","","","1","","","1","1","1","1","","","1","","","1","1","1","1","1","1","","1","","1","1","1","","1","","1","1","1","1","1","1","1","1","1","1","1","1","","1","1","1","1","1","","","1","1","1","1","","","","1","","","","","","1","","","","","","","","","","","","1","","1","1","1","","1","","","","","1","","","1","1","1","1","1","1","","","","1","1","","","","","","","","","","","","","","","","","","","","","","","",""
"Morning Glory Behavioral Health","","645 Neptune Boulevard","","Neptune","NJ","07753","","Monmouth","732-918-9905 x112","https://www.mgbhpc.com","40.2198133","-74.0396974","SU","1","","","","","","1","1","1","1","","","","","","1","","","1","","1","1","1","","1","","","","1","","","","","1","","1","1","","","","","","","","","","","","1","1","1","","","","","","","","1","1","1","1","1","","","","","","","","","","","","","1","","","","","","","","1","","","","","","","1","1","1","","","1","1","","1","1","1","","1","","1","1","1","1","1","","","1","","","1","","1","1","1","1","1","","","1","1","1","","1","","1","1","1","","1","1","1","","1","","1","1","","1","","","1","","","1","","","","","1","","1","","","","","1","","","1","1","1","","1","","","","","","","1","","1","","","","","","","","","1","","","","","","","","","1","","","1","","","","","","","","","","","","","","","","","","","","","","","","",""
"Alternative Counseling Method LLC","","201 U.S. Highway 35","","Neptune","NJ","07753","","Monmouth","732-866-1700","https://www.alternativecounselingmethod.godaddysites.com/","40.2036786","-74.0270281","SU","1","","","","","","","","","","","","","","","1","","","1","","1","1","","","1","","","","1","","","","","","","1","1","","","","","","","","","","","","","","1","","","","","","","","1","1","","","","","","","","","","","1","1","1","1","1","","","1","1","1","","","","1","","","","","","","","1","1","1","","1","1","1","1","1","","","1","","","1","1","1","1","1","","1","","","1","","","1","1","1","","","","","1","1","","1","","","1","1","1","","1","","","","1","","1","","","","","","","","","","","","","","","1","","","","","1","","","1","","1","","1","","","","","","","1","","","1","","1","","","","","","","","","","","","","","","","","","1","","","","","","","","","","","","","","","","","","","","","","","","",""
"Preferred Behavioral Health Group","","848 West Bay Avenue","Suite C-1","Barnegat","NJ","08005","","Ocean","609-660-0197","https://www.preferredbehavioral.org","39.7568456","-74.2376954","SU","1","","","","1","","1","1","1","1","","","","","","1","","","1","","1","1","1","1","","","","","1","","","","","1","","1","1","","","","","","","","","","","","1","1","","","","1","","","","","1","1","1","1","1","1","1","1","1","","1","1","1","1","1","1","1","","1","1","1","","1","1","1","1","","","","","","","1","1","1","1","1","1","1","1","1","1","1","","1","","","1","1","1","1","1","","1","","","1","","1","1","1","1","","","","1","1","1","","1","","1","1","1","1","1","1","1","","","1","","1","","1","1","1","1","1","1","1","","1","1","1","1","1","","1","1","","","1","","","1","1","1","","1","","","","","","1","","","1","1","1","","","1","","","","1","","","","","1","","","","1","1","","","","","","","","","","","","","","","","","","","","","","","","","","",""
"Jewish Family and Childrens Services","Greater Monmouth County","705 Summerfield Avenue","","Asbury Park","NJ","07712","","Monmouth","732-774-6886","https://www.jfcsmonmouth.org","40.2182069","-74.011671","SU","1","","","","","","","","","","","","","","","1","","","1","","1","1","1","","","1","","","1","","","","","","","1","1","","","","","","","","","","","","1","1","1","","","","","","","","1","1","","","1","","1","","","","","1","","","","1","","","","","","","1","","","","","","","","","","1","1","1","1","1","","","","1","1","1","","1","","","1","1","1","1","","","1","","","1","","1","1","1","1","","","","1","","","","1","","1","","1","1","1","1","","","1","","","1","","","","1","1","","","","","","","","","","","1","1","1","","","","","1","","1","","1","","","","","","","1","","1","1","1","","","","","","","1","","","","","","","","","","","1","","","","","","","","","","","","","","","","","","","","","","","","","",""
"Guardian Recovery","Princeton Detox and Recovery Center","4287 U.S. Highway 1","","Monmouth Junction","NJ","08852","","Middlesex","609-554-5389","https://www.princetondetox.com","40.3726769","-74.5888617","SU","","1","","","","1","","1","1","1","","","","","","1","","","1","","","1","1","","1","","","1","","1","","1","","","","","","","","","","","","","","","","","1","","1","","1","","","","","","1","","","","1","","","","","1","","1","","","","","","","","1","1","","1","","","","1","1","1","1","1","1","1","1","1","1","","1","1","1","1","1","1","","1","","","1","1","1","1","","","1","1","","1","","1","1","1","1","1","","","1","1","1","1","1","","1","1","1","1","1","1","1","1","1","1","1","1","","1","1","1","1","1","1","1","","1","1","1","1","","1","","","1","1","1","","","","1","1","1","1","1","","1","1","1","","","1","1","1","1","1","1","","","","","1","","","","1","","1","1","1","1","","","1","","","","","","","","","","","","","","","","","","","","","","","","",""
"Stable Community Services","","513 High Street","","Burlington","NJ","08016","","Burlington","609-386-0650","https://www.stablecommunityservices.org","40.074837","-74.856501","SU","1","","","","1","","1","1","1","","","1","","","","1","","","1","","1","1","1","","1","","","","1","","","","","1","","1","1","","","","","","","","","","","","1","","1","","","","","","","","1","1","1","","","","","","","","","1","","","","","","","","","","","","","","","","","","","","","","1","1","1","1","1","","1","1","1","","","1","","","1","1","1","1","","","1","","","","","1","1","1","1","","","","1","","","","","","1","","1","","1","1","1","","","","","","","1","","","1","","","1","","1","","","1","","","1","","1","","","","","","1","","","","","","","","","","","","","","","","","1","","","","1","","","","","","","","","","","","1","","","","","","","","","","","","","","","","","","","","","","","","",""
"New Hope Integrated Behavioral Health","Epiphany House Outpatient","1110 Grand Avenue","","Asbury Park","NJ","07712","","Monmouth","732-946-3030","https://www.newhopeibhc.org","40.2233393","-74.0056597","SU","1","","","","1","","1","1","1","1","","","","","","","","","1","","","1","1","","1","","","","1","","","","","","","1","1","","","","","","","","","","","","1","","1","","","1","","","","","1","1","","1","1","1","1","1","1","1","","1","","","","1","","","1","1","","","1","1","1","","","","","","","","1","1","1","1","","","1","1","1","","","","1","","","1","1","1","1","","","1","","","","","1","1","1","1","","","1","1","1","1","","1","1","1","1","1","1","1","1","1","","","1","","1","","1","1","1","1","1","","1","","1","1","1","1","","","1","","","","","","","","1","1","1","1","","","","","","","","","1","1","","","","","","","","","","","","","","","","","","","","1","","","","","","","","","","","","","","","","","","","","","","","","",""
"Advanced Health and Education","","3 Corbett Way","","Eatontown","NJ","07724","","Monmouth","732-982-2674","https://www.advhealth.com","40.2744255","-74.0477755","SU","1","","","","","","","","","","","","","","","1","","","1","","","1","1","","1","","","","1","","","","","","1","1","1","","","","","","","","","","","","1","","1","","1","","","","","","1","","","","1","","","","","","","1","1","","","","1","","","1","1","1","1","","1","","1","","","","","","","1","1","1","","1","","","1","","","","1","","","1","1","1","1","","","1","","","1","","1","1","1","1","","","","","","","","","","1","","1","1","1","1","","","","","","1","","","1","1","1","","","","","","","","","","1","","1","","","1","","1","","","","","","","","","","","1","","","","1","","","","","","","","1","","","","","","1","","","","","1","","","","","","","","","","","","","","","","","","","","","","","","","","1"
"New Hope Integrated Behavioral Health","Epiphany House Asbury Park","300 4th Avenue","","Asbury Park","NJ","07712","","Monmouth","732-946-3030 x2252","https://www.newhopeibhc.org","40.2228477","-74.0034872","SU","1","","","","","","","","","","","1","","","","1","","","1","","","1","1","","1","","","1","","","1","","","","","","","","","","","","","","","","","","1","","1","","","1","","","","","1","","","1","1","","1","1","1","","","1","","","","1","","","1","1","","","1","1","1","","","","","","","","1","1","1","1","","1","","1","1","","","","1","1","","1","1","1","","","","1","","","","1","1","1","1","1","","1","1","1","1","1","","1","","1","1","1","1","1","1","1","","1","1","","1","","1","1","1","1","1","","1","","","","","","","","1","","","1","1","","","1","","1","1","1","","","","","","","","","1","1","","","","","","","","","","","","","","","","","","","","1","","","","","","","","","","","","","","","","","","","","","","","","",""
"Recovery Innovations Inc","","7 Meridian Road","Suite 102","Eatontown","NJ","07724","4247","Monmouth","732-380-7061","https://www.recoveryinnovations.com","40.2787838","-74.0514559","SU","1","","","","","","","","","","","","","","","1","","","1","","","1","1","","1","","","","1","","","","","","","1","1","","","","","","","","","","","","1","","1","","","","","","","","1","1","1","","1","","1","","","","","","","","","","","","","1","1","","","","","","","","","","","","1","1","1","1","1","1","1","1","1","1","1","","1","","1","1","1","1","1","","","1","","","1","","1","1","1","1","","1","","1","1","1","","1","","1","","1","","1","1","1","","1","1","","1","","1","","","1","1","","","","","","","","","","1","","","","1","","","1","","1","","1","","","","","","","1","","1","","","","","","","","","1","","","","","","","","","1","","","1","","","","","","","","","","","","","","","","","","","","","","","","",""
"Pathways Treatment Center","","309 West Broad Street","","Burlington","NJ","08016","","Burlington","267-789-5645","https://pathwaystreatmentcenter.com/","40.0759705","-74.8653473","SU","1","","","","1","","1","1","1","1","","","","","","1","","","1","","1","1","1","","1","","","","1","","","","","1","1","1","1","","","","","","","","","","","","1","","1","","1","","","","","","1","","","","1","1","","","","","","1","1","1","1","1","1","","1","1","1","1","1","1","1","1","","","","","","","","1","1","1","1","1","1","1","1","1","1","","1","","","1","1","1","1","","","1","","","1","","1","1","1","1","","","","1","1","1","1","1","","1","1","1","1","1","1","1","1","1","1","1","1","","1","","1","","","1","1","","1","1","1","1","1","1","","1","","1","","","","","1","","1","","1","","","","1","1","1","1","1","1","1","1","","1","","","","","","","","1","","1","1","1","","","","1","","","","1","","","","","","","","","","","","","","","","","","","","","1"
"Positive Reset Recovery Center","","6 Cornwall Court","","East Brunswick","NJ","08816","","Middlesex","732-955-4141","https://www.positivereset.com/","40.4124445","-74.4217065","SU","1","","","","1","","1","1","1","","","","","","","1","","","1","","1","1","","","1","","","","1","","","","","1","","1","1","","","","","","","","","","","","1","","","","","","","","","","1","1","1","1","1","1","","","","","","1","1","1","1","1","1","","","1","1","1","","","","","","","","","","","","1","1","1","","","1","1","1","1","1","","1","","","1","1","1","1","","","1","1","","1","","","1","1","1","","","","","","","","","","","","1","1","","1","","","","","","1","","","","","","","1","1","","1","","1","1","1","1","","","1","1","","","","1","1","","1","","","","","","","1","1","","","","","","","","","","","","","","","","","","","","","","","1","","","","1","","","","","","","","","","","","","","","","","","","","",""
"Regain Recovery LLC","DBA Willow Ridge Recovery Center","242 Holmdel Road","Suite 2B","Holmdel","NJ","07733","","Monmouth","973-487-6561","https://willowridgerecovery.com/","40.3745223","-74.1910643","SU","1","","","","1","","1","1","1","1","","","","","","","","","1","","1","1","1","","1","","","","1","","","","","1","1","1","1","","","","","","","","","","","","","","1","","","","","","","","1","","","","1","","","","","1","","1","1","1","1","1","1","","1","1","1","1","1","1","1","1","1","","","","","","1","1","1","1","1","1","1","1","1","1","","","1","","","1","1","1","1","","","1","1","","1","","1","1","1","1","1","","","","1","1","","","","1","1","1","","1","1","1","","","1","","1","","1","1","","1","1","","1","","1","1","1","1","1","1","","1","","","","","","","1","","1","","","","","","","1","","","1","1","","","","","","","","1","","","","","","","","","","","","1","","","","","","","","","","","","","","","","","","","","","","","","",""
"Stress Care of New Jersey LLC","","4122 Route 516","","Matawan","NJ","07747","","Monmouth","732-679-4500","https://www.stresscareclinic.com","40.406923","-74.2775813","SU","1","","","","1","","","1","","","","","","","","","","","1","","1","1","1","","1","","","","1","","","","","1","1","1","1","","","","","","","","","","","","","","1","","1","","","","","","1","1","1","1","1","1","","1","","","1","1","1","1","1","1","1","1","1","1","1","1","1","1","1","1","","","","","","","1","1","1","1","1","","","","1","1","","","","","1","1","1","1","1","","","1","","","","","1","1","1","1","","","","","","","","1","","1","1","1","","1","1","1","","","","","1","","1","","1","1","1","","","","","1","1","","","1","","","","","","","1","","","","","","","","","","","1","","","","1","","1","","","","","","1","","","","","","1","","","1","","","1","","","","","","","","","","","","","","","","","","","","","","","","",""
"Seacrest Recovery Center","New Jersey","162 Main Street","","Eatontown","NJ","07724","3427","Monmouth","732-837-3323","https://www.seacrestrecoverycenternj.com","40.3092836","-74.0644585","SU","1","","","","1","","","1","1","1","","","","","","1","","","1","","","1","1","","1","","","","1","","","","","1","1","1","1","","","","","","","","","","","","1","1","1","","1","","","","","","1","","","","1","","","","","","","1","","","","","","","","1","","","1","","","1","1","","","","","","","1","1","1","","1","","","1","1","","","1","","","1","1","1","1","","","1","1","","1","","1","1","1","1","","","","","1","1","1","1","","1","1","1","","1","1","","1","1","1","1","1","","1","1","1","1","1","","1","","1","","1","1","1","1","","","1","","","","","1","1","","","","1","","","","1","","","1","1","1","","1","","","","","","1","","","","","","1","1","1","","","","1","","","","","","","","","","","","","","","","","","","","","","","","",""
"CPC Integrated Health","Aberdeen Counseling Center","1088 State Route 34","","Matawan","NJ","07747","","Monmouth","732-290-1700","https://www.cpcintegratedhealth.org","40.3986308","-74.2283916","SU","1","","","","1","","1","1","1","1","","","","","","1","","","1","","1","1","1","","1","","","","1","","","","","1","","1","1","","","","","","","","","","","","","","1","","1","","","","","","1","1","1","","1","1","1","1","","1","1","1","","","","","","","","1","1","","1","1","1","1","1","","","","","","","1","1","1","1","","1","1","1","1","1","","1","","","1","1","1","1","","","1","1","","","","1","1","1","1","1","1","1","1","1","1","1","1","","1","1","1","","1","1","1","1","1","1","1","1","","1","1","1","1","1","","1","","1","1","1","1","","","1","1","","1","1","","","1","1","1","1","1","1","","","","1","","","1","1","1","","","","1","","","","1","","","","","1","","1","1","","","","1","","","1","","","1","","","","","","1","","","","","","","","","","","","",""
"Reprieve Recovery Center LLC","","20 Scotch Road","2nd Floor","Trenton","NJ","08628","","Mercer","609-657-9118","https://www.reprievetreatmentnj.com/","40.2648424","-74.8009816","SU","1","","","","","","1","","1","1","","","","","","1","","","1","","1","1","1","","1","","","","1","","","","","1","1","1","1","","","","","","","","","","","","1","","1","","1","","","","","","1","","","","1","1","","","","","","1","1","1","1","1","1","","","1","1","1","1","1","1","1","1","","","","","","","1","1","1","1","1","1","1","1","1","","","1","","","1","1","1","1","","","1","1","","1","","1","1","1","1","","","","1","1","1","1","","","1","1","1","1","1","1","1","1","1","1","","1","","1","1","1","1","1","","1","","","","","1","","1","","","","1","","","","1","1","","1","","1","1","1","1","1","1","1","1","1","1","","1","","1","","","","1","1","","","","","1","1","1","1","","","1","","","","","","","","","","","","","","","","","","","","","","","","",""
"Counseling Center at Monmouth Junction","","1100 Cornwall Road","Suite 111","Monmouth Junction","NJ","08852","","Middlesex","561-459-5737","https://www.thecounselingcenter.com/locations/monmouth-junction-nj/","40.4169513","-74.5297891","SU","1","","","","","","","1","1","1","","","","","","","","","1","","1","1","1","","1","","","","1","","","","","1","1","1","1","","","","","","","","","","","","1","1","1","","1","","","","","","1","","","","1","1","","","","","","","","","","","","","","","","","","","","","","","","","","","","1","1","1","1","1","1","1","1","1","1","","1","","1","1","1","1","1","","","1","","","1","","1","1","1","1","","1","","","1","1","1","1","","1","1","1","1","1","1","1","","","1","","1","","","","1","1","1","","1","","1","1","1","1","","1","","","","","","","","1","1","1","1","1","","","","","","","1","","1","1","1","1","","","","","","1","","","","1","","1","","","","","","1","","","","","","","","","","","","","","","","","","","","","","","","",""
"Unity Place of Monmouth County LLC","","1075 Stephenson Avenue","Suite C","Oceanport","NJ","07757","","Monmouth","848-208-2636 x333","https://www.unityplacemc.com","40.3082493","-74.0391849","SU","1","","","","1","","1","1","1","1","","","","","","1","","","1","","1","1","1","","1","","","","1","","","","","1","1","1","1","","","","","","","","","","","","1","1","1","","","","","","","","1","1","1","","1","1","","1","","","","1","","","","1","1","","","1","1","","1","1","1","1","1","","","","","","1","1","1","1","","1","1","1","1","1","1","","1","","","1","1","1","1","","","1","1","","1","","1","1","1","1","1","","","1","1","1","","1","","1","1","1","","1","1","1","","1","1","1","1","","1","1","1","1","","","1","","1","","1","1","","1","","1","1","1","","","","","1","","1","","1","","","","1","","1","","1","","","","","","","","","1","","","","","","","","","1","","","1","","","","","","","","","","","","","","","","","","","","","","","","",""
"Grace Abounds Counseling and","Psychological Consulting LLC","114 State Route 34","","Matawan","NJ","07747","","Monmouth","732-696-8162","https://www.graceaboundsrecovery.com","40.4260559","-74.2924101","SU","1","","","","","","","","","","","","","","","1","","","1","","1","1","1","","1","","","","1","","","","","","1","1","1","","","","","","","","","","","","1","","1","","","","","","","","1","1","1","1","1","1","","","","","","1","","","","","","1","","","","","1","","1","","","","","","","","","1","1","1","1","1","1","1","1","1","1","","1","","1","1","","1","1","","","1","","","1","","","1","1","1","","1","","","","","","","","","","1","","1","1","","","","","","","","","","","1","","","","","","","","","","1","","1","","1","","","","1","","","1","","","","","","","","1","","1","1","","1","","","","","","","","","","","","","","","","","","1","","","","","","","","","","","","","","","","","","","","","","","","",""
"Veronica Mullin LCADC LCSW","","141 Highway 34","","Matawan","NJ","07747","2648","Monmouth","800-810-2070","https://www.extracarehealth.com","40.4256308","-74.289398","SU","1","","","","","","","","","","","","","","","1","","","1","","1","1","1","","1","","","","1","","","","","","","1","1","","","","","","","","","","","","","","","","","","","","","","1","","1","","1","","","1","","","","1","1","1","1","1","1","1","1","1","1","1","1","1","1","1","","","","","","","1","1","1","1","1","1","1","1","1","1","1","","1","","1","1","1","1","1","1","","1","","","","","1","1","1","1","","1","","","1","1","","","1","1","1","1","1","1","1","1","","","1","","1","","","","1","","1","","","","","","","","","1","","1","1","","1","","","1","","1","","1","","","","","","1","","","","","1","","","","","","","","","","","","","","","","1","","","1","","","","","","","","","","","","","","","","","","","","","","","","","1"
"Extracare Counseling Centers LLC","","141 Route 34","P.O. Box 506","Matawan","NJ","07747","","Monmouth","732-721-3835","https://www.extracarehealth.com","40.4256308","-74.289398","SU","1","","","","","","","","","","","","","","","1","","","1","","1","1","1","","1","","","","1","","","","","","","1","1","","","","","","","","","","","","","","","","","","","","","","1","","","","1","","","1","","","1","1","1","","","1","1","1","1","1","1","1","1","1","1","1","","","","","","","1","1","1","1","1","1","1","1","1","1","1","","1","","1","1","","1","1","1","","1","","","1","","1","1","1","1","","","","","1","1","","1","","1","1","1","1","1","1","1","","","1","","1","","","","1","1","","","","","","","","","","1","","1","","","1","","","1","","1","","1","","","","","","1","","","1","1","1","1","","","","","","","","","","","","","","","1","","","1","","","","","","","","","","","","","","","","","","","","","","","","","1"
"YMCA Of New Jersey Shore","","166 Main Street","","Matawan","NJ","07747","","Monmouth","732-290-9040","https://ymcanj.org","40.4130264","-74.2312534","SU","1","","","","","","","","","","","","","","","1","","","1","","1","1","1","","1","","","","1","","","","","","","1","1","","","","","","","","","","","","1","1","1","","","","","","","","1","1","1","1","1","1","1","","1","","","1","1","1","1","1","1","","1","1","1","1","1","1","1","1","","","","","","","1","1","1","1","1","","1","","1","1","1","","1","","1","1","1","1","1","1","","","","","1","","1","1","1","1","","1","","","1","1","","1","","1","","1","","1","1","1","","","1","","1","","","","","1","1","","","","","","","","","","1","","","","1","","1","","","","","","","","","","","1","","","1","","","","","","","","","1","","","","","","","","","1","","","1","","","","","","","","","","","","","","","","","","","","","","","","",""
"Penn Medicine Princeton House","Behavioral Health","905 Herrontown Road","","Princeton","NJ","08540","","Mercer","609-497-3300","https://www.princetonhouse.org","40.3886932","-74.6534922","SU","1","1","","","","","1","1","1","1","","","","","","1","","","1","","","1","1","","1","","1","","","","","","","","","","","1","1","","1","","","","","","","","1","1","1","1","1","","","","","","1","1","1","","1","1","","","","1","1","1","1","1","1","","","","","","","","1","1","","","1","1","1","","","1","","1","1","1","","1","1","","1","","","","1","","","1","1","1","1","","","","1","","1","","1","1","1","1","","1","","","1","1","1","","","1","","1","1","1","1","1","1","1","1","1","1","","","1","1","1","1","","1","","1","1","1","1","","","1","1","","","1","","","","1","1","","1","1","","1","","1","","","1","1","","","","1","","1","1","","1","","","","","","1","1","1","1","1","","","","","1","","","1","","","","","","1","","1","","1","","1","","1","1","","","",""
"Ambrosia of Medford LLC","","283 Old Marlton Pike","","Medford","NJ","08055","","Burlington","609-678-0370","https://www.pinelandsrecovery.com","39.8918259","-74.8609156","SU","1","1","","","1","1","1","1","1","1","","","","","","1","","1","1","","1","1","1","","1","","","1","","1","","1","","","","","","","","","","","","","","","","","1","","","","1","","","","","","1","","","","1","","","","","","","1","1","","","","1","","","","","","","","","","1","1","1","","","1","1","1","1","1","1","1","1","","1","1","1","","1","","","1","1","1","1","","","1","1","","1","","1","1","1","1","1","","","","1","1","1","","","1","1","1","1","1","1","1","1","1","1","1","1","","1","1","1","1","1","","1","","1","1","1","1","1","1","","1","","1","","","","1","1","","1","","1","1","1","1","1","","","1","1","1","1","1","1","","","","","1","1","","1","1","","1","1","1","1","","1","","","","","1","","","","","","","","","","","","","","","","","","","","",""
"Pinelands Recovery Center of Medford","","285 Old Marlton Pike","","Medford","NJ","08055","","Burlington","609-678-0370","https://www.pinelandsrecovery.com","39.8922054","-74.8619067","SU","1","1","","","1","1","1","1","1","1","","","","","","1","","1","1","","1","1","1","","1","","","1","","1","","1","","","","","","","","","","","","","","","","","1","","","","1","","","","","","1","","","","1","","","","","","","1","","","","","","","","","","","","","","1","1","1","1","","","1","1","1","1","1","1","1","1","","1","1","1","","1","","","1","1","1","1","","","1","1","","1","","1","1","1","1","1","","","","1","1","1","","","1","1","1","1","1","1","1","1","1","1","1","1","","1","1","1","1","1","","1","","1","1","1","1","1","1","","1","","1","","","","1","1","","1","","1","1","1","1","1","","","1","1","1","1","1","1","","","","","1","1","","1","1","","1","1","1","1","","1","","","","","1","","","","","","","","","","","","","","","","","","","","",""
"New Hope Integrated Behavioral Health","Epiphany House Long Branch","373 Brighton Avenue","","Long Branch","NJ","07740","","Monmouth","732-870-9113","https://www.newhopeibhc.org/","40.2882484","-73.9973825","SU","1","","","","","","","","","","","1","","","","1","","","1","","","1","1","","1","","","1","","","1","","","","","","","","","","","","","","","","","","1","","1","","","1","","","","","1","","","1","1","","1","1","1","","","1","","","","1","","","1","1","","","1","1","1","","","","","","","","1","1","1","1","","1","","1","1","","","","1","","","1","1","1","","","","1","","","","","1","1","1","1","","","1","1","1","1","","1","","1","1","1","1","1","1","1","","1","1","","1","","1","1","1","1","1","","1","","","","","","","","1","","","1","1","","","1","","1","1","1","","","","","","","","","1","1","","","","","","","","","","","","","","","","","","","","1","","","","","","","","","","","","","","","","","","","","","","","","",""
"Laszlo Center 4 Hope and Healing","","367 Old Bridge Turnpike","","East Brunswick","NJ","08816","2349","Middlesex","732-794-3629","https://www.laszlo4therapy.com","40.449254","-74.3954145","SU","1","","","","","","","","","","","","","","1","","","","1","","1","1","1","","1","","","","1","","","","","","","","1","","","","","","","","","","","","","","1","","","","","","","","1","","","","1","","","","","","","1","1","","1","1","","1","1","1","1","","1","1","","1","","","","","","","1","1","1","1","1","","1","","1","1","","","1","","1","1","1","1","1","1","","1","","","1","","","1","1","1","","1","","","","","","1","","1","","1","","1","1","1","","","","","1","","","","","1","","","","","","","","","","1","","1","","","","","1","","","","","","","","","","","","","","","","","1","","","","","","","","","","","","","","","1","","","1","","","1","","","","","","","","","","","","","","","1","","","","","","",""
"CPC Integrated Health","Program of Assertive Community Trt","270 Highway 35","","Red Bank","NJ","07701","","Monmouth","732-842-2000","https://www.cpcintegratedhealth.org","40.3659331","-74.0839393","SU","1","","","","1","","1","1","1","1","","","","","","1","","","1","","1","1","1","","1","","","","1","","","","","1","","","1","","","","","","","","","","","","","","1","","1","","","","","","1","1","1","","1","1","1","1","","1","1","1","","","","","","","","1","1","","1","1","1","","1","","","","","","","1","1","1","1","","1","1","1","1","1","","1","","","1","1","1","1","","","1","1","","","","1","1","1","1","1","1","1","1","1","1","1","1","","1","1","1","","1","1","1","1","1","1","1","1","","1","1","1","1","1","","1","","1","1","1","1","","","1","1","","1","1","","","1","1","1","1","1","1","","","","1","","","1","1","1","","","","1","","","","1","","","","","1","","1","1","","","","1","","","1","","","","","","","","","","","","","","","","","1","","","","","1"
"Daniel Struble LCSW LCADC","","32 Village Court","","Hazlet","NJ","07730","","Monmouth","732-335-1675","https://www.grateful-therapy.com","40.4156876","-74.1756257","SU","1","","","","","","","","","","","","","","","1","","","1","","1","1","1","","","1","","","1","","","","","","","","1","","","","","","","","","","","","","","","","","","","","","","1","1","1","","1","","","1","","","","1","","","","1","","1","","1","1","","1","1","1","","","","","","","","1","1","1","1","1","","1","","1","1","1","","1","","1","1","1","1","1","1","","1","","","1","","1","1","1","1","","1","","","","","","1","","1","1","1","","1","1","1","","","1","","1","","","","","1","1","","","","","","","","","1","","1","","","1","","","1","","1","","1","","","","","","","1","","1","1","1","1","","","","","","","","","","","","","","","1","","","1","","","","","","","","","","","","","","","","","","","","","","","","","1"
"Middletown Medical LLC","","600 State Route 35","","Red Bank","NJ","07701","","Monmouth","732-706-1300","https://www.pinnacletreatment.com","40.3811138","-74.0929868","SU","1","","1","","1","","","1","","","1","","","","","","","1","1","","1","1","1","","1","","","","1","","","","","1","","1","1","","","","","","","","","","","","","","1","","","1","","","","","1","1","1","1","1","","","","","1","","","","","","","","","","","","","","","","","","","","","","","","1","1","1","","","1","1","1","","","","1","","","1","1","1","1","","","1","","","1","","","1","1","1","","","","","1","","1","","","1","","1","","","1","","","1","","1","1","","","","1","1","1","","","1","","1","","","1","1","","","","","","1","","","","","","","","","","","","","1","","1","1","","","","","","","","1","","","1","1","1","1","","1","","","","1","1","","","1","","","","","","","","","","","","","","","","","","","","",""
"New Life Medical Detoxification LLC","","773 East Route 70","Suite E-100","Marlton","NJ","08053","","Burlington","856-942-3700","https://www.Newlifecenters.com","39.8913354","-74.881168","SU","1","1","","","1","1","1","1","1","1","","","","","","1","","1","1","","1","1","","","1","","","","1","","","","1","1","1","1","1","","","","","","","","","","","","1","","1","","1","","","","","","1","1","1","","1","","","","","","","1","1","1","1","1","1","","","1","1","1","","","","1","1","1","","","","1","1","1","1","1","1","1","1","1","1","","1","","1","","","1","1","1","1","","","1","1","","1","","1","1","1","1","1","","","","1","1","","1","","1","1","1","1","1","1","1","","1","1","1","1","","","1","1","1","1","","1","","1","1","1","1","1","1","","","","1","","","","1","1","1","","1","1","","1","1","1","1","1","","1","1","","","1","","","","","1","","","","1","","1","","","1","","","1","","","","1","","","","","","","","","","","","","","","","","","","","",""
"New Hope Integrated Behavioral Health","Philip House","190 Chelsea Avenue","","Long Branch","NJ","07740","","Monmouth","732-870-8500","https://www.newhopefoundation.org","40.3007544","-73.987128","SU","1","","","","1","","1","1","1","1","","1","","","","1","","","1","","1","1","1","","1","","","1","1","","1","","","1","","1","1","","","","","","","","","","","","1","","1","","","1","","","","","1","","","1","1","1","1","1","1","1","1","1","","","","1","","","","","1","","1","1","1","","","","","","","","1","1","1","1","","1","","1","1","","","","1","","","1","1","","1","","","1","","","","","1","1","1","1","","","1","1","1","1","","1","","1","1","1","1","1","1","1","","1","1","","1","","1","1","1","1","1","","1","","1","1","1","1","","","1","","","1","1","","","","1","1","1","1","","","","","","","","","1","1","","","","","","","","","","","","","","","","","","","","1","","","","","","","","","","","","","","","","","","","","","","","","",""
"Harbor Wellness and Recovery Ctr LLC","","2139 Highway 35 North","Suite 120","Holmdel","NJ","07733","","Monmouth","855-698-3554","https://www.harborwellnesscenter.org","40.4159268","-74.157232","SU","1","","","","1","","1","1","1","","","","","","","1","","","1","","1","1","1","","1","","","","1","","","","","1","1","1","1","","","","","","","","","","","","1","1","1","","1","","","","","","1","1","","1","1","1","","","","","","1","1","1","1","","1","","","1","1","","1","","","1","","","","","","","1","1","1","1","1","1","1","1","1","1","1","","1","","","1","1","1","1","1","","1","","","1","","1","1","1","1","","","","1","1","1","1","1","","1","1","1","1","1","1","1","1","","1","","1","","1","","1","1","1","1","1","","1","1","1","1","1","1","","1","1","","","","","1","1","","1","","","","","","","1","1","","1","1","1","1","","","","","","1","","","","","","","1","1","","","","1","","","","","","","","","","","","","","","","","","","","","","","","",""
"Diamond Counseling Center","","2186 NJ- 27","Suite 1C","North Brunswick","NJ","08902","","Middlesex","732-248-1805","https://","40.4559883","-74.512823","SU","1","","","","","","","","1","1","","","","","","1","","","1","","1","1","1","","1","","","","1","","","","","1","","1","1","","","","","","","","","","","","1","","1","","","","","","","","1","1","","1","1","","","1","","","","1","1","","","1","1","","1","1","1","","1","1","1","1","","","","","","","","1","1","1","1","1","1","","1","1","","","1","","","1","1","1","1","","","1","","","1","","1","1","1","1","","","","1","","1","","1","","1","1","1","1","1","1","1","","1","","","1","","1","","1","1","1","","1","","","","","1","","1","","","","1","1","","","1","1","","1","","","","","","","1","1","","1","1","1","","","","","","","1","","","","","","","","","","","","1","","","","","","","","","","","","","","","","","","","","","","","","",""
"Central Jersey Comprehensive Treatment","Habit Opco LLC","111 State Route 35","Suite 7","Cliffwood","NJ","07721","1515","Monmouth","732-727-2555","https://www.ctcprograms.com/location/central-jersey-comprehensive-treatment-center/","40.4416748","-74.2305883","SU","1","","1","","1","","","1","","","1","","","","","","","1","1","","1","1","1","","1","","","","1","","","","","1","","1","1","","","","","","","","","","","","1","","1","","","1","","","","","1","1","1","1","1","","1","","","1","1","1","1","","","1","1","","1","1","1","1","1","","","","","","","","","","","1","1","1","1","","1","1","1","1","1","","1","","","1","1","1","1","","","1","","","1","","1","1","1","1","","","","","1","1","1","1","","1","1","1","1","1","1","1","1","1","1","1","1","","","","1","1","1","","","1","","1","1","","1","1","","1","","","","","1","","","","","","","","","","","1","1","1","1","1","1","","","","1","1","","1","","","1","1","","1","1","1","","","","1","","","1","1","","","","","","","1","","","","","","","","1","1","","","","",""
"Center for Great Expectations","Roots to Recovery","984 Bergen Avenue","","North Brunswick","NJ","08902","","Middlesex","732-993-6403","https://www.cge-nj.org","40.4708619","-74.4670145","SU","1","","","","1","","1","1","1","1","","","","","","1","","","1","","1","1","1","","1","","","","1","","","","","1","","1","1","","","","","","","","","","","","1","1","1","","","1","","","","","1","1","1","1","1","","1","1","","","1","1","1","","","1","1","","1","1","1","","1","1","1","1","1","","","","","","1","1","1","1","1","","","","1","1","","","1","","","1","1","1","1","1","","1","","","","","1","1","1","1","1","1","","1","1","1","","1","","1","1","1","","1","1","1","","","1","","1","","1","1","1","1","1","","1","","1","1","1","1","","","1","","","1","","","","1","1","","","","","","","","","1","1","","1","1","1","","","","","","","1","","","","","1","","","","","","","1","","","","","","","","","","","","","","","","","","","","","","","","",""
"Recovery Centers of America","Raritan Bay Inpatient","901 Ernston Road","","South Amboy","NJ","08879","","Middlesex","732-585-1815","https://recoverycentersofamerica.com/locations/raritan-bay/","40.4627762","-74.2806526","SU","1","1","1","1","1","1","1","1","1","1","1","","","","","1","","1","1","","1","1","1","","1","","","1","1","1","1","1","1","1","1","1","1","","","","","","","","","","","","1","1","1","1","1","1","","","","","1","","","1","1","1","","","","","1","1","1","1","1","1","1","","1","1","1","1","1","1","1","1","1","1","1","1","1","1","1","1","1","1","1","1","1","1","1","1","1","","1","","","1","1","1","1","","","1","1","","1","","1","1","1","1","1","","","1","1","1","1","1","","1","1","1","1","1","1","1","1","1","1","1","1","","1","1","1","1","1","1","1","1","1","1","1","1","1","1","","1","1","1","1","","","1","1","1","1","1","1","1","1","","1","1","","1","1","1","","1","1","","1","1","","1","1","","1","1","","1","1","1","1","","","1","","","","1","","","","","","","","","","","","","","","","","","","","",""
"Laurel Healing Center","","801 A Birchfield Drive","","Mount Laurel","NJ","08054","","Burlington","856-200-8416","https://www.laurelcenter.com","39.9355","-74.9335","SU","1","","","","","","","1","","","","","","","","1","","","1","","1","1","1","","1","","","","1","","","","","","1","1","1","","","","","","","","","","","","1","","1","","","","","","","","1","","","","1","","","1","","","","1","1","1","1","1","1","1","1","1","","1","1","1","1","1","","","","","","","","1","1","1","1","1","1","1","1","1","1","1","1","","1","1","1","1","","","","1","","","1","","","1","1","1","","1","","1","1","1","1","1","","","1","1","1","1","1","1","1","","1","","1","","1","1","1","1","1","1","","","1","1","","","1","1","","","","1","1","","","1","","","1","","","","","","","1","","","1","1","1","1","","1","","","","","","","","","","","1","1","1","","","1","","","","","","","","","","","","","","","","","","","","","","","","",""
"Blum and Associates LLC","","74 East 2nd Street","2nd Floor","Moorestown","NJ","08057","","Burlington","856-304-2469","https://www.johnjblum.com","39.9659826","-74.9448039","SU","1","","","","","","","","","","","","","","","1","","","1","","","1","1","1","","","","","1","","","","","","","","1","","","","","","","","","","","","1","1","","","","","","","","","1","","","","1","","","","","","","1","1","1","1","","1","","1","1","1","","1","","","1","","","","","","","","1","","","","1","1","","1","1","","","1","","","1","1","1","1","","","1","","","","","1","1","1","1","","","","","","","","","","1","","1","","1","1","1","","","","","1","","","","","1","1","","","","","","","","","1","","1","","","1","","","1","","1","","1","","","","","","1","","","","","","","","","","","","","","","","","","","","","","1","","","","","","","","","","","","","","","","","","","","","","","","","","",""
"Core Outpatient Services LLC","","540 Bordentown Avenue","Suite 203","South Amboy","NJ","08879","","Middlesex","732-963-2626","https://www.rehabangels.org/rehab/core-outpatient-services-llc-1382220","40.4753081","-74.2866776","SU","1","","","","1","","1","1","1","1","","","","","","1","","","1","","1","1","1","","1","","","","1","","","","","1","","1","1","","","","","","","","","","","","1","","1","","","","","","","","1","1","","1","","","","1","","","","1","1","","","1","","","1","1","1","1","1","1","1","1","1","","","","","","1","1","1","1","1","1","1","1","1","1","1","","1","","","1","1","1","1","","","1","1","","1","","1","1","1","1","1","1","","1","1","1","","1","","1","1","1","1","1","1","1","","1","1","","1","","1","1","1","1","1","1","1","","1","1","1","1","1","1","","1","","1","1","","","1","1","1","1","1","","","","","","","1","","1","1","1","1","","1","","","","1","","","","","","","","","","","","1","","","","","","","","","","","","","","","","","","","","","","","","",""
"Veritas Recovery Center","","540 Bordentown Avenue","Suite 4500","South Amboy","NJ","08879","","Middlesex","732-721-1000","https://veritasrecoverycenter.com","40.4753081","-74.2866776","SU","1","1","","","1","1","1","1","1","1","","","","","","1","","","1","","","1","1","","1","","","1","","1","","1","","","","","","","","","","","","","","","","","1","","1","","","","","","","","","1","","1","","","","1","","","","1","1","","","1","1","","1","1","1","1","1","1","1","1","","1","1","1","1","1","1","1","1","1","1","1","","1","1","1","1","","1","","","1","1","1","1","","","1","","","1","","1","1","1","1","","","","1","1","1","1","1","","1","","1","1","1","1","1","","1","1","1","1","","1","1","1","1","1","1","1","","1","1","1","1","1","1","","1","1","","","","","1","1","","1","","1","1","1","","1","1","1","","1","1","","","1","","","","","1","","","","","","1","","1","","","","1","","","","1","","","","","","","","","","","","","","","","","","","","",""
"Guardian Intensive Outpatient Program","New Brunswick","152 Livingston Avenue","","New Brunswick","NJ","08901","","Middlesex","732-532-3928","https://www.guardianiop.com","40.4879311","-74.4491837","SU","1","","","","","","1","","","1","","","","","","1","","","1","","1","1","1","","1","","","","1","","","","","1","","1","1","","","","","","","","","","","","1","1","1","","1","","","","","","1","1","","","1","","","","","1","","1","","","","","","","","1","1","","1","","","","","","","","","","1","1","1","1","","1","1","1","1","1","1","","1","","","1","1","1","1","","","1","","","1","","1","1","1","1","","","","1","1","1","","1","","1","1","1","1","1","1","1","","1","1","1","","","1","","1","1","1","","1","","","","","1","","1","","","1","1","1","","","","1","1","1","1","","","","","","","","","1","1","1","1","","","","","","1","","","","","","1","","","1","","","1","","","","","","","","","","","","","","","","","","","","","","","","",""
"Damon House Inc","Damon House Inpatient Facility","105 Joyce Kilmer Avenue","","New Brunswick","NJ","08901","","Middlesex","732-828-6002","https://www.damonhouse.org","40.4894442","-74.4515875","SU","1","","","","1","","","1","1","","","","","","","1","","","1","","1","1","1","","1","","","1","","","1","","","","","","","","","","","","","","","","","","1","","1","","","1","","","","","","1","","1","","","1","","1","","","1","1","","1","1","1","","","1","1","1","1","1","1","1","1","","","","","","","1","1","1","1","1","1","","1","1","1","","1","","","1","1","1","1","1","","1","1","","1","","1","1","1","1","","","1","1","1","1","1","1","","1","","1","1","1","1","1","1","","1","1","1","","1","1","1","1","1","","1","","1","1","1","1","1","","1","","","1","","","","","1","","1","","1","1","1","","1","1","1","1","1","1","","","","1","1","1","","1","","","","","","1","1","1","1","1","","","","","","","","","","","","","","","","","","","","","","","","","","",""
"New Brunswick Counseling Center","","320 Suydam Street","","New Brunswick","NJ","08901","","Middlesex","732-246-4025 x109","https://www.nbcounselingcenter.org","40.4912111","-74.4517928","SU","1","","1","","1","","","1","1","1","1","","","","","1","","1","1","","1","1","1","","1","","","","1","","","","","1","","1","1","","","","","","","","","","","","1","1","1","","","1","","","","","1","1","1","","1","","1","","","","1","1","1","1","1","1","1","1","1","1","1","1","1","1","1","1","","","","","","","","1","1","1","1","","1","","1","","1","","1","","1","1","1","1","1","1","","1","","","","1","1","1","1","1","","","1","","1","1","","1","","1","1","1","","1","1","1","","","1","1","1","","1","","1","1","1","","1","1","1","1","1","1","1","","1","","","","1","","","1","1","1","","1","","","","","","","1","","1","1","","","","","","","","1","","","1","1","","1","","1","","","","1","","","","1","","","","","","","","","","","","","","","","","","","","",""
"Journey Into Wellness LLC","","309 Fellowship Road","Suite 200","Mount Laurel","NJ","08054","2231","Burlington","856-793-7614","https://journeyintowellnessllc.com","39.9446349","-74.9525344","SU","1","","","","","","","","","","","","1","","","","","","1","","1","1","1","","1","","","","1","","","","","","","","1","","","","","","","","","","","","","","","","","","","","","","1","","","","1","","","","","","","1","1","1","1","1","1","","1","1","1","","1","1","1","1","","","","","","","1","1","","","","","1","","1","1","","","1","","1","1","","1","1","1","","1","","","","","1","1","1","1","","1","","","","","","1","","1","1","1","","1","1","1","","","","","","","","","","1","1","","","","","","","","","1","","","","","","","1","","","","","","","","","","","1","","","","1","","1","","","","","","","","","","","","","","","1","","","1","","","","","","","","","","","","","","","","","","","","","","","","",""
"SOBA New Jersey","","104 Bayard Street","1st, 2nd, 4th and 5th Floors","New Brunswick","NJ","08901","","Middlesex","732-847-2869","https://sobanewjersey.com","40.493634","-74.4476533","SU","1","","","","1","","1","1","1","1","","","","","","1","","","1","","1","1","1","","1","","","","1","","","","","1","1","1","1","","","","","","","","","","","","1","1","1","","1","","","","","","1","","","","1","","","","","","","1","1","1","1","1","","","","1","1","1","1","1","1","1","1","","","","","","1","1","1","1","","1","1","1","1","1","1","","1","","","1","1","1","1","","","1","","","1","","1","1","1","1","","1","1","1","1","1","1","","","1","","1","1","1","1","1","1","1","1","1","1","","1","1","1","1","1","","1","","1","","1","1","","1","","","1","1","1","","","1","1","","1","","","","","","","1","1","","1","1","","1","","1","","","","1","","","","","","1","1","1","1","","","1","","","","","","","","","","","","","","","","","","","","","","","","",""
"Victor H Lopez LSW MSW LCADC CCS","","46 Bayard Street","Suite 301-A","New Brunswick","NJ","08901","","Middlesex","732-878-1365","https://","40.4941906","-74.4441942","SU","1","","","","","","","","","","","","","","","1","","","1","","1","1","","","","1","","","1","","","","","","","","1","","","","","","","","","","","","","","","","","","","","","","1","","","","","","","","","","1","","","","","","","","","","","","","","","","","","","","","","1","1","1","1","1","1","1","","1","1","","","1","","1","1","1","1","1","1","","1","","","1","","","1","1","1","","","","","","","","1","","","","1","","","1","","","","","","","","","","","1","1","","","","","","","","","1","","","","","1","","","1","","1","","1","","","","","","","","","1","","","1","","","","","","","","","","","","","","","1","","1","","","","","","","","","","","","","","","","","","","","","","","","","",""
"Resa Treatment Center LLC","","199 Main Street","Suite 2A","Keansburg","NJ","07734","","Monmouth","732-495-1474","https://www.resatreatmentcenter.com","40.4451206","-74.1303272","SU","1","","","","1","","1","1","1","1","","","","","","1","","","1","","1","1","1","","","1","","","1","","","","","1","","1","1","","","","","","","","","","","","1","1","1","","1","","","","","","1","1","1","","1","","","1","1","","","","","","","","","","","","","","","","","","1","","","","","","1","1","1","1","","1","1","1","1","1","","","1","","","1","1","1","1","","","1","1","","1","","1","1","1","1","1","","","","1","1","1","1","","1","1","1","","1","1","1","1","1","1","1","1","","","1","1","1","1","","1","","1","1","1","1","1","1","","","1","","1","","","1","1","1","","1","1","","1","","1","","1","1","1","1","","","","","","","","1","","","","","","","1","1","1","","1","","","","","","","","","","","","","","","","","","","","","","","","","",""
"College Recovery LLC","SOBA New Jersey","33 Duke Street","","New Brunswick","NJ","08901","","Middlesex","973-556-7701","https://www.sobanewjersey.com","40.4993247","-74.4582864","SU","1","1","","","1","1","1","1","1","1","","","","","","1","","1","1","","","1","1","","1","","1","1","","1","","1","","","","","","1","1","","","","","","","","","","1","1","1","","1","","","","","","1","","","","1","","","","","1","","1","1","1","1","1","1","","1","1","1","1","1","1","1","1","1","1","1","1","1","1","","1","1","1","","1","1","","1","1","1","","1","","1","1","1","1","1","","","1","","","1","","1","1","1","1","","1","1","","1","1","1","","","1","","1","1","1","1","1","1","1","1","1","1","","1","1","","1","1","","1","","1","","1","1","","1","","","1","1","1","","","","1","","1","","1","1","1","","1","1","","1","1","1","","","1","1","","","","1","","","1","1","","1","1","1","1","","","1","","","","1","","","","","","","","","","","","","","","","","","","","",""
"South Amboy Health Center LLC","","1 Main Street","","South Amboy","NJ","08879","","Middlesex","732-952-1500","https://www.southamboyhealthcenter.com","40.4936435","-74.2920435","SU","1","","1","","1","","","1","","1","1","","","","","","","1","1","","1","1","1","","1","","","","1","","","","","1","","1","1","","","","","","","","","","","","1","","1","","","1","","","","","1","1","1","","","","","","","","1","1","","","","","1","","","1","1","","","","","","","","","","","","","1","1","","","1","1","1","1","1","","","1","","","1","1","1","1","","","1","","","1","","","1","1","1","","","","","1","1","","1","","","1","1","","1","1","1","1","1","1","1","1","","","","1","1","","","1","1","1","1","","","","1","","","","","","","","","1","","","","","","","","","","1","","1","1","1","","","1","","","","","","","1","1","","1","","1","","","","1","1","","1","","","","","","","","","","","","","","","1","","","","","","",""
"Penn Medicine Princeton House","Behavioral Health/Moorestown","351 New Albany Road","","Moorestown","NJ","08057","","Burlington","856-779-2300","https://www.princetonhcs.org","39.9670602","-74.9726587","SU","1","","","","","","","","","","","","","","","1","","","1","","","1","1","","1","","","","1","","","","","","1","1","","","","","1","","","","","","","","","1","1","","1","","","","","","1","1","1","","1","1","","","","1","","1","1","1","","","1","1","1","1","1","","1","1","1","1","","","","","","","","1","1","","","","","","1","","","","1","","1","1","1","1","1","","","","","","1","","1","1","1","1","","","","","","","","","","1","","1","","1","1","","","1","","","","","","","","1","","","","","","","","","","","1","","","","1","","","1","","1","","1","","","","","","","","","1","","","","","","","","","1","","","","","","","","","1","","","1","","","","","","","","","","","","","","","","","","","","","","","","",""
"James Genovese LPC LCADC","","68 First Avenue","Suite E","Atlantic Highlands","NJ","07716","","Monmouth","732-291-1993 x200","https://www.yourpersonalgrowth.net","40.4140624","-74.0375171","SU","1","","","","","","","","","","","","","","","1","","","1","","1","1","1","1","","","","","1","","","","","","","","1","","","","","","","","","","","","","","","","","","","","","","1","","","","1","1","","1","","","","1","","","","","","","","","","","1","1","1","","","","","","","","1","1","","","1","","","","1","1","","","1","","","1","1","1","1","","","1","","","","","","","","1","","1","","","","","","","","1","","1","","1","1","1","","","","","","","","","","1","1","","","","","","","","","1","","","","","1","","","1","","1","","1","","","","","","","","","","1","","","","","","","","","","","","","","","","","1","1","","","","","","","","","","","","","","","","","","","","","","","","","","",""
"Unity Place","","1 Keystone Avenue","Suite 100","Cherry Hill","NJ","08003","","Camden","856-424-4142","https://unityplace1.com/","39.9078126","-74.9675002","SU","1","","","","","","1","1","1","1","","","","","","1","","","1","","1","1","1","","1","","","","1","","","","","1","1","1","1","","","","","","","","","","","","1","1","1","","","","","","","","","1","","1","1","","1","","","","","1","","","","1","","","","","","","1","1","","","1","","","","","","","1","1","1","","1","1","1","1","1","","","1","","","1","1","1","1","","","1","1","","1","","1","1","1","1","1","","","","","1","1","1","","1","1","1","1","1","1","1","1","1","","1","1","","1","","1","1","1","","1","","1","1","1","1","","1","","1","1","","1","","","1","1","1","","1","1","","","","1","","1","1","1","1","1","","","","","","","1","","","","","","","1","1","","","","1","","","","","","","","","","","","","","","","","","","","","","","","",""
"Ocean Healthcare PCP Tuckerton LLC","DBA Taylor Care Adult Behavioral","213 West Main Street","","Tuckerton","NJ","08087","","Ocean","609-879-2233 x110","https://www.taylorcare.com","39.6017622","-74.347696","SU","1","","","","1","","1","1","1","1","","","","","","1","","","1","","1","1","","","1","","","","1","","","","","1","1","1","1","","","","","","","","","","","","1","","1","","","","","","","","1","1","","","1","","1","1","","","","1","","","","1","","","1","1","1","","","","","","","","","","","","","1","1","1","1","","1","1","1","1","1","","1","","","1","1","1","1","1","","1","1","","1","","1","1","1","1","","","","","1","1","","","","1","1","1","","1","1","1","","1","1","","1","","","","","1","1","","1","","1","1","1","1","1","1","","1","","1","","","","1","1","","1","","1","","","","1","","1","","1","1","","","","","","","","1","","","","","","1","","","","","","1","","","","","","","","","","","","","","","","","","","","","","","","",""
"Hackensack Meridian Carrier Clinic","Blake Recovery Center","252 County Road 601","","Belle Mead","NJ","08502","","Somerset","908-281-1000","https://www.hackensackmeridianhealth.org/en/locations/hackensack-meridian-health-carrier-clinic","40.4673192","-74.6832403","SU","1","1","","","1","1","1","1","1","1","","","","","","1","","","1","","1","1","1","","1","","1","1","1","1","","1","","1","","1","","1","","","","1","","","","","","","1","","1","1","1","","","","","","1","1","1","","1","1","","","","1","","1","1","1","1","1","1","","1","1","1","1","1","1","1","1","1","1","1","","","1","1","1","1","1","","1","1","1","1","1","1","1","1","","","1","1","1","1","","","1","1","","1","","1","1","1","1","1","1","1","1","1","1","1","1","","1","1","1","1","1","1","1","1","1","1","1","1","","1","1","1","1","1","","1","","1","1","1","1","1","","1","","1","1","1","","","1","1","1","1","1","1","1","1","","1","1","","1","1","1","1","","1","","1","1","","1","1","","","1","","1","1","1","1","1","","","","","","1","","","","","","","","","","","","","","","","","","","","",""
"Journey to Wellness Inc","","220 Market Street","","Perth Amboy","NJ","08861","4331","Middlesex","732-709-7440","https://www.treatmentnj.net","40.5084596","-74.2729637","SU","1","","","","1","","1","1","1","","","","","","","1","","","1","","1","1","","","1","","","","1","","","","","1","1","1","1","","","","","","","","","","","","1","","1","","","","","","","","1","1","1","1","1","1","","","","","1","1","1","1","1","1","1","1","1","1","1","","1","","1","1","1","","","","","","1","1","1","1","1","","1","1","1","1","","","1","","1","1","1","1","1","1","","1","1","","","","1","1","1","1","","","","1","1","1","","","1","1","1","1","1","1","1","1","","1","1","","1","","1","1","1","1","1","","1","","1","1","1","1","","1","","1","1","1","1","","","1","1","1","1","1","","","","","","1","","","1","1","","","","","","","","1","","","","","","","","","1","","","1","","","","","","","","","","","","","","","","","","","","","","","","","1"
"Passion Care Center","","187 Fayette Street","","Perth Amboy","NJ","08861","","Middlesex","732-410-7102","https://www.thepassioncarecenter.com","40.5108373","-74.2702698","SU","1","","","","","","","","","1","","","","","","1","","","1","","1","1","1","","1","","","","1","","","","","","1","1","1","","","","","","","","","","","","1","","","","","","","","","","1","1","","1","","","1","1","1","","1","1","1","","","1","","1","","1","1","","1","1","1","1","","","","","","","","1","1","1","1","","","","1","1","1","","1","","1","1","1","1","1","","","1","","","","","1","1","1","1","","","","","","","","","","1","1","1","","1","1","1","","1","","","1","","","","1","","","","1","","","","","1","","1","","","1","1","1","","","1","1","","","","","","","","","","","","","1","1","","","","","","","1","","","","","","","","","","1","","","","","","","","","","","","","","","","","","","","","","","","","","",""
"Virtue Care Services Inc","","499 Plainfield Avenue","Suite 1A and 2B","Edison","NJ","08817","","Middlesex","732-985-5300","https://www.virtuecares.com","40.5255525","-74.4137584","SU","1","","","","","","1","1","1","1","","","","","","1","","","1","","1","1","1","","1","","","","1","","","","","","1","1","1","","","","","","","","","","","","1","1","1","","","","","","","","1","1","1","1","1","1","","1","1","","1","1","1","1","1","1","1","1","1","1","1","1","1","1","1","1","","","","","","","1","1","1","1","1","1","1","1","1","1","1","1","1","","1","1","1","1","1","1","","1","","","1","","1","1","1","1","","","1","1","1","1","","1","1","1","1","1","1","1","1","1","","1","1","","1","","1","","1","1","1","1","1","","1","1","1","1","","1","","","","1","1","","","1","1","1","1","1","","","","","","1","1","","1","1","1","1","","1","","","","1","","","1","","1","","","","1","","","1","","","1","","","1","","","","","","1","","","","","","","","","","","","",""
"Center for Great Expectations","","19 Dellwood Lane","Suite B","Somerset","NJ","08873","","Somerset","732-247-7003","https://www.cge-nj.org","40.520758","-74.500389","SU","1","","","","1","","","1","1","1","","","","","","1","","","1","","","1","1","1","","","","1","","","1","","","","","","","","","","","","","","","","","","1","","","","","1","","","","","","","","","","","1","","1","","","1","1","","","1","","","1","1","","","1","1","1","1","","","","","","","1","1","1","1","1","1","","1","1","1","1","","1","1","","1","1","1","","","","1","","","1","1","1","1","1","1","1","","","","1","1","","1","","1","1","1","1","1","1","1","","","1","","1","","1","1","1","1","1","","1","","1","1","1","1","","","1","","","1","","","","1","1","","","","","","","","","","1","","1","1","","","","","","","","1","","","","","1","","","","","1","","","","","","","","","","","","","","","","","","","","","","","","","","",""
"Ocean Healthcare PCP/Camden","LLC dba Taylor Care Adult Behavioral","147 Jackson Road","","Berlin","NJ","08009","","Camden","856-809-3000 x101","https://www.taylorcare.com","39.7837452","-74.9033195","SU","1","","","","1","","1","1","1","","","","","","","1","","","1","","","1","1","","1","","","","1","","","","","1","1","1","1","","","","","","","","","","","","1","1","1","","","","","","","","1","1","","1","1","1","","","","","","1","","","","","","","","","","","","","","","1","","","","","","","1","1","1","","1","","","1","","1","","1","","","1","1","1","1","","","1","","","1","","1","1","1","1","","","","","1","","1","","","1","","1","1","1","1","1","1","1","","1","1","","","","","1","1","","1","","1","1","1","1","","1","","1","","","1","","","1","1","1","","1","","1","1","","","","1","","","","","1","","","","","","1","1","","","","","1","1","1","","","","1","","","","","","","","","","","","","","","","","","","","","","","","",""
"Breath of Life Counseling Service LLC","","107 Cedar Grove Lane","Suite 100","Somerset","NJ","08873","","Somerset","732-289-6008","https://www.breathoflifecounseling.com","40.5241481","-74.5200138","SU","1","","","","","","","","","","","","","","1","","","","1","","1","1","1","","1","","","","1","","","","","","","","1","","","","","","","","","","","","","","","","","","","","","","1","","","","","","","1","","","1","1","","","","1","1","1","1","1","1","","1","","1","1","","","","","","","","1","1","1","1","1","1","1","1","1","","","1","","1","1","1","1","1","1","","1","","","1","","","1","1","1","","1","","","","","","","","1","1","1","","1","1","1","","","","","1","","","","","","","","","","","","","","","1","","","","","","","","1","","1","","1","","","","","","","","","","1","","1","","","","","","","","","","","","","","","1","","","1","","","","","","","","","","","","","","","","","","","","","","","","","1"
"Women of Hope Resource Center Inc","","331 White Horse Pike","","Atco","NJ","08004","","Camden","856-767-3700","https://www.womenofhope.org","39.7693832","-74.8980469","SU","1","","","","","","1","1","1","","","","","","","1","","","1","","1","1","1","","1","","","","1","","","","","1","","1","1","","","","","","","","","","","","1","","1","","","","","","","","1","1","1","1","1","","1","1","1","","1","1","1","","1","1","1","","1","1","1","1","1","1","1","1","","","","","","","1","1","1","1","1","1","1","1","1","1","1","","1","","","1","1","1","1","1","","1","","","","","1","1","1","1","","1","","1","","1","","1","","1","1","1","1","1","1","1","","1","","","1","","1","","1","1","","","1","","1","1","1","1","","","1","","1","1","","","","1","1","","1","","","","","","","1","1","","1","1","","1","","1","","","","1","","","","","","","","","1","","","1","","","","","","","","","","","","","","","","","","","","","","","","",""
"Green Springs Wellness","","390 Amwell Road","Building 5, Suite 504","Hillsborough","NJ","08844","","Somerset","732-798-0084","https://www.greenspringswellness.com","40.4999457","-74.6418731","SU","1","","","","","","","","","","","","","","","1","","","1","","1","1","1","","1","","","","1","","","","","1","1","1","1","","","","","","","","","","","","1","1","1","","","","","","","","1","","1","","1","","","1","","","","1","","","","1","","","","","1","","1","","","","","","","","","","1","1","1","1","1","1","","1","1","","1","","1","","","1","1","1","1","","","1","","","1","","1","1","1","1","","","","","","","","1","","1","1","1","1","1","1","1","","","","","1","","1","","","1","1","","1","","","","","","","1","","1","","1","1","","","1","","1","1","1","","","","","","1","","","","1","","1","","","","","","","","","","","","","","","1","","","1","","","","","","","","","","","","","","","","","","","","","","","","",""
"Counseling Center at Cherry Hill","","950 Kings Highway North","Suite 304","Cherry Hill","NJ","08034","","Camden","561-459-5737","https://www.thecounselingcenter.com/locations/cherry-hill-nj/","39.9236174","-75.0016502","SU","1","","","","","","","1","1","1","","","","","","","","","1","","1","1","1","","1","","","","1","","","","","1","1","1","1","","","","","","","","","","","","1","1","1","","1","","","","","","1","","","","1","1","","","","","","","","","","","","","","","","","","","","","","","","","","","","1","1","1","","1","1","1","1","1","1","","1","","1","1","1","1","1","","","1","","","1","","1","1","1","1","","1","","","1","1","1","","","1","1","1","1","1","1","1","","","1","","1","","","","1","1","1","","1","","1","1","1","1","","1","","","","","","","","1","1","","1","","","","","","","","1","","1","1","","","","","","","","","","","","1","","1","","","","","","1","","","","","","","","","","","","","","","","","","","","","","","","",""
"Affinity Healthcare Group","Cherry Hill","1305 Kings Highway North","","Cherry Hill","NJ","08034","","Camden","856-651-7826","https://affinityhealthclinics.com","39.9184439","-75.0048426","SU","1","1","1","1","1","1","","1","","","1","","","","","","","1","1","","1","1","1","","1","","","","1","","","","1","1","","1","1","","","","","","","","","","","","1","","1","","","1","","","","","1","1","1","","1","1","","","","","1","","","","","","","","","1","","","","","","","","","","","","1","","1","1","1","","","1","","1","1","","","1","","","1","1","1","1","","","1","","","1","","","1","1","1","","","","","1","","","1","","","","1","","","1","1","1","1","1","1","1","","","","","1","1","","","1","1","1","","","","1","","","","","","1","","","","","","","","","","","","","1","","1","1","","","1","","","","","","","","1","1","","1","","","","","","1","1","","","1","","","","","","","","","","","","","","","","","","","","",""
"Oaks Integrated Care","Addiction Services","1409 Kings Highway","1st Floor","Cherry Hill","NJ","08034","","Camden","609-369-9762","https://www.oaksintcare.org","39.9174889","-75.0059381","SU","1","","","","1","","1","1","1","1","","","","","","1","","","1","","1","1","1","","1","","","","1","","","","","1","","1","1","","","","","","","","","","","","1","","","","","1","","","","","1","1","1","1","1","1","1","","","","","1","1","1","1","1","1","","1","1","1","1","1","1","1","1","1","","","","","","","1","1","1","1","1","1","","1","1","1","","1","","","1","1","1","1","1","","1","1","","","","1","1","1","1","1","1","1","1","1","1","","1","","1","1","1","","1","1","1","","","1","1","1","","1","1","1","1","1","1","1","","1","1","1","1","1","","1","","","","1","","","1","1","1","","1","1","","","1","1","1","1","","1","","","1","","1","","","","1","","","","","1","","","","","","","1","","","","1","","","","","","","","","","","","","","","","","","","","",""
"Fresh Start Addiction LLC","DBA Eleve Behavioral Health","1307 White Horse","Suite A-103","Voorhees","NJ","08043","","Camden","856-856-2871","https://www.elevebh.com","39.8558807","-74.9792243","SU","1","","","","1","","1","1","1","1","","","","","","1","","","1","","","1","1","","1","","","","1","","","","","1","1","1","1","","","","","","","","","","","","","","1","","","","","","","","1","","","","1","","","","","","","","","","","","","","","","","","","","","","1","","","","","","1","1","1","1","1","","","","1","","","","1","","","1","1","1","1","","","1","","1","1","","1","1","1","1","","","","1","","1","","","","1","","1","1","1","1","","","","","","1","","1","","","1","1","","1","","1","1","1","1","1","1","","","1","1","1","","","","1","1","1","1","","","","","","","","","1","1","","","","","","","","1","","","","","","1","","","","","","1","","","","","","","","","","","","","","","","","","","","","","","","",""
"Eleanor Health","Cherry Hill","2250 Chapel Avenue West","Suite 120","Cherry Hill","NJ","08002","2051","Camden","856-395-9944","https://www.eleanorhealth.com","39.9291476","-75.0156049","SU","1","","","","1","","1","1","1","1","","","","","","1","","","1","","1","1","1","1","","","","","1","","","","","1","","","1","","","","","","","","","","","","","","","","","1","","","","","1","1","1","1","1","1","","","","1","","","","","","","","","1","","","","","","","","1","","","","","","","1","1","1","","","1","","1","","","","1","","","1","1","1","1","","","1","1","","","","1","1","1","1","1","","","1","","","","1","","1","1","1","","1","1","1","","1","","","1","","1","1","1","1","1","","1","","1","1","1","1","1","1","","","1","","1","","","1","1","1","","1","1","","","","1","","","","1","1","1","","","","","","","1","","","","","","","","","","1","","","","","","1","","","","","","","","","","","","","","","","","","","","",""
"Addiction Recovery Consultants","DBA Liberty Wellness","20 East Taunton Road","Suite 103","Berlin","NJ","08009","","Camden","833-542-9355","https://www.libertywellnessnj.com","39.7717639","-74.9177716","SU","1","","","","1","","1","1","1","1","","","","","","1","","","1","","1","1","1","","1","","","","1","","","","","1","1","1","1","","","","","","","","","","","","","","","","1","1","","","","","1","","","","1","1","","","","","","1","1","1","1","1","1","","1","1","1","1","1","1","1","1","1","","","","","","1","1","1","1","1","1","1","","1","1","","","1","","","1","1","1","1","","","1","1","","1","","1","1","1","1","","","","1","1","1","1","1","","1","1","1","1","1","1","1","1","1","1","1","1","","1","1","1","1","1","","1","","1","1","1","1","1","1","","1","1","","","","","1","1","","1","","1","1","","1","1","1","1","1","1","1","","1","","1","","","","1","","","","","","1","1","1","1","","","1","","","","","","","","","","","","","","","","","","","","","","","","",""
"High Focus Treatment Centers","","53 Haddonfield Road","Suite 330","Cherry Hill","NJ","08002","","Camden","856-306-8086","https://www.highfocuscenters.com","39.9474851","-75.0241498","SU","1","","","","","","1","1","1","","","","","","","1","","","1","","1","1","","","1","","","","1","","","","","","1","1","1","","","","","","","","","","","","1","1","1","","","1","","","","","1","","","","1","1","","","","","","1","1","","","","","1","","","","","","","","","","","","","","","","1","1","1","","","","","1","1","","","1","","1","1","1","1","1","","","1","","","1","","1","1","1","1","","","","","","1","","","","1","1","1","","1","1","1","","1","","","1","","1","1","","1","1","","1","","1","1","","1","","1","","1","1","","1","","","1","1","1","","1","1","","","","1","","","","1","","","","","","","","","1","","","","","","","","","1","","","1","","","","","","","","","","","","","","","","","","","","","","","","","1"
"Harmony Healing Center","","401 Kings Highway South","","Cherry Hill","NJ","08034","","Camden","732-942-2110","https://www.harmonyhealingnj.com","39.9107985","-75.0133742","SU","1","","","","1","","1","1","1","1","","","","","","1","","","1","","","1","1","","1","","","","1","","","","","1","1","1","","","","","","","","","","","","","1","1","1","","1","","","","","","1","","","","1","","","","","","","1","","","","","","","","","","","","","","","1","","","","","","1","1","1","1","","1","1","1","1","1","1","","1","","","1","1","1","1","","","1","1","","1","","1","1","1","1","1","","","1","1","","1","","","1","1","1","1","1","1","1","1","","","1","1","","1","1","1","1","1","","1","","1","1","1","1","1","1","","","","","1","","","1","1","1","","1","1","1","1","1","1","","","","1","1","1","1","","","","","","1","1","","","","","1","","","1","","","1","","","","1","","","","","","","","","","","","","","","","","","","","",""
"Eleanor Health","Edison","5 Lincoln Highway","Building 5, Suite 4-A","Edison","NJ","08820","","Middlesex","856-395-9944","https://www.eleanorhealth.com","40.554267","-74.3453071","SU","1","","","","1","","1","1","1","1","","","","","","1","","","1","","1","1","1","1","","","","","1","","","","","1","","","1","","","","","","","","","","","","","","","","","1","","","","","1","1","1","1","1","1","","","","1","","","","","","","","","1","","","","","","","","1","","","","","","","1","1","1","","","1","","1","","","","1","","","1","1","1","1","","","1","1","","","","1","1","1","1","1","","","1","","","","1","","1","1","1","","1","1","1","","1","","","1","","1","1","1","1","1","","1","","1","1","1","1","1","1","","","1","","1","","","1","1","1","","1","1","","","","1","","","","1","1","1","","","","","","","1","","","","","","","","","","1","","","","","","1","","","","","","","","","","","","","","","","","","","","",""
"Sunrise Detox Cherry Hill","","1417 Brace Road","Suite C","Cherry Hill","NJ","08034","","Camden","866-989-4112","https://www.sunrisedetoxcherryhill.com/","39.8924188","-75.0170578","SU","","1","","","","1","","1","1","1","","","","","","1","","","1","","","1","1","","1","","","1","","","","1","","","","","","","","","","","","","","","","","1","","1","","1","","","","","","1","","","","1","1","","","","","","","","","","","","","","","","","","","","","","1","1","","","1","","1","1","1","","1","1","1","1","1","1","","1","","","1","1","1","1","","","1","","","1","","1","1","1","1","","","","","1","1","1","","","","1","1","1","1","1","1","","1","1","1","1","","","","1","1","1","","1","","1","1","1","1","","1","","","1","","","","","1","1","","1","","1","","","","1","","1","1","1","1","","","1","","","","","","","","1","1","","1","1","1","","","","1","","","","","","","","","","","","","","","","","","","","","","","","",""
"HMH JFK University Medical Center","Center for Behavioral Health","65 James Street","","Edison","NJ","08820","","Middlesex","732-321-7189","https://hackensackmeridian.org","40.5566589","-74.3504728","SU","1","","","","1","","1","1","1","","","","","","","1","","","1","","1","1","1","1","","","","","1","","","","","1","","1","1","","","","1","","","","","","","","1","1","1","1","1","","","","","","1","1","1","1","1","1","1","","","1","","","","","","","","","","","","","","","","","1","","","","","","1","1","1","1","1","1","1","","1","1","1","","1","","","1","1","1","1","","","1","1","","1","","1","1","1","1","1","1","","","1","1","1","1","","1","","1","","1","1","1","1","","1","1","1","","1","1","1","1","1","","1","","1","1","1","1","","","1","1","1","","1","","","1","1","1","","1","1","","","","1","","","1","1","","","","","","","","","1","","","","","","","1","1","1","1","","","","","","","","","","","","","","","","","","","","","","","","","","",""
"Garden Recovery  and Wellness LLC","","523 Hollywood Avenue","Suite 100","Cherry Hill","NJ","08002","","Camden","856-596-7502","https://thegardenrecovery.com","39.9363884","-75.0376589","SU","1","","","","","","1","1","1","1","","","","","","1","","","1","","1","1","1","","1","","","","1","","","","","1","1","1","1","","","","","","","","","","","","","","1","","1","","","","","","1","","","","1","","","","","1","","1","1","1","1","1","1","","1","1","1","1","1","1","1","1","1","","","","","","","1","1","1","1","1","1","1","1","1","","","1","","","1","1","1","1","","","1","","","1","","1","1","1","1","","","1","1","1","1","","","","1","1","1","1","1","1","1","","1","1","1","1","","1","1","1","1","1","","1","","1","1","1","1","1","1","","1","","1","","","","1","1","","1","","1","1","","","1","1","1","","1","1","1","","","1","","","","1","","","","","","1","","","","","","1","","","","","","","","","","","","","","","","","","","","","","","","",""
"New Jersey Behavioral Health Center","","120 Old Complain Road","Suite 1A","Hillsborough","NJ","08844","","Somerset","609-509-9533","https://newjerseybhc.com/","40.535676","-74.6117555","SU","1","","","","1","","1","1","1","1","","","","","","1","","","1","","1","1","1","","1","","","","1","","","","","1","1","1","","","","","","","","","","","","","1","","","","1","","","","","","1","","","","1","","","","","","","1","","","","","","","","","","","1","","","","","","","","","","","1","1","1","1","1","1","","1","1","","","1","","","1","1","1","1","","","1","","","1","","1","1","1","1","","","","1","1","1","","1","","1","1","1","1","1","1","1","","1","1","","1","","1","","1","1","1","","1","","1","1","1","","1","1","","1","","1","","","","1","1","","1","","1","","","","1","","1","","1","1","1","1","","1","","","","1","","","","","","1","","","","","","1","","","","","","","","","","","","","","","","","","","","","","","","",""
"Unity Place of Atlantic County LLC","","121 South Whitehorse Pike","Suite A","Hammonton","NJ","08037","","Atlantic","609-704-1313","https://www.unityplaceofac.com","39.6453046","-74.7841232","SU","1","","","","1","","","1","1","1","","","","","","1","","","1","","1","1","1","","","1","","","1","","","","","1","1","1","1","","","","","","","","","","","","1","1","1","","","","","","","","1","1","","","1","","","1","","","","1","","","","","","","","","","","1","1","1","","","","","","","","","1","1","1","","1","","1","1","1","1","","1","","","1","1","1","1","","","1","","","1","","1","1","1","1","","1","1","1","1","1","","1","","1","1","1","","1","1","1","","1","1","1","1","","1","","1","1","1","","1","","1","1","1","1","1","1","","1","","1","","","","","1","","","","","","","","","","1","1","1","1","","","","","","","","1","","","","","","","","","","","1","","","","","","","","","","","","","","","","","","","","","","","","","",""
"Milestone Addiction Treatment LLC","","1 South Centre Street","","Merchantville","NJ","08109","","Camden","856-406-2829","https://www.matreatment.com","39.9521169","-75.0488139","SU","1","","","","1","","1","1","1","1","","","","","","1","","","1","","1","1","1","","1","","","","1","","","","","1","1","1","1","","","","","","","","","","","","","","1","","1","","","","","","1","","","","1","1","","","","","1","1","1","1","1","1","1","","1","1","1","1","1","1","1","1","","","","","","","","1","1","1","","1","1","1","1","1","1","","1","","","1","1","1","1","1","","1","","","1","","1","1","1","1","1","1","","1","1","1","1","","","1","1","1","1","1","1","1","1","1","1","1","1","","1","1","1","1","1","","1","","1","","1","1","1","1","","1","","1","","","","1","1","","1","","1","","","","1","1","","1","1","1","1","1","","1","","","","1","","","","","","1","1","1","","","","1","","","","","","","","","","","","","","","","","","","","","","","","",""
"Center for Family Services","","108 Somerdale Avenue","","Voorhees","NJ","08043","","Camden","877-922-2377","https://www.centerffs.org","39.8514241","-75.0057888","SU","1","","","","1","","1","1","1","1","","","","","","1","","","1","","","1","1","","1","","","","1","","","","","1","","1","1","","","","","","","","","","","","1","1","1","","","","","1","","","1","1","1","1","1","1","1","","","","","1","1","","1","1","","1","","1","1","","1","1","1","","1","","","","","","","1","1","1","1","1","1","1","1","1","1","1","","","","1","1","1","1","","","1","1","","","","1","1","1","1","","","","1","","","","1","","1","1","1","1","1","1","1","","","","","1","","1","1","1","1","1","","1","","1","","1","1","1","","1","1","","1","","","","1","1","","1","","1","","","","1","","1","","1","1","1","","","","","","","1","","","","","1","","","","","","","1","","","","","","","","","","","","","","","","","","","","","","","","",""
"Recovery Unplugged Behavioral Health","","1 West Park Avenue","2nd Floor/Suite A","Merchantville","NJ","08109","","Camden","856-463-1120","https://www.recoveryunplugged.com","39.9512385","-75.0489655","SU","1","","","","1","","1","1","1","","","1","","","","1","","","1","","1","1","","","1","","","","1","","","","","1","1","1","1","","","","","","","","","","","","1","","1","","1","","","","","","1","","","","","1","","","","","1","","1","1","1","1","1","","","1","1","1","1","1","1","1","1","","","","","","","1","1","1","1","1","1","","1","","","","1","","","1","1","1","1","","","1","1","","1","","1","1","1","1","1","","1","1","","","1","","","1","1","1","1","1","1","1","1","1","","1","1","","1","1","1","1","1","","1","","1","1","1","1","1","1","","1","","1","","","","","1","","1","","1","","","","1","","","1","1","1","1","","","","","","","1","","","","1","","1","1","1","","","","1","","","","","","","","","","","","","","","","","","","","","","","","",""
"Atlanticare Behavioral Health","Certified Community Behavioral Health","120 South White Horse Pike","Suites 150 and 120","Hammonton","NJ","08037","","Atlantic","609-561-7911","https://www.atlanticare.org","39.6432661","-74.7838664","SU","1","1","","","1","1","1","1","1","1","","","","","","1","","","1","","1","1","1","","1","","","","1","","","","1","1","","1","1","","","","","","","","","","","","1","1","1","","1","","","","","","1","1","1","1","1","1","1","","","1","1","1","","","","","","","1","1","","","1","","","","1","1","1","1","1","1","1","1","1","","","","1","","1","1","","","1","","","1","1","1","1","","","1","1","","1","","1","1","1","1","","1","","1","1","","1","","","1","1","1","","1","1","","1","1","1","1","1","","1","1","1","1","1","","1","","1","1","1","1","","","1","1","1","","1","","","1","1","1","","1","1","","","","1","","","1","1","","1","","1","1","","","","1","","","","","","1","1","1","1","","","1","","","","1","","","","","","","","","","","","","","","","","","","","",""
"Somerdale Treatment Services","Suite 10","1200 South White Horse","Suite 10","Somerdale","NJ","08083","","Camden","856-838-9003","https://www.pinnacletreatment.com","39.835626","-75.0029058","SU","1","","1","","1","","","1","","1","1","","","","","","","1","1","","1","1","1","","1","","","","1","","","","","1","","1","1","","","","","","","","","","","","1","","1","","","1","","","","","1","1","1","","1","","1","","","1","1","1","1","1","1","1","1","","1","1","1","1","1","1","1","1","","","","","","","","1","1","1","","1","1","1","1","1","","","1","","","1","1","1","1","","","1","","","1","","1","1","1","1","","1","1","","1","1","","1","","","1","1","","1","1","1","1","","1","1","1","","1","","1","1","1","","1","1","1","1","","1","","1","","","","","","1","","","","","","","","","","","","","1","1","1","1","","1","","","","","","","","","1","1","1","1","1","1","","","","1","1","","","","","","","","","","","","","","","","","","","","","","","",""
"Onward Behavioral Health","","600 South White Horse Pike","","Hammonton","NJ","08037","","Atlantic","609-270-4260 x1922","https://www.pyramidhealthcarepa.com","39.6322247","-74.7726273","SU","1","1","","","1","1","1","1","1","1","","","","","","1","","1","1","","1","1","1","","1","","","1","","1","1","1","","","","","","","","","","","","","","","","","1","1","1","","","1","","","","","1","1","1","","1","","","","","1","1","1","1","1","1","1","1","","1","1","1","1","1","1","1","1","1","1","1","1","1","1","","1","1","1","1","1","1","1","1","1","1","1","1","","","1","1","1","1","","","1","1","","1","","1","1","1","1","1","1","1","1","1","1","1","1","","1","1","1","1","1","1","1","1","1","1","1","1","","1","1","1","1","1","","1","","1","1","1","1","1","1","","","1","1","1","","","1","1","1","1","1","1","1","1","1","1","1","","1","1","1","1","","1","1","","","","1","1","","1","1","","1","1","1","1","1","","","","","1","1","","","","","","","","","","","1","","","","","","","","","",""
"Recovery Village Cherry Hill","Cooper Drug and Alcohol Rehab","761 Cuthbert Boulevard","","Cherry Hill","NJ","08002","","Camden","856-644-4977","https://southjerseyrecovery.com","39.9309502","-75.0549018","SU","1","1","","","","1","1","1","1","1","","1","","","","","","1","1","","1","1","1","","1","","","1","1","1","1","1","","","1","1","1","","","","","","","","","","","","1","","","","1","","","","","","1","","","","1","1","1","","","","1","1","1","1","1","1","1","","","1","1","1","1","1","1","1","1","1","1","1","1","1","1","1","1","1","1","1","1","1","1","1","1","","1","","","1","1","1","1","","","1","1","","1","","1","1","1","1","1","","","1","1","1","1","1","","1","1","1","1","1","1","1","1","1","1","1","1","","1","1","1","1","1","1","1","","1","1","1","1","1","1","","","","","","","","1","1","","","","1","1","1","","1","1","","1","1","1","1","1","1","","","","","1","1","","1","","","1","1","1","","","1","","","","","","","","","","","","","","","","","","","","","","","","","",""
"Counseling Center at Middlesex","","127 Union Avenue","Suite 1","Middlesex","NJ","08846","","Middlesex","561-459-5737","https://www.MiddlesexCounseling.com/","40.5675314","-74.5225652","SU","1","","","","","","","1","1","1","","","","","","","","","1","","1","1","1","","1","","","","1","","","","","1","1","1","1","","","","","","","","","","","","1","1","1","","1","","","","","","1","","","","1","1","","","","","","","","","","","","","","","","","","","","","","","","","","","","1","1","1","1","1","1","1","1","1","1","","1","","1","1","1","1","1","","","1","","","1","","1","1","1","1","","1","","","1","1","1","1","","1","1","1","1","1","1","1","","","1","","1","","","","1","1","1","","1","","1","1","1","1","","1","","","","","","","","1","1","1","1","1","","","","","","","1","","1","1","1","1","","","","","","1","","","","1","","1","","","","","","1","","","","","","","","","","","","","","","","","","","","","","","","",""
"New Vision at Jefferson Health","Stratford","18 East Laurel Road","","Stratford","NJ","08084","","Camden","856-347-0479","https://www.specialcarecorp.com/locations/stratford-new-jersey/","39.8283457","-75.009017","SU","1","1","","","1","1","","1","","","","","","1","","1","","","","","","","","1","","","1","","","","","","","","","","","1","","","1","","","","","","","","","","1","1","","","","","","","1","1","1","1","1","","","","","","","","","","","","","","","","","","","","","","","1","1","1","1","1","","","","","","","","","","","","","","","","1","1","1","1","","","1","","","1","","","1","1","1","","","","","1","1","1","","","","1","1","","","1","","1","","1","1","1","","","1","","1","1","","","","1","1","1","","","1","","","1","","","","","1","1","1","","1","1","1","","","1","","","1","1","1","","","1","","","","","1","","","","","","1","1","1","","1","","","","","","1","","","","","","","","","","","","","","","","","","","","",""
"Work Group","","3720-3708 Marlton Pike","","Pennsauken","NJ","08110","","Camden","856-486-1401","https://www.joesplaceTWG.net","39.938342","-75.0786962","SU","1","","","","","","1","","1","","","","","","","1","","","1","","1","1","1","1","","","","","1","","","","","","","1","1","","","","","","","","","","","","1","","","","","","","","","","1","1","","","","","1","","","","","1","1","1","1","1","1","1","1","1","1","1","1","1","1","1","","","","","","","1","1","1","1","1","","1","1","1","1","","","1","","1","1","1","1","1","","","1","","","","","1","1","1","1","","1","","1","","","","","","1","1","1","","1","1","1","","","","","1","","","","1","1","","","1","","","","","1","","","1","","","1","","","","1","1","","1","","","","","","","1","1","","1","1","1","1","","1","","","","","","","1","","","","","","1","1","","","","","","","","","","","","","","","","","","","","","","","","","","",""
"Genesis Counseling Center","Mental Health/Substance Abuse Outpt","566 Haddon Avenue","","Collingswood","NJ","08108","","Camden","856-858-9314 x228","https://www.genesiscenters.org","39.9173093","-75.0727854","SU","1","","","","","","","","","","","","","","","1","","","1","","1","1","1","1","","","","","1","","","","","","","1","1","","","","","","","","","","","","1","1","1","","","","","","","","1","","","1","","","1","1","","","","1","1","1","1","1","1","1","1","1","1","","1","1","1","1","","","","","","","","1","1","1","1","","1","","1","1","","","1","","1","1","1","1","1","","","1","","","","","1","1","1","1","","1","","","1","1","","1","","1","1","1","","1","1","1","","1","1","","1","","1","","","1","1","","","","","","","","","","1","1","1","1","1","","","1","","1","1","1","","","","","","","1","","1","1","","1","","","","","","1","","","","","1","","","","1","1","","","","","","","","","","","","","","","","","","","","","","","","","","",""
"Clear Conscience Counseling LLC","","2509 Park Avenue","Suite 2-B","South Plainfield","NJ","07080","","Middlesex","973-454-6711","https://www.clearconsciencenj.com/","40.5909334","-74.39771","SU","1","","","","1","","","1","","","","","","","","1","","","1","","1","1","1","","1","","","","1","","","","","1","","1","1","","","","","","","","","","","","1","1","1","","","","","","","","1","1","","1","1","","1","1","1","","1","1","1","1","1","1","1","","1","1","1","1","1","1","1","","","","","","","","","1","1","1","1","1","1","1","1","1","1","1","1","","","1","1","1","1","","","1","","","","","1","1","1","1","","1","","1","","","","1","","1","1","1","","1","1","1","","1","","","1","","1","","1","1","1","","","","","1","1","","","1","","","1","1","","","","1","","1","1","1","","","","","","1","1","","","1","","1","","1","","","","","","","","","1","1","","","1","","","1","","","1","","","","","","","","","1","","1","","","","","","","","","","",""
"Delaware Valley Medical","","7980 South Crescent Boulevard","Route 130","Merchantville","NJ","08109","","Camden","856-665-5100","https://pinnacletreatment.com/location/new-jersey/pennsauken/delaware-valley-medical/","39.9294458","-75.0830034","SU","1","","1","","1","","","1","","1","1","","","","","","","1","1","","1","1","1","","1","","","","1","","","","","1","","1","1","","","","","","","","","","","","1","","1","","","1","","","","","1","1","1","1","1","","1","1","","","1","1","","","","","","","1","","1","","1","","","","","","","","","","","1","1","1","","1","1","1","1","1","1","1","1","","","1","1","1","1","","","1","","","1","","1","1","1","1","","1","","1","1","1","1","1","","","1","1","1","1","1","1","1","1","1","1","1","","1","","1","1","1","","1","1","","1","1","","1","1","","1","","","","","","","1","","","","","","","","","1","1","1","1","1","","1","","","","","","","","","1","1","","1","1","1","1","","","1","","","","","","","","","","","","","","","","","","","","","","","","",""
"Somerset Treatment Services","","118 West End Avenue","","Somerville","NJ","08876","","Somerset","908-722-1232 x3000","https://www.stscares.org","40.5727519","-74.6226128","SU","1","","1","","1","","","1","","","1","","","","","1","","1","1","","1","1","1","","1","","","","1","","","","","1","","1","1","","","","","","","","","","","","1","","1","","","1","","","","","1","1","","1","","","1","1","1","","","1","","","","","","","1","1","1","1","","","","","","","","","","","","1","1","1","1","1","1","","1","1","","","1","","1","1","1","1","1","1","","1","","","","1","","1","1","1","","1","1","","1","1","1","1","","1","1","1","","1","1","1","1","1","1","1","1","","1","","","","1","","","1","1","","1","","","","1","","1","1","1","","","1","","1","","1","","","","","","","1","","1","1","","1","","","","","","1","","","1","1","","1","1","1","","","","1","","","","1","","","","","","","","","","","","","","","","","","","","",""
"Sobriety Solutions Lakeside","","900 Liberty Place","","Sicklerville","NJ","08081","","Camden","856-302-1362","https://www.sobrietysolutions.com","39.7493743","-74.9994587","SU","1","","","","1","","1","1","1","1","","1","","","","1","","","1","","1","1","1","","1","","","","1","","","","","1","1","1","1","","","","","","","","","","","","1","1","1","","1","","","","","","1","1","1","1","1","1","","1","1","","","1","1","1","1","1","1","","1","1","1","1","1","1","1","1","","","","","","","1","1","1","1","1","1","1","","1","1","","1","1","","","1","1","1","1","","","1","1","","1","","1","1","1","1","","","","1","1","1","","1","","1","1","1","1","1","1","1","","1","1","","1","","1","1","1","1","1","1","1","","1","","1","1","1","1","","1","1","","1","","","","1","1","","1","1","","","","1","1","","","1","1","1","1","","","","","","1","","","","","","1","","","1","","","1","","","","","","","","","","","","","","","","","","","","","","","","",""
"Richard Hall CHWC","OPD IOP and Recovery Supports","500 North Bridge Street","","Bridgewater","NJ","08807","","Somerset","908-725-2800","https://www.co.somerset.nj.us","40.5895192","-74.6070108","SU","1","","","","1","","1","1","1","1","","","","","","1","","","1","","1","1","1","","1","","","","1","","","","","1","","1","1","","","","","","","","","","1","","1","1","1","","1","","","","","","1","1","1","1","1","1","1","1","","1","1","1","","","","","","","","1","","","1","","","","1","","","","","","1","1","1","1","1","1","1","1","1","1","1","","1","","","1","1","1","1","","","1","1","","1","","1","1","1","1","1","1","","1","1","1","","1","","1","1","1","1","1","1","1","","1","1","","1","","1","1","1","1","1","","1","","1","1","1","1","","","","1","1","1","1","","","1","1","1","","1","1","","","","1","","1","1","1","1","1","","","","","","","1","","","","","1","1","","","1","","","1","","1","1","","1","1","1","1","1","1","1","1","1","1","1","1","1","1","1","1","1","1","1","1",""
"Extracare Counseling Centers","","215 Elm Avenue","","Rahway","NJ","07065","","Union","732-388-2199","https://www.extracarehealth.com","40.6082677","-74.2801227","SU","1","","","","","","","","","","","","","","","1","","","1","","1","1","1","","1","","","","1","","","","","","","1","1","","","","","","","","","","","","","","","","","","","","","","1","","","","1","","","1","","","1","1","1","","","1","1","1","1","1","1","1","1","1","1","1","","","","","","","1","1","1","1","1","1","1","1","1","1","1","","1","","1","1","","1","1","1","","1","","","1","","1","1","1","1","","","","","1","1","","1","","1","1","1","1","1","1","1","","","1","","1","","","","1","1","","","","","","","","","","1","","1","","","1","","","1","","1","","1","","","","","","1","","","1","1","1","1","","","","","","","","","","","","","","","1","","","1","","","","","","","","","","","","","","","","","","","","","","","","","1"
"Center for Family Services","Family First Program","594 Benson Street","","Camden","NJ","08103","","Camden","877-922-2377","https://www.centerffs.org","39.9405961","-75.1176976","SU","1","","","","1","","1","1","1","1","","","","","","1","","","1","","","","1","","1","","","","1","","","","","1","","1","1","","","","","","","","","","","","1","1","1","","","","","1","","","1","1","","","","","1","","","1","","1","1","","1","1","","1","","1","1","","1","1","1","","1","","","","","","","1","1","1","1","","1","1","1","1","1","1","","","","1","1","1","1","","","1","1","","","1","1","1","1","1","","","","1","","","","1","","1","1","1","1","1","1","1","","","","","1","","1","","1","1","1","","1","","1","","1","1","1","","1","1","","1","","","","1","1","","1","","1","","","","1","","1","","1","1","1","","","","","","","1","","","","","","","","","","","","1","","","","","","","","","","","","","","","","","","","","","","","","",""
"High Point Partial Care","Substance Abuse","162 Broad Street","","Flemington","NJ","08822","","Hunterdon","908-788-5979","https://www.highpointpartialcare.com","40.5034998","-74.8549865","SU","1","","","","1","","","1","1","1","","","","","","1","","","1","","","1","1","","1","","","","1","","","","","1","1","1","1","","","","","","","","","","","","1","1","1","","","","","","","","1","1","","1","1","1","","1","","","","1","","","","1","","","","1","1","","1","","","","1","","","","","","1","1","1","1","","1","1","","1","1","1","","1","","","1","1","1","1","","","","1","","","","1","1","1","1","1","","","1","1","","1","","","1","","1","","1","1","1","","1","1","1","1","","1","1","","1","1","1","1","","1","1","1","1","1","1","","","1","1","1","","","1","1","1","1","1","1","","","","1","","1","1","","1","","","","","","","","1","","","","","","","","","1","","","1","","","","","","","","","","","","","","","","","","","","","","","","",""
"Volunteers of America Delaware Valley","Addiction Treatment Program","510 Liberty Street","","Camden","NJ","08104","","Camden","856-583-2220","https://www.voadv.org","39.9299222","-75.1188722","SU","1","","","","","","","","","","","","","","","1","","","1","","1","1","1","1","","","","","1","","","","","","","1","1","","","","","","","","","","","","1","1","1","","","1","","","","","1","1","","1","","","1","1","","","1","1","","","","1","","","","1","1","","1","","","1","","","","","","","","1","1","","","1","1","1","1","1","1","","1","","","1","1","1","1","1","","1","","","1","","","1","1","1","","","","1","1","1","","1","","","","1","1","1","1","1","","","1","","1","","1","","","1","1","","","","","","","","","","1","","","1","","","","1","","","1","","","","","","","","1","","1","1","","","","","","","","","","","","","","","","","","1","","","","","","","","","","","","","","","","","","","","","","","","","","",""
"Camden Treatment Associates","","508 Atlantic Avenue","","Camden","NJ","08104","1108","Camden","856-338-1811 x105","https://camdentreatment.com","39.9285998","-75.1184877","SU","1","","1","","","","","","","","1","","","","","","","1","1","","1","1","","","1","","","","1","","","","","1","1","1","1","","","","","","","","","","","","1","","","","","1","","","","","1","1","1","","","","","","","","1","","","","","","","","1","1","1","","","","","","","","","","","","","1","1","1","","1","","1","1","1","1","","1","","","1","1","1","1","","","","","","","","","1","1","1","","","","","1","1","1","","","","1","1","","","1","","1","1","1","1","1","","1","","","1","1","","","1","","","","","","1","","","","","","1","","","","","","","","","","","","","1","","1","1","","","","","","","","","","","1","1","","1","1","1","","","","1","1","","","","","","","","","","","","","","","","","","","","","","","",""
"Organization for Recovery","","519 North Avenue","","Plainfield","NJ","07060","","Union","908-769-4700 x2025","https://organizationforrecovery.org/","40.6234167","-74.414531","SU","1","1","1","1","1","1","","1","","","1","","","","","","","1","1","","1","1","1","","1","","","","1","","","","1","1","","1","1","","","","","","","","","","","","1","","1","","","1","","","","","1","1","1","","","","1","1","1","","1","1","1","1","1","1","1","1","1","1","1","1","1","1","1","1","","","","","","1","","1","1","1","1","","1","1","1","1","1","","1","","1","1","","1","1","1","","1","","","1","","1","1","1","1","","","1","1","1","1","1","1","","1","1","1","","1","1","1","1","1","1","1","1","","1","","","1","1","","","1","1","1","","","","","1","1","","","","","","1","","1","1","1","","","","","","1","1","","1","1","","","1","","","","","","","","1","1","1","1","1","1","","","","1","","","","1","","","","","","","","","","","","","","","","","","","","",""
"Recovery at the Crossroads LLC","","509 Route 168","","Blackwood","NJ","08012","","Camden","609-645-2500","https://www.racnj.com","39.7718979","-75.0527748","SU","1","","","","","","1","1","1","1","","","","","","1","","","1","","1","1","1","","","1","","","1","","","","","1","1","1","1","","","","","","","","","","","","1","1","1","","1","","","","","","1","1","","","1","","1","","","","","1","","","1","1","1","","","1","1","1","1","1","","1","1","","","","","","","1","1","1","1","1","1","","1","1","","","1","","","1","1","1","1","","","1","","","1","","1","1","1","1","","1","","1","1","1","1","","","1","1","1","1","1","1","1","","1","1","1","1","","1","1","1","1","","","1","","1","1","1","1","","1","","","1","","1","","","1","1","1","1","1","1","","","","1","","1","1","1","1","","1","","","","","","1","","","","","","1","","1","1","","1","","","","1","","","","","","","","1","","","","","","","","","","","","","",""
"My Fathers House Inc","","104 North King Street","","Gloucester City","NJ","08030","","Camden","856-742-0900","https://www.mfhinc.org","39.8998971","-75.1239387","SU","1","","","","1","","1","1","1","1","","","","","","1","","","1","","1","1","1","","","1","","","1","","","","","1","","1","1","","","","","","","","","","","","1","1","1","","","1","","","","","1","1","","","","","1","","1","","1","1","1","","1","1","1","1","1","1","1","1","1","1","1","1","","","","","","","1","1","1","1","1","1","1","1","1","1","1","1","1","","1","1","1","1","1","1","","1","","","1","","1","1","1","1","","1","","1","1","1","","1","","1","1","1","1","1","1","1","","1","1","","1","","1","","1","1","1","","1","","1","","1","1","1","","1","","1","1","1","","","1","1","1","1","1","","","","","","1","1","","1","1","1","1","","1","","","","1","","","1","1","1","1","","","1","","1","","","","","","","","","","","","","","","","","","","","","","","","","",""
"Counseling Center at Clark","","60 Walnut Avenue","Suite 200","Clark","NJ","07066","","Union","561-459-5737","https://www.thecounselingcenter.com/locations/clark-nj/","40.6284624","-74.3017309","SU","1","","","","","","","1","1","1","","","","","","","","","1","","1","1","1","","1","","","","1","","","","","1","1","1","1","","","","","","","","","","","","1","1","1","","1","","","","","","1","","","","1","1","","","","","","","","","","","","","","","","","","","","","","","","","","","","1","1","1","","1","1","1","1","1","1","","1","","1","1","1","1","1","","","1","","","1","","1","1","1","1","","1","","","1","1","1","","","1","1","1","1","1","1","1","","","1","","1","","","","1","1","1","","1","","1","1","1","1","","1","","","","","","","","1","1","","1","","","","","","","","1","","1","1","","","","","","","","","","","","1","","1","","","","","","1","","","","","","","","","","","","","","","","","","","","","","","","",""
"Prevention Resources","","4 Walter Foran Boulevard","Suite 410","Flemington","NJ","08822","1128","Hunterdon","908-782-3909","https://njprevent.com","40.5226875","-74.8569268","SU","1","","","","","","","","1","","","","","","","1","","","","","1","1","1","1","","","","","1","","","","","","","","1","","","","","","","","","","","","1","","","","","","","","","","1","1","1","","1","","","1","1","","","","1","","","","","1","","1","1","","","","","1","","","","","","","","1","1","1","1","1","1","","1","1","","","1","","1","1","1","1","1","1","","1","","","","","1","1","1","1","","1","","1","1","","","1","","1","1","1","1","1","1","1","","","","","1","","1","","1","1","1","","1","","","","","","","","1","","","","1","","","1","","1","","1","","","","","","1","1","","1","1","1","1","","","","","","","","","","","","","","","1","","","1","","","","","","","","","","","","","","","","","","","","","","","","",""
"Essex Healthcare LLC.","DBA Rubicon Recovery Center","40 Stirling Road","Suite 208","Watchung","NJ","07069","","Somerset","908-274-0015","https://www.rubiconrecoverycenter.com","40.6383993","-74.4516726","SU","1","","","","1","","1","1","1","1","","","","","","","","","1","","","1","1","","1","","","","1","","","","","1","1","1","1","","","","","","","","","","","","1","","1","","1","","","","","","1","","","","1","1","","","","","","1","1","1","1","1","1","","1","1","1","1","1","1","1","1","1","","","","","","","1","1","1","1","1","1","1","1","1","1","","1","","","1","1","1","1","","","1","","","1","","1","1","1","1","1","","","1","1","1","1","1","","1","1","1","1","1","1","1","1","","1","1","1","","1","1","1","1","1","","1","","1","1","1","1","","1","","","","","","","","","1","","","","1","","","1","1","","","1","1","1","1","1","","1","","","","1","","","","","","1","1","1","","","","1","","","","","","","","","","","","","","","","","","","","","","","","",""
"Maryville Inc","Outpatient Treatment Services","129 Johnson Road","Suite 7","Blackwood","NJ","08012","","Gloucester","856-454-1710","https://www.maryvillenj.org","39.7474103","-75.0439055","SU","1","","","","","","","1","1","1","","","","","","1","","","1","","1","1","1","","1","","","","1","","","","","1","","1","1","","","","","","","","","","","","1","1","1","","","1","","","","","1","1","","1","1","1","1","1","1","1","1","1","","","","","","1","","","","","1","","","","1","","","","","","","1","1","1","","1","1","1","1","1","1","1","1","","1","1","1","1","1","","","1","","","","","1","1","1","1","1","","1","1","1","1","1","1","","1","1","1","1","1","1","1","1","1","1","1","1","","1","1","1","1","1","","1","","1","1","1","1","","","1","","1","1","1","","","","1","","1","","1","1","","","1","","1","1","1","1","1","1","","1","","","","1","1","","","","1","1","1","1","1","","","1","","","","","","","","","","","","","","","","","","","","","","","","",""
"The Haven Detox","New Jersey","6 Collier Drive","","Sewell","NJ","08080","","Gloucester","833-616-1093","https://havendetoxnow.com/locations/detox-blackwood-nj","39.7850242","-75.0737304","SU","1","1","","","","1","1","1","1","1","","1","","","","","","","1","","1","1","1","","1","","","1","","1","1","1","","","","","","","","","","","","","","","","","1","1","1","","1","","","","","","1","","","1","1","1","","1","","","1","1","1","1","1","1","1","","","1","1","1","1","1","1","1","1","1","1","1","1","1","1","1","1","1","1","1","1","1","1","1","1","","1","","","1","1","1","1","","","1","1","","1","","1","1","1","1","","1","1","1","1","1","1","","1","1","1","1","1","1","1","1","1","1","1","1","1","","1","1","1","1","1","","1","","1","1","1","1","","1","","1","","","","","","","1","","","","1","1","1","1","1","1","1","1","1","1","1","1","1","1","","","","1","1","","","","","1","1","1","1","","","1","","","","","","","","","","","","","","","","","","","","","","","","",""
"Center for Family Services","Substance Abuse Treatment Services","601 South Blackhorse Pike","","Williamstown","NJ","08094","","Gloucester","856-651-7553","https://www.centerffs.org","39.6824991","-74.986693","SU","1","","","","","","1","1","1","1","","","","","","","","","1","","1","1","1","","1","","","","1","","","","","1","","1","1","","","","","","","","","","","","1","1","1","","","","","1","","","1","1","","1","","","1","","","","","1","1","","1","1","","1","1","1","1","","1","1","1","","1","","","","","","","1","1","","","","","1","1","1","","","1","","1","1","1","1","1","","","1","1","","","","1","1","1","1","1","","","1","","","","1","","1","","1","1","1","1","1","","","","","1","","1","","1","1","","","1","","1","1","1","1","1","","1","1","","","","","","1","1","1","","1","1","","","","1","1","","","1","1","1","","","","","","","1","","","","","1","","","","","","","1","","","","","","","","","","","","","","","","","","","","","","","","",""
"Hunterdon Medical Center/Add Trt Servs","Hunterdon Behavioral Health","2100 Wescott Drive","","Flemington","NJ","08822","","Hunterdon","908-788-6401 x3839","https://www.hunterdonhealth.org","40.5306201","-74.8584345","SU","1","","","","","","","","1","1","","","","","","1","","","1","","1","1","1","1","","","","","1","","","","","1","1","1","1","","","","1","","","","","","","","1","","1","1","1","","","","","","1","1","1","1","1","","1","1","","1","","1","","","","","1","","","","","","","","","","1","","","","","","","1","1","1","1","1","1","","1","1","","","1","","1","1","","1","1","1","","1","1","","","","1","1","1","1","1","1","1","1","1","1","1","1","","1","1","1","1","1","1","1","","","1","1","1","","","1","1","1","1","","1","","","","","1","","","1","","1","","","","","","1","1","1","1","1","","","","1","","","1","","1","","","","","","","","1","","","","","","","","","1","1","","","","","","","","","","","","","","","","","","","","","","","","","","",""
"Good News Home Inc","Good News House for Women","33 Bartles Corner Road","","Flemington","NJ","08822","","Hunterdon","908-806-4220","https://www.goodnewshome.org/","40.5382971","-74.8472968","SU","1","","","","","","","","","","","","","","","1","","","1","","","1","1","1","","","1","1","","1","1","","","","","","","","1","","","","","","","","","","1","1","","","","","","","","","1","","","","","","1","1","1","","","1","1","","","","","","1","1","","","1","1","1","","1","","","","","","","1","1","1","1","1","1","","1","1","","","1","","","1","1","1","","","","1","","","1","","","1","1","1","","1","","1","1","1","1","","","1","","1","1","1","1","1","","","1","","1","","1","1","1","1","1","","","","","","","","","","1","1","","1","1","","","1","","1","1","1","","","","","","","","","1","1","1","","","1","","","","1","","","","","1","","","1","","1","","","","","","","","","","","","","","","","","","","","","","","","","","",""
"Good News Home Inc","","33 Bartles Corner Road","","Flemington","NJ","08822","","Hunterdon","908-806-4220","https://www.goodnewshome.org","40.5382971","-74.8472968","SU","1","","","","","","","","","","","","","","","1","","","1","","","1","1","1","","","1","1","","1","1","","","","","","","","1","","","","","","","","","","1","1","","","","","","","","","1","","","","","","1","1","1","","","1","1","","","","","","1","1","","","1","1","1","","1","","","","","","","1","1","1","1","1","1","","1","1","","","1","","","1","1","1","","","","1","","","1","","1","1","1","1","","1","","1","1","1","1","","","1","","1","1","1","1","1","","","1","","1","","1","1","1","1","1","","","","","","","","","","1","1","","1","1","","","1","","1","1","1","","","","","","","","","1","1","1","","","1","","","","1","","","","","1","","","1","","1","","","","","","","","","","","","","","","","","","","","","","","","","","",""
"ARS of New Jersey LLC","","110 American Boulevard","Suite 5","Blackwood","NJ","08012","1767","Camden","856-352-5999","https://www.arshealth.com","39.7245999","-75.0347382","SU","1","","","","","","","1","","","1","","","1","","","","1","1","","1","1","1","","1","","","","1","","","","","1","","1","1","","","","","","","","","","","","","","","","","","","","","","1","1","1","1","1","","","","","","","","","","","","","","","","","","","","","","","","","","","","","1","1","1","","","1","1","1","1","1","","1","","","1","1","1","1","","","1","","","1","","","1","1","1","","","","","","","","1","","1","1","1","","1","1","1","","1","1","1","1","","1","","1","","1","","","1","1","","1","","","1","","","","","","1","","","","","","","","","","","","","1","","1","1","","1","","","","","","","","","1","","","1","","1","","","1","","1","","","","","","","","","","","","","","","","","","","","","","","",""
"Family Empowerment Recovery Services","","76 West Jimmie Leeds Road","Suite 402","Absecon","NJ","08205","","Atlantic","609-573-5260","https://www.familyempowermentassociates.org/fersmain","39.4761909","-74.5432157","SU","1","","","","1","","","1","1","","","","","","","1","","","1","","1","1","1","","1","","","","1","","","","","1","","1","1","","","","","","","","","","","","1","1","1","","","","","","","","1","1","","1","1","1","1","1","","","1","","","","","","","","","","","","","","","","1","","","","","","1","1","1","1","1","","1","","1","1","1","","1","","","1","1","1","1","","","1","","","1","","1","1","1","1","1","1","","1","1","1","1","1","","1","1","1","","1","1","1","1","1","1","1","1","","1","1","","1","1","","1","","1","","1","1","","1","","","","","1","","","1","1","1","","1","1","","","1","1","","1","1","1","1","","","","","","","","1","","","","","","","1","1","1","","","1","","","","","","","","","","","","","","","","","","","","","","","","",""
"Resolve Comm Counseling Center Inc","","1830 Front Street","","Scotch Plains","NJ","07076","","Union","908-322-9180","https://www.ResolveNJ.com","40.6500616","-74.3988242","SU","1","","","","","","","","","","","","","","1","","","","1","","1","1","","","","1","","","1","","","","","","","","1","","","","","","","","","","","","","1","","","","","","","","","1","1","","","1","1","","1","","","","","","","","","","","","","","","","","","","","","","","","","","1","1","1","1","","","","1","1","","","","","1","1","","1","1","","","1","","","","","1","1","","1","","1","","1","","","","","","1","","1","","1","1","1","","","","","","","","","","","1","","","","","","","","","","1","1","","","","","","1","","1","","1","","","","","","","","","","","","","","","","","","","","","","","","","","","1","","1","","","","","","","","","","","","","","","","","","","","","","","","","","1"
"High Focus Centers","","3322 Route 22 West","Suite 1403","Somerville","NJ","08876","","Somerset","732-474-7447","https://www.highfocuscenters.com","40.6078549","-74.7028357","SU","1","","","","","","","","1","","","","","","","1","","","1","","1","1","1","","1","","","","1","","","","","","","1","","","","","","","","","","","","","1","1","1","","","1","","","","","1","","","","1","","","","","","","1","","","","","1","1","","1","1","","","","","1","1","","","","","","","1","1","","","1","1","1","1","1","","","1","","1","1","1","1","1","","","1","","","1","","1","1","1","1","","","","","1","1","","","","1","","1","1","1","1","1","","1","1","","","","","","","1","1","","1","","","","","","","1","","1","","","1","","","1","1","1","","1","","","","","","","","","1","","","","","","","","","1","","","","","","","","","1","","","1","","","","","","","","","","","","","","","","","","","","","","","","","1"
"ARS Treatment Centers of New Jersey","Crossroads Treatment Centers Galloway","337 East Jimmie Leads Road","Suite A","Absecon","NJ","08205","","Atlantic","800-805-6989","https://crossroadstreatmentcenters.com","39.4651353","-74.4952853","SU","1","","","","1","","","1","","","","","","","","","","","","","1","1","","","1","","","","1","","","","","1","","","","","","","","","","","","","","","","","","","","","","","","","1","1","1","1","1","1","","","","","","","","","","","","","1","","","","","","","","","","","","","","","1","1","","","","","","","","","","","","","1","1","1","1","","","1","","","1","","","1","1","1","","","","","","","","","","","","1","","","1","","","","","","1","","","","1","","","","","","1","","1","","","1","","","","","","1","","","","","","","","","","","","","","","1","","","","","","","","","","","","","1","","1","","","","","","1","1","","","","","","","","","","","","","","","","","","","","","","","",""
"Enlightened Solutions LLC","","600 South Odessa Avenue","","Egg Harbor City","NJ","08215","","Atlantic","609-270-5213","https://www.enlightenedsolutions.com","39.4746858","-74.5956531","SU","1","","","","1","","1","1","1","1","","","","","","","","","1","","1","1","1","","1","","","","1","","","","","1","1","1","1","","","","","","","","","","","","1","","1","","1","","","","","","1","","","","1","","","","","","","1","1","1","1","1","1","","1","1","1","1","1","1","1","1","1","","","","","","1","1","1","1","","1","1","1","1","1","1","1","1","","","1","1","1","1","","","1","","1","1","","1","1","1","1","","1","","1","1","1","1","1","","1","1","1","1","1","1","1","","1","1","","1","","1","1","1","1","1","","1","","1","","1","1","1","1","","1","","","","","","","1","","1","","1","","","","1","1","1","","1","1","","1","","1","","","","1","","","","","","1","","","1","","","1","","","1","","","","","","","","","","","","","","","1","","","","","","",""
"Mount Carmel Guild Substance Use","","108 Alden Street","","Cranford","NJ","07016","","Union","908-497-3990","https://www.ccannj.org","40.6580277","-74.3054763","SU","1","","","","","","","","","","","","","","1","","","","1","","1","1","1","","1","","","","1","","","","","","","1","1","","","","","","","","","","","","","1","","","","","","","","","1","1","1","","1","","","1","","","","1","","","","1","","","","1","1","","1","1","1","","","","","","","","","1","1","1","1","1","1","1","1","1","1","","1","","","1","1","1","1","","","","","","1","","1","1","1","1","","","","","","1","","1","","1","","1","1","1","1","1","","1","","","1","","1","","","","1","","","","","","","","","","1","","","","","","1","","","","","","","","","","","1","1","","1","1","","","","","","","","1","","","","","","","","","","","","1","","","","","","","","","","","","","","","","","","","","","","","","",""
"Suburban Health Clinic of","Woodbury","414 Tatum Street","","Woodbury","NJ","08096","","Gloucester","856-812-9100","https://suburbanhealthclinic.com","39.8434223","-75.1522644","SU","1","","1","","1","","","1","","1","1","","","","","","","1","1","","1","1","","","","1","","","1","","","","","1","","1","1","","","","","","","","","","","","","","","","","1","","","","","1","1","1","","1","1","","","","","1","1","1","","1","1","1","","1","1","1","1","1","1","1","1","","","","","","","","1","1","1","1","","","","1","","1","","1","","","1","1","1","1","","","1","","","1","","","1","1","1","","","","","1","1","","","","","1","1","","","1","","1","1","1","1","1","","1","","","1","1","","1","1","1","","1","","","1","","","","","","1","","","","","","","","","","","","1","1","1","1","1","","1","","","","","","","","","1","1","","1","1","1","","","1","","1","","","","","","","","","","","","","","","","","","","","","","","",""
"Recovery Team","","1450 US-22","","Mountainside","NJ","07092","","Union","833-616-1093","https://www.recoveryteam.org/locations/new-jersey","40.6710864","-74.359921","SU","1","","","","1","","1","1","1","1","","","","","","","","","1","","1","1","1","","1","","","","1","","","","","1","","1","1","","","","","","","","","","","","1","1","1","","1","","","","","","1","","","","1","","","","","","1","","","","","","","","","","","","","","","","1","","","","","","1","","1","1","","1","1","","1","","","","1","","","1","1","1","1","","","","1","","","","","1","","1","","","","","","","","","","","","1","","1","1","","","","","","1","","1","1","","","","","1","","1","1","1","1","","1","","","","","","","","1","1","","","","1","1","1","1","1","","1","","","1","1","","","","","","","1","","","","","","","","","1","","","1","","","","","","","","","","","","","","","","","","","","","","","","",""
"Solstice Counseling and Wellness Ctr","Gloucester County Campus","29 South Broad Street","","Deptford","NJ","08096","","Gloucester","856-345-1461","https://www.SolsticeCares.com","39.837708","-75.15418","SU","1","","","","1","","1","1","1","1","","","","","","1","","","1","","1","1","1","","1","","","","1","","","","","1","","1","1","","","","","","","","","","","","1","1","1","","","1","","","","","1","1","1","1","1","1","1","1","1","1","","1","1","1","1","1","1","","1","1","1","1","1","1","1","1","","","","","","","1","1","1","1","1","1","1","1","1","1","1","1","1","","","1","1","1","1","","","1","1","","1","","1","1","1","1","1","1","","1","1","1","","1","","1","1","1","1","1","1","1","","1","1","1","1","","1","","1","1","1","","1","","1","1","1","1","1","1","","","1","1","1","","","1","1","1","1","1","","","","","","1","1","","1","1","1","","","1","","","","1","","","","","1","","","","1","","","1","","","","","","","","","","","","","","","","","","","","","","","","",""
"Wounded Healer","My Friends House FC","371 Glassboro Road","","Woodbury Heights","NJ","08097","","Gloucester","856-669-6900","https://www.mfhrecovery.com","39.8226092","-75.150867","SU","1","","","","1","","","1","1","1","","","","","","","","","1","","","1","1","","1","","","","1","","","","","1","","1","1","","","","","","","","","","","","1","1","1","","","","","","","","1","1","","1","1","1","1","","","","","1","1","","1","1","1","","1","1","1","1","1","1","1","1","","","","","","","","1","1","1","1","","1","1","1","1","","","1","","","1","1","1","1","","","1","1","","","","1","1","1","1","","","","","","","1","1","","1","1","1","1","1","1","1","","1","","1","1","","1","","1","1","","","1","","1","","1","1","","1","","","","","","","","","1","","","","","","","","","1","1","1","","","","","","","","","","1","","","","","","","1","1","","","","1","","","","","","","","","","","","","","","","","","","","","","","","",""
"Trinitas Regional Medical Center","Substance Abuse Services","654 East Jersey Street","1st Floor","Elizabethport","NJ","07206","","Union","908-994-7090","https://www.rwjbh.org/trinitas-regional-medical-center/","40.6592511","-74.1986262","SU","1","","","","1","","1","1","1","1","","","","","","1","","","1","","1","1","1","1","","","","","1","","","","","1","1","1","1","","","","1","","","","","","","","1","1","1","1","1","","","","","","1","1","1","1","1","","1","","1","1","1","1","","","","1","1","","1","1","1","1","1","1","1","","1","","","","","","1","1","1","1","1","1","1","1","1","1","1","1","1","","","1","1","1","1","1","","1","1","","1","1","1","1","1","1","1","1","1","1","1","1","1","1","","1","1","1","1","1","1","1","","1","1","","1","","","1","1","1","1","","1","","1","1","1","1","1","","1","","1","1","1","","","1","1","1","1","1","","","","","","","1","","1","","1","","","","","","","1","","","","1","1","1","","","1","1","","","","","","1","","","","","","","","","","","","","","","","","","","","",""
"Proceed Inc","Addiction Services","1126 Dickinson Street","","Elizabeth","NJ","07201","","Union","908-469-3200 x251","https://www.proceedinc.com","40.6627604","-74.2126591","SU","1","","","","1","","1","1","1","","","","","","","1","","","1","","","1","1","1","","","","","1","","","","","1","","1","1","","","","","","","","","","","","1","","1","","","","","","","","1","1","","","","","1","1","","","1","1","1","1","1","1","1","1","","1","1","1","1","1","1","1","","","","","","","","1","1","1","1","1","1","1","1","1","1","","1","","1","1","1","1","1","1","","1","","","","1","1","1","1","1","","1","1","1","1","1","1","1","","1","1","1","1","1","1","1","1","1","1","1","1","","1","","1","1","","","1","","1","1","1","1","","","1","1","1","1","","","","1","1","1","1","1","","","","","","","1","1","1","1","1","1","","","","","","1","","","","","1","","1","1","","1","","","","","1","","","","","","","","","","","","1","","","","1","","","","","",""
"Acenda Inc","Sewell Counseling and Wellness Center","200 Holly Dell","","Sewell","NJ","08080","","Gloucester","844-422-3632","https://www.acendahealth.org","39.7476441","-75.1100432","SU","1","","","","1","","1","1","1","1","","","","","","1","","","1","","1","1","1","","1","","","","1","","","","","1","","1","1","","","","","","","","","","","","1","1","","","","1","","","","","1","1","1","1","1","1","1","1","","","","1","","","","","","1","","1","1","","","","","","","","","","","","","1","1","1","","","1","","1","","","","1","","1","1","1","1","1","1","","1","","","","","1","1","1","1","","","","","1","1","","1","","1","","1","1","1","1","1","","","1","1","1","","","","","1","1","","1","","1","","1","1","","","1","","","1","","","","","1","1","","1","","","","","","","1","","1","1","","","","","","","","1","","","","","","1","","","1","","","1","","","","","","","","","","","","","","","","","","","","","","","","",""
"Sunrise Detox II","","1272 Long Hill Road","","Stirling","NJ","07980","","Morris","908-504-2700","https://www.sunrisedetox.com","40.6807535","-74.4974535","SU","1","","","","","","","1","1","1","","","","","","1","","1","1","","1","1","","","1","","","1","","1","","","","","","","","","","","","","","","","","","","1","","1","","1","","","","","","1","","","","1","1","","","","","","","","","","","","","","","","","","","","","","","","","","","","1","1","1","","1","1","1","1","1","","","1","","","1","1","1","1","","","1","","","1","","1","1","1","1","","","","","1","1","1","","","","1","1","1","1","1","1","","1","1","1","1","","","","1","1","1","","1","","1","1","1","1","","1","","","1","","","","","1","1","","1","","1","","","","1","","1","1","1","1","","","","","","","","","","","1","1","","1","1","1","","","","1","","","","1","","","","","","","","","","","","","","","","","","","","",""
"Intervention Specialists","","333 North Broad Street","Suite 2-B","Elizabeth","NJ","07208","","Union","908-289-0700","https://www.interventionspc.com/","40.6708576","-74.2149548","SU","1","","","","1","","1","1","1","1","","","","","","1","","","1","","1","1","1","","1","","","","1","","","","","1","","1","1","","","","","","","","","","","","1","","1","","","","","","","","1","1","","","1","","","1","","","1","1","","","","1","1","1","","1","1","","1","1","1","1","","","","","","","1","1","1","1","","1","","1","1","1","","","1","","","1","1","1","1","","","1","","","","","1","1","1","1","","1","","1","","1","1","1","","1","1","1","","1","1","","","1","","1","1","","1","","","1","","","1","","1","1","1","1","1","1","","","","","1","","","1","1","1","","1","","","","","","1","1","","1","1","1","","","","","","","1","","","","","","","","","","","","1","","","","","","","","","","","","","","","","","","","","","","","","",""
"Social Recovery Center","","841 Mountain Avenue","Suite 100","Springfield","NJ","07081","","Union","973-774-2273","https://www.socialrecoverycenter.com","40.6871541","-74.3338972","SU","1","","","","1","","1","1","1","1","","","","","","1","","","1","","1","1","1","","1","","","","1","","","","","1","1","1","1","","","","","","","","","","","","1","1","1","","","","","","","","1","1","1","1","1","","","1","","","1","1","1","1","1","1","1","","1","1","1","1","1","1","1","1","","","","","","","1","1","1","1","1","1","1","1","1","1","1","","1","","","1","1","1","1","1","","1","1","","1","","1","1","1","1","","","","1","1","1","","1","","1","1","1","1","1","1","1","","","1","","1","","1","","","","1","1","1","","1","1","1","1","1","1","","1","1","1","","","","1","1","","1","","","","","","","1","1","1","1","1","","1","","","","","","1","","","","","","1","","","","","","1","","","","","","","","","","","","","","","","","","","","","","","","",""
"Forge Health of West Deptford","","875 Kings Highway","Suite 201","Deptford","NJ","08096","","Gloucester","856-655-7600","https://www.forgehealth.com/","39.8267006","-75.1723301","SU","1","","","","1","","1","1","1","","","","","","","","","","1","","1","1","1","","1","","","","1","","","","","1","","1","1","","","","","","","","","","","","1","1","","","","","","","","","1","1","1","","1","1","","","","","","1","1","1","1","","1","","1","1","1","","1","","","1","","","","","","","1","1","1","1","1","","1","","1","1","","","1","","","1","1","1","1","","","1","1","","1","","1","1","","1","1","","","1","","","","","","1","","1","","1","1","1","","","","","1","","1","","","1","1","","1","","1","","1","1","","1","","","","","","","","","1","","","","","","","","","","","","1","1","","","","","","","","1","","","","","","","","","1","","","1","","","","","","","","","","","","","","","","","","","","","","","","",""
"Lennard Clinic Inc","","850 Woodruff Lane","","Elizabeth","NJ","07201","","Union","908-352-0850 x410","https://www.thelennardclinic.org","40.6729912","-74.194674","SU","1","1","1","1","1","1","","1","","","1","","","","","","","1","1","","1","1","","","1","","","","1","","","","1","1","","1","1","","","","","","","","","","","","1","","1","","","1","","","","","1","1","1","1","","","1","1","","","1","","","","","1","","","1","","1","","","","","","","","","","","1","","1","1","1","","1","1","1","1","","","","1","","","1","1","1","1","1","","1","","","1","","1","1","1","1","","","","","1","1","","1","","","1","1","","1","1","","","","1","1","1","","","","","1","","","","1","1","","","","","","1","","","","","1","","","","","","","","","","","","","1","","","1","","","1","","","","","1","","","1","1","","","","","","1","","","","","","1","","","","","","","","","","","","","","","","","","","","",""
"Suburban Health Clinic","","43 Progress Street","","Union","NJ","07083","","Union","908-258-8765","https://suburbanhealthclinic.com","40.6915783","-74.3023337","SU","1","","1","","1","","","1","1","1","1","","","","","","","1","1","","1","1","1","","1","","","","1","","","","","1","","1","1","","","","","","","","","","","","1","","1","","","1","","","","","1","1","1","","","","","1","","","","","","","","","1","","1","1","1","","","","","1","","","","","","","","1","1","","","1","1","1","1","1","1","","1","","","1","1","1","1","","","1","","","1","","","1","1","1","","","","","1","1","","","","","1","1","","1","1","1","1","1","1","1","1","","1","","1","1","1","","1","1","1","1","","","","1","","","","","","1","","","","","","","","","","","","","1","","1","1","","","","","","","","","","","1","1","","","1","1","","","","1","1","","","1","","","","","","","","","","","","","","","","","","","","",""
"BlueCrest Counseling Center","","571 Central Avenue","Suite 108","New Providence","NJ","07974","","Union","973-298-5776","https://www.bluecrestcounseling.com","40.6987866","-74.4040453","SU","1","","","","","","1","","1","1","","","","","","","","","1","","","1","1","","1","","","","1","","","","","1","1","1","1","","","","","","","","","","","","","","1","","1","","","","","","1","","","","1","","","","","","","1","","","","","","","","1","1","","1","","","","1","","","","","","","1","1","1","","1","","","1","1","","","1","","","1","1","1","1","","","1","1","","1","","1","1","1","1","1","","1","1","1","1","","","","1","1","1","1","1","1","1","","","1","","1","","1","1","1","1","1","","1","","","","","1","","1","","1","","","","","","","1","","","","","","","","","1","","","1","1","","","","","","","","1","","","","","","","","","","","","1","","","","","","","","","","","","","","","","","","","","","","","","",""
"Maryville Inc","Residential","1903 Grant Avenue","","Williamstown","NJ","08094","","Gloucester","855-823-3428","https://www.maryvillenj.org","39.6351126","-75.0346192","SU","1","1","","","","","","1","1","1","","","","","","1","","","1","","","1","1","","1","","","1","","1","","1","","","","","","","","","","","","","","","","","1","","1","","","1","","","","","1","1","","1","1","1","1","1","1","1","1","1","","","","","","","","1","","","1","","","","1","1","1","1","1","1","1","1","1","1","","1","1","1","1","","1","","1","","","1","1","1","1","","","1","1","","1","","1","1","1","1","","","1","","1","1","","1","","1","1","1","1","1","1","1","","1","1","1","1","","1","1","1","1","1","","1","","1","1","1","1","1","","1","","1","1","1","","","1","1","1","1","1","1","1","","","1","1","","","1","1","1","","1","","","","","1","1","","","","","1","1","1","","1","","","","","1","","","","","","","","","","","","1","","","1","","1","","","","",""
"Helping Hand Behavioral Health","","2511 Fire Road","Suite A-10","Egg Harbor Township","NJ","08234","","Atlantic","609-383-8668 x126","https://www.helpinghandbehavioralhealth.com","39.421073","-74.5277439","SU","1","","","","1","","","1","1","1","","","","","","1","","","1","","1","1","1","","1","","","","1","","","","","1","","1","1","","","","","","","","","","","","1","1","1","","","","","","","","1","1","","","","","1","","","","","1","","","","1","","","","","","","","","","","1","","","","","","1","1","1","1","","1","1","1","1","","1","","1","","","1","1","1","1","","","1","1","","","","1","1","1","1","1","","","","1","1","","1","","1","1","1","","1","1","1","","1","1","","1","","1","","1","1","1","","1","","1","1","1","1","1","1","","","1","1","1","","","1","1","1","1","1","","","","","","1","","","1","","","","","","","","","1","","","","","1","","","","","","","1","","","","","","","","","","","","","","","","","","","","","","","","",""
"Advanced Family Counseling Services","","1767 Morris Avenue","Unit 301","Union","NJ","07083","","Union","908-533-7411","https://","40.6943528","-74.2593374","SU","1","","","","1","","","1","","","","","","","","","","","1","","","1","1","1","","","","","1","","","","","1","","1","1","","","","","","","","","","","","1","","1","","","","","","","","1","1","1","1","1","1","","","","","1","1","1","1","1","","1","","1","1","1","1","1","1","1","1","","","","","","","","1","1","1","1","1","1","1","1","1","","","1","","","1","1","1","1","1","","1","","","1","","1","1","1","1","","1","1","1","1","1","","1","1","1","1","1","1","1","1","1","","1","1","","1","","1","","1","1","1","","","","","1","1","","","1","","1","","","","","","1","","1","","1","","","1","","","","","","","","1","1","","","","","","1","","","","","1","1","","","","1","","","","","","","","","","","","","","","","","","","","","","","","","","",""
"Behavioral Crossroads Recovery LLC","","205 West Parkway Drive","Suite 2","Egg Harbor Township","NJ","08234","","Atlantic","609-645-2500 x100","https://www.behavioralcrossroads.com","39.4214125","-74.5628285","SU","1","","","","","","1","1","1","1","","","","","","1","","","1","","1","1","1","","1","","","","1","","","","","1","1","1","1","","","","","","","","","","","","1","","1","","1","","","","","","","1","","1","1","","1","","","","","1","1","1","1","1","1","","1","1","1","1","1","1","1","1","","","","","","","","1","1","1","1","","1","1","1","1","1","","1","","","1","1","1","1","","","1","","","1","","1","1","1","1","1","","","1","1","1","","1","","1","1","1","","1","1","1","","1","1","","1","","1","1","1","1","1","","1","","","","","1","","1","","","","1","","","","1","1","","1","","1","","","1","1","1","1","","1","1","","1","","1","","","","1","","","","","","1","","","","","","1","","","","","","","","","","","","","","","","","","","","","","","","",""
"Trinitas Regional Medical Center","Bayonne Community Mental Health","597 Broadway","","Bayonne","NJ","07002","","Hudson","201-339-9200 x6106","https://www.rwjbh.org/trinitas-regional-medical-center/","40.6675715","-74.1155311","SU","1","","","","1","","1","1","1","1","","","","","","1","","","1","","1","1","1","","1","","","","1","","","","","1","","1","1","","","","1","","","","","","","","1","1","1","1","1","","","","","","1","1","1","1","1","","1","","","","","1","","","","","","","","","","","","","","","1","","","","","","1","1","1","1","1","1","1","","1","1","1","","1","","","1","1","1","1","","","1","1","","1","","1","1","1","1","","1","","","1","1","","1","","1","","1","","1","1","1","","","1","","1","","","1","","1","1","","1","","1","1","1","1","1","","1","","","","1","","","1","1","1","","1","","","","","","","1","","1","","","","","","","","","1","","","","1","","","","","","","","1","","","","","","","","","","","","","","","","","","","","","","","","",""
"Greenbranch Recovery LLC","","206 West Parkway Drive","Suite 1","Egg Harbor Township","NJ","08234","","Atlantic","609-645-2500 x164","https://www.greenbranchnj.com","39.4212209","-74.5644299","SU","1","","","","","","1","1","1","1","","","","","","1","","","1","","1","1","1","","1","","","","1","","","","","1","1","1","1","","","","","","","","","","","","1","","1","","1","","","","","","1","","","","1","","","","","","","1","1","1","1","1","1","","1","1","1","1","1","1","1","1","","","","","","","","1","1","1","1","","1","1","1","1","1","","1","","","1","1","1","1","","","1","","","1","","1","1","1","1","1","","","1","1","1","","1","","1","1","1","","1","1","1","","1","1","","1","","1","1","1","1","1","","1","","","","","1","","1","","","","1","","","","1","1","","1","","1","","","1","1","1","1","","1","1","","1","","1","","","","1","","","","","","1","","","","","","1","","","","","","","","","","","","","","","","","","","","","","","","",""
"Recovery Centers of America","Lighthouse Mays Landing Outpatient","5034 Atlantic Avenue","","Mays Landing","NJ","08330","","Atlantic","855-401-9913","https://www.recoverycentersofamerica.com/locations/lighthouse/outpatien","39.4404193","-74.6888481","SU","1","","","","1","","1","1","1","1","","","","","","1","","","1","","1","1","1","","1","","","","1","","","","","1","1","1","","","","","","","","","","","","","1","1","1","","1","","","","","","1","1","","1","1","1","","","","","","1","1","1","","","1","","1","1","1","","1","","","1","1","","","","","","","1","1","1","","1","1","1","1","1","","","1","","","1","1","1","1","","","1","1","","1","","1","1","1","1","1","","","1","1","1","1","1","","1","1","1","1","1","1","1","1","1","1","1","1","","1","1","1","1","1","1","1","","1","1","1","1","","1","","1","1","1","1","","","1","1","1","1","1","1","","","","1","","","","1","1","","1","","","","","","1","","","","1","","","1","1","","","","1","","","","","","","","","","","","","","","","","","","","","","","","",""
"Recovery Centers of America","Lighthouse Inpatient","5034 Atlantic Avenue","","Mays Landing","NJ","08330","","Atlantic","609-782-0005","https://recoverycentersofamerica.com/locations/lighthouse/","39.4404193","-74.6888481","SU","1","1","","","1","1","1","1","1","1","","","","","","1","","","1","","","1","1","","1","","","1","","1","1","1","","","","","","","","","","","","","","","","","1","1","1","","1","1","","","","","1","","","1","1","1","","","","","","1","1","1","","","1","","1","1","1","","1","","","1","1","1","1","1","1","1","","1","1","1","","1","1","1","1","1","","","1","","","1","1","1","1","","","1","1","","1","","1","1","1","1","1","","","1","1","1","1","1","","1","1","1","1","1","1","1","1","1","1","1","1","","1","1","1","1","1","1","1","","1","1","1","1","","1","","1","1","1","1","","","1","1","1","1","1","1","","","","1","","","1","1","1","","1","1","","","1","","1","","","","1","","1","1","1","","","","1","","","","1","","","","","","","","","","","","","","","","","","","","",""
"Summit Oaks Hospital","","19 Prospect Street","","Summit","NJ","07901","","Union","908-522-7000","https://www.summitoakshospital.com","40.714077","-74.3626381","SU","1","1","","","","1","1","1","1","1","","","","","","1","","","1","","1","1","1","","1","","1","","","","","","","","","","","1","1","","","1","","","","","","","","1","1","1","1","","","","","","1","1","1","","1","1","","","","1","","1","","","","","","","","1","1","","1","","","1","1","1","1","","","1","","1","1","","","1","1","","1","","","","1","","","1","1","1","1","","","1","1","","1","","1","","1","1","1","","","","1","1","1","","","1","1","1","1","1","1","","1","1","1","1","1","","1","1","","1","1","1","1","","1","1","1","1","1","1","","1","","","1","","","1","1","1","","1","1","1","1","","1","","","1","1","1","","","1","","","","","1","","","","","","1","1","1","","1","","","","","","1","","","","","","","","","","","","","","","","","","","","",""
"Helping Hand Behavioral Health Corp","","1080 North Delsea Drive","","Clayton","NJ","08312","","Gloucester","856-881-9000 x238","https://helpinghandbehavioralhealth.com","39.6730448","-75.0961626","SU","1","","","","1","","","1","1","1","","","","","","1","","","1","","1","1","1","","1","","","","1","","","","","1","1","1","1","","","","","","","","","","","","1","1","1","","","","","","","","1","1","","","","","1","","","","","1","","","","1","","","1","1","1","","1","1","1","1","1","","","","","","1","1","1","1","1","1","1","1","1","1","1","","1","","","1","1","1","1","","","1","1","","1","","1","1","1","1","1","","","","1","1","","1","","1","1","1","","1","1","1","","1","1","","1","","1","","1","1","1","","1","","1","1","1","1","","1","","1","1","1","1","","","1","1","1","1","1","","","","","","1","1","","1","","","","","","","","","1","","","","","","","","","","","","1","","","","","","","","","","","","","","","","","","","","","","","","",""
"John Brooks Recovery Center","","1455 Pinewood Boulevard","","Mays Landing","NJ","08330","","Atlantic","609-569-7866","https://www.jbrcnj.org","39.4422895","-74.7021627","SU","1","1","","","1","1","1","1","1","1","","","","","","1","","","1","","1","1","1","","1","","","1","","1","1","1","","","","","","","","","1","","","","","","","","1","1","1","","","1","","","","","1","1","1","1","1","","1","","","1","1","1","1","","","1","1","","1","1","1","1","1","1","1","1","1","1","1","1","1","1","1","1","1","1","","1","1","1","1","1","","","1","","","1","1","1","1","","","1","","","1","","1","1","1","1","","1","","","1","1","1","1","","1","1","1","1","1","1","1","1","1","1","1","1","","1","1","1","1","1","","1","","1","","1","1","1","","1","","1","","","","","1","1","","","","1","1","1","","1","1","1","","1","1","1","1","1","","1","1","","1","1","","1","1","1","1","1","1","1","","","1","","","","1","","","","","","","","","","","","","","","","","","","","",""
"American Habitare and Counseling Inc","","687 Frelinghuysen Avenue","","Newark","NJ","07114","","Essex","973-799-0508","https://www.AmericanHabitare.com","40.6982485","-74.1984021","SU","1","1","1","1","1","1","1","1","1","1","1","","","","","1","","1","1","","1","1","1","","1","","","","1","","","","1","1","1","1","1","","","","","","","","","","","","1","1","1","","","1","","","","","1","1","1","","1","1","","","","1","1","1","1","1","1","1","1","","1","1","1","1","1","1","1","1","1","1","1","1","1","1","1","1","1","1","1","1","1","1","1","1","1","","1","","","1","1","1","1","1","","1","1","","1","","1","1","1","1","1","1","","1","1","1","1","1","","1","1","1","1","1","1","1","1","1","1","1","1","","1","1","1","1","1","","1","1","1","1","1","1","1","1","","1","","1","1","","","1","1","1","1","1","1","1","1","1","1","1","1","1","1","1","","1","1","","","","","1","1","","1","1","","1","1","1","1","","","1","","1","1","1","1","1","1","1","1","1","1","1","1","1","1","1","1","1","1","1","1","1","1","1",""
"Addiction Recovery Systems","","1409 Cantillon Boulevard","","Mays Landing","NJ","08330","","Atlantic","609-601-8611 x101","https://www.addictionrecoverysystems.com","39.4411863","-74.7077565","SU","1","","1","","1","","","1","","","1","","","","","","","1","1","","1","1","1","","1","","","","1","","","","","1","1","1","1","","","","","","","","","","","","1","","1","","","1","","","","","1","1","1","","1","","","","","","1","","","","","","","","","","","","","","","","","","","","","","","1","1","","","","1","1","1","1","","","1","","","1","1","1","1","","","1","","","1","","","1","1","1","","","","","1","","","","","1","1","1","","","1","","","","1","1","1","","1","","1","1","","","","1","1","","1","","","1","","","","","","1","","","","","","","","","","","","","1","","1","1","","","","","","","","","","","1","1","","1","","1","","","","1","1","","","1","","","","","","","","","","","","","","","","","","","","",""
"New Pathway Counseling","","995 Broadway","","Bayonne","NJ","07002","","Hudson","201-802-8352 x102","https://www.newpathway.com","40.6819171","-74.1033131","SU","1","","","","","","","","","1","","","","","","1","","","1","","1","1","1","","1","","","","1","","","","","1","","1","1","","","","","","","","","","","","1","","1","","1","","","","","","1","1","","","1","","","","","1","","1","","","","","","","","1","1","","1","","","","","","","","","","1","1","1","1","","1","1","1","1","1","1","","1","","","1","1","1","1","","","1","","","1","","1","1","1","1","","","","1","1","1","","","","1","1","1","1","1","1","1","","1","1","1","1","","1","","1","1","1","","1","","","","","1","","1","","","1","1","1","","","","1","1","1","1","","","","","","","","1","1","1","1","1","","","","","","1","","","","","","1","","","1","","","1","","","","","","","","","","","","","","","","","","","","","","","","",""
"North East Counseling Services LLC","Northeast Counseling","249 South Delsea Drive","","Clayton","NJ","08312","0542","Gloucester","856-899-7130","https://","39.6526603","-75.0899311","SU","1","","","","","","","","","","","","1","","","","","","1","","1","1","1","","","1","","","1","","","","","","","","1","","","","","","","","","","","","1","","","","","","","","","","1","","","","1","","","","","","1","1","","","","1","1","","","1","1","","1","","","1","","","","","","","","1","1","1","1","","1","","1","1","","","1","","1","1","1","1","1","1","","1","","","","","","1","1","1","","","","","","","","1","","1","","1","","1","1","","","","","","","","","","","1","","","","","","","","","","1","","","","","","","","1","","1","","1","","","","","","","","","","","","","","","","","","","","","","","","","","","","","1","","","","","","","","","","","","","","","","","","","","","","","","","",""
"Lennard Clinic Inc","","461 Frelinghuysen Avenue","","Newark","NJ","07114","","Essex","973-596-2850 x217","https://www.thelennardclinic.org","40.7050766","-74.1940886","SU","1","1","1","1","1","1","","1","","","1","","","","","","","1","1","","1","1","","","1","","","","1","","","","1","1","1","1","1","","","","","","","","","","","","1","","1","","","1","","","","","1","1","1","1","","","1","1","","","1","","","","","1","","","1","","1","","","","","","","","","","","1","","1","1","1","","1","1","1","1","","","","1","","","1","1","1","1","1","","1","","","1","","1","1","1","1","","","","","1","1","","1","","","1","1","","1","1","","","","1","1","1","","","","","1","","","","1","1","","","","","","1","","","","","1","","","","","","","","","","","","","1","","","1","","","1","","","","","1","","","1","1","","","","","","1","","","","","","1","","","","","","","","","","","","","","","","","","","","",""
"Owen Health Care Inc","","2041 Springfield Avenue","","Vauxhall","NJ","07088","","Union","908-258-7796","https://www.owenhc.com","40.7194674","-74.2771229","SU","1","","","","1","","","1","","","","","","","","1","","","1","","1","1","1","","1","","","","1","","","","","1","","1","1","","","","","","","","","","","","1","1","1","","","","","","","","1","1","1","1","1","","","1","","","1","1","1","1","1","1","1","","1","1","1","1","1","1","1","1","","","","","","","","1","1","1","1","","1","1","1","1","1","1","1","","","1","1","1","1","1","","","","","","","1","1","1","1","","","","","","","","1","","1","1","1","1","1","1","1","","","","","1","","","","1","1","1","","","","1","","1","","1","1","","1","1","","","","1","","","","","","","","","","","1","1","","1","1","","1","","","","","","1","","","","","","","","","","1","","","","","1","","","1","1","1","","","","","","","","","","","","","1","","","",""
"John Brooks Recovery Center","","660 Black Horse Pike","","Pleasantville","NJ","08232","","Atlantic","609-345-2020 x12966","https://www.atlanticare.org/services/addiction","39.3944106","-74.5363497","SU","1","","1","","1","","1","1","1","1","1","","","","","","","1","1","","1","1","1","","1","","","","1","","","","","1","","1","1","","","","1","","","","","","","","1","1","1","","","1","","","","","1","1","1","","1","","1","1","1","1","1","1","","","","1","","","","1","1","","","","","","1","","","","","","1","1","1","1","1","","1","1","1","1","1","","1","","","1","1","1","1","1","","1","1","","1","","1","1","1","1","","","","","1","1","1","1","","1","1","1","1","1","1","1","1","1","1","1","1","","1","1","1","1","1","","1","1","1","1","1","1","","","1","","","","","","","","1","1","","1","","","","","","1","1","","1","1","1","1","","","","","","1","","","1","1","1","1","1","1","1","","","1","","","","1","","","","","","","","","","","","","","","","","","","","",""
"Human Empowerment Institute","","49 Nesbit Terrace","","Irvington","NJ","07111","","Essex","973-351-9111","https://heisupport.org","40.723582","-74.237131","SU","1","","","","","","","","","","","","1","","","","","","1","","","1","","","","1","","","1","","","","","","1","1","1","","","","","","","","","","","","1","","1","","","","","","","","1","1","","","","","","","","","","","","","","","","","","","","","","","","","","","","","","","","1","1","","","","","","1","","","","1","","1","1","1","1","1","","","1","","","","","","1","1","1","","","","1","","","","","","","","1","1","","1","","","","","","","","","","","","","","","","","","","","","1","","","","","","","1","","","","","","","","","","","","","","","","","","","","","","","","","","","","","","","","","1","","","","","","","","","","","","","","","","","","","","","","","","","","",""
"The Bridge","","50 Union Avenue","Suite 306","Irvington","NJ","07111","","Essex","973-372-2624","https://www.thebridgenj.org","40.724607","-74.2302674","SU","1","","","","","","","","","","","","","","","1","","","1","","1","1","1","","1","","","","1","","","","","","","1","1","","","","","","","","","","","","1","1","1","","","","","","","","1","1","","","1","","1","1","","","","","","","","","","1","1","","","","","","","","","","","","","","","1","1","1","","1","1","1","1","1","","","1","","1","1","1","1","1","","","","","","","","1","1","1","1","","","","1","1","1","","1","","1","","1","","1","1","1","","","1","","1","","1","","","1","","","","","","","","","","","1","","","","1","","","1","","1","","1","","","","","","","1","","","1","","","","","","","","","","","","","1","","","","","","","1","","","","","","","","","","","","","","","","","","","","","","","","",""
"Angel Hope House","","800 Clinton Avenue","","Newark","NJ","07108","","Essex","862-849-8671","https://www.angelhopehouse.org","40.72292","-74.2143815","SU","1","","","","","","","","","","","1","","","","1","","","1","","","1","","","1","","","1","","1","1","","","","","","","","","","","","","","","","","","1","1","1","","","","","","","","1","","","1","","","1","1","","","","1","","","","1","","","","1","","1","","1","1","","","","","","","","","1","1","1","","1","1","","1","1","","","1","","","1","1","1","","","","","","","1","","1","1","1","1","","","","","1","1","1","1","","1","1","1","1","1","1","1","","1","1","1","1","","1","","","1","1","","","","","","","","","1","","","","1","","","","1","","","1","","","","","","","","1","","1","1","","","","","","","","1","","","","","","1","","","","1","","","","","","","","","","","","","","","","","","","","","","","","","","",""
"Just One Big Happy Family LLC","","860 Grove Street","","Irvington","NJ","07111","","Essex","973-373-0810","https://","40.729166","-74.2198061","SU","1","","","","1","","1","1","1","","","","","","","1","","","1","","","1","1","1","","","","","1","","","","","1","1","1","1","","","","","","","","","","","","1","1","","","","","","","","","1","1","1","","1","1","","1","","","1","1","1","","1","","1","","","1","1","1","1","1","1","1","","","","","","","","1","1","1","","1","1","1","1","1","1","1","1","","","1","1","1","1","1","","1","","","1","","1","1","1","1","","1","1","1","1","1","1","1","","1","1","1","1","1","1","1","1","","1","1","1","","1","","1","1","1","","1","","1","1","1","1","","1","","1","1","","1","","","1","1","","1","","","","","","","1","1","1","1","1","1","1","","1","","","","","","","","","","1","1","1","","1","","","","","","1","","","","","","","","","","","","","","","","","","","","",""
"Integrity House","","1091 Broad Street","","Newark","NJ","07114","","Essex","973-623-0600","https://www.integrityhouse.org","40.7245224","-74.1790175","SU","1","","","","1","","1","1","1","1","","","","","","1","","","1","","1","1","1","","1","","","","1","","","","","1","","1","1","","","","","","","","","","","","1","1","1","","","1","","","","","1","1","1","1","1","","1","1","1","1","1","1","1","1","1","1","1","","1","1","1","1","1","1","1","1","1","","","","","","","1","1","1","1","1","1","","1","1","","","1","","1","1","","1","1","","","1","1","","1","","1","1","1","1","1","","1","1","1","1","1","1","","1","1","1","1","1","1","1","1","1","1","1","1","","1","1","1","1","1","","1","","1","1","1","1","1","","1","1","1","","","","","","1","1","","1","1","","1","","1","1","1","1","1","1","1","","","1","1","1","","1","","","","","1","1","1","1","1","","","1","","","","","","","","","","","","","","","","","","","","","","","","",""
"Integrity Inc","DBA Integrity House","99 Lincoln Park","","Newark","NJ","07102","","Essex","973-623-0600","https://www.integrityhouse.org","40.7254628","-74.1788253","SU","1","","","","","","1","","1","1","","","","","","","","","1","","","1","1","","1","","","1","","","1","","","","","","","","","","","","","","","","","","1","1","1","","","1","","","","","1","1","1","1","1","","1","1","1","","","1","","","","1","1","","","","1","1","1","1","1","1","1","","","","","","","1","1","1","1","1","1","1","1","1","","","1","","","1","1","","1","","","1","1","","1","","1","1","1","1","","","1","1","1","1","1","","","1","","1","1","1","1","1","1","1","1","1","1","","1","1","1","1","1","","1","","","","","1","","","1","1","","","","","","1","1","","","","","1","1","","","","","","1","1","","","","1","","","","1","","","1","","","1","1","1","","","","1","","","","","","","","","","","","","","","","","","","","","","","","",""
"Enlightened Recovery","","1501 North Albany Avenue","","Atlantic City","NJ","08401","","Atlantic","609-798-0859","https://esdetox.com","39.370839","-74.4766956","SU","1","1","","","1","1","1","1","1","1","","","","","","1","","1","1","","","1","1","","1","","1","1","","1","","1","","","","","","1","1","","","","","","","","","","1","","1","","1","","","","","","1","","","","1","1","","","","","1","1","1","1","1","1","1","","1","1","1","1","1","1","1","1","1","1","1","1","1","1","","1","1","1","1","1","1","1","1","1","1","","1","","","1","1","1","1","","","1","1","1","1","","1","1","1","1","1","","","","1","1","1","","","1","1","1","1","","1","1","1","","1","1","1","","1","1","1","1","1","","1","","1","1","1","1","1","1","","","1","","1","","","1","1","1","","1","1","","","","1","1","","1","1","1","","1","1","","","","","1","","","1","1","","1","1","1","","","","1","","","1","1","","","","","","","","","","","","","","","1","","","","","",""
"Twin Rivers Recovery","","110 Martin Luther King Drive","","Jersey City","NJ","07305","","Hudson","201-200-1965","https://www.clineoutreach.org","40.7037512","-74.0872762","SU","1","","","","1","","","1","1","1","","","","","","1","","","1","","1","1","1","","","1","","","1","","","","","1","1","1","1","","","","","","","","","","","","1","","1","","","","","","","","1","1","1","1","","","","","","","1","1","1","1","1","1","1","1","1","1","1","","1","1","","1","","","","","","","","1","1","1","","1","1","1","1","1","1","","1","","1","1","1","1","1","1","","1","","","","","1","1","1","1","","1","","1","1","1","","1","","1","1","1","","1","1","1","","1","1","","1","","1","","1","1","1","","1","","1","1","1","1","1","","1","","","1","","","","1","1","","1","","","","","","","1","1","","1","1","1","1","","","","","","1","","","","","","","","","1","","","1","","","","","","","","","","","","","","","","","","","","","","","","",""
"Integrity Inc","DBA Integrity House","49 Lincoln Park","","Newark","NJ","07102","","Essex","973-623-0600","https://www.integrityhouse.org/","40.7269985","-74.1794357","SU","1","","","","","","1","1","1","1","","1","","","","","","","1","","","1","1","","1","","","1","","","1","","","","","","","","","","","","","","","","","","1","1","1","","","1","","","","","1","1","1","1","1","","1","1","1","","","1","1","","","1","1","","","","1","","","1","","1","1","","","","","","","1","1","1","","1","1","1","1","1","","","1","","","1","1","","1","","","1","","","1","","1","1","1","1","","1","","1","1","1","","","","","","1","1","1","1","1","","","","1","1","","1","1","","","1","","1","","1","","1","","","","1","1","","","","","","1","1","","","","","","","","","","","","","","","","","1","","","","1","","","1","","","","","","","","","1","","","","1","","","","","","","","","","","","","","","","","","","","",""
"Integrity Inc","DBA Integrity House","37 Lincoln Park","","Newark","NJ","07102","","Essex","973-623-0600","https://www.integrityhouse.org","40.7270874","-74.1789334","SU","1","","","","","","1","1","1","1","","1","","","","1","","","1","","","1","1","","1","","","1","","","1","","","","","","","","","","","","","","","","","","1","1","1","","","1","","","","","1","1","1","1","1","","1","1","1","","","1","","","","1","","","1","1","","","1","1","1","1","1","","","","","","","1","1","","","1","1","1","1","1","","","1","1","","1","1","1","","","","1","","","1","1","1","1","1","1","","1","","1","","","","","","","","1","1","1","1","1","","1","","1","1","","1","1","","1","1","","1","","1","","1","1","","","1","1","1","","","","","1","1","","","","","","","","","","","","1","","","","","","","","","1","","","1","","","","","","","","","1","","","","","","","","","","","","","","","","","","","","","","","","",""
"Integrity Inc","DBA Integrity House","26 Longworth Street","","Newark","NJ","07102","","Essex","973-623-0600 x6919","https://www.Integrityhouse.org","40.7279458","-74.1813774","SU","1","","","","1","","1","1","1","1","","","","","","1","","","1","","1","1","1","","1","","","","1","","","","","1","1","1","1","","","","","","","","","","","","1","","1","","","1","","","","","","1","1","1","1","","","1","1","","","1","1","","1","1","1","","","","1","1","1","1","1","1","","","","","","","","1","1","1","1","1","1","1","1","1","1","","1","","","1","1","","1","","","1","","","1","","1","1","1","1","","","1","1","1","1","","1","","","1","1","1","1","1","1","","1","1","","1","","1","1","1","1","1","1","1","","1","1","","1","1","","1","1","1","","","","","1","1","","","","","","","","","1","1","","1","1","1","1","","","","","","1","","","","","","","","","","","","1","","","","","","","","","","","","","","","","","","","","","","","","",""
"New Directions Behavioral Health Ctr","","9 Lincoln Park","","Newark","NJ","07102","","Essex","973-242-6599","https://sharpe600.wixsite.com/newdirectionsbhc","40.727559","-74.1774892","SU","1","","","","1","","1","1","1","1","","","","","","1","","","1","","1","1","1","","1","","","","1","","","","","1","1","1","1","","","","","","","","","","","","1","","1","","","","","","","","1","1","","","1","","","","1","","1","1","1","1","1","1","1","1","","1","1","1","1","1","1","1","","","","","","","","1","1","1","1","1","1","1","1","1","1","1","1","","1","1","1","1","1","1","","1","1","","","","1","1","1","1","1","1","","","1","1","1","1","","1","1","1","1","1","1","","1","1","1","1","1","","1","1","1","1","1","","1","","1","1","1","1","1","1","","1","1","1","1","","","1","1","1","1","1","1","","1","","1","1","1","1","1","1","1","1","","","","","","1","","","","","","1","1","1","","","","1","","","1","1","","1","","1","","","","","","1","1","","","","","","","","","",""
"Integrity Inc","The Wise Program","659 Martin Luther King Boulevard","","Newark","NJ","07102","","Essex","973-623-0600","https://www.integrityhouse.org","40.7301823","-74.1824138","SU","1","","","","1","","","1","","","","","","","","1","","","1","","","1","1","","1","","","","1","","","","","","1","1","1","","","","","","","","","","","","1","1","1","","","1","","","","","1","1","1","1","1","","1","1","1","","","1","","","","1","","","1","1","","","1","1","1","1","1","","","","","","","1","1","1","","1","1","1","1","1","","","1","","","1","1","1","","","","1","","","1","","1","1","1","1","","1","","","1","","","","","","","1","1","1","1","1","","","1","1","1","","1","1","1","1","1","","1","","1","","","","","","1","1","1","","","","","1","","","","","","","","","","","","","1","1","1","1","","","","","","","","","1","","1","","","","","","","1","","","","","","","","","","","","","","","","","","","","","","","","",""
"Spectrum Healthcare","","74 Pacific Avenue","","Jersey City","NJ","07304","","Hudson","201-451-2544","https://","40.705929","-74.0701039","SU","1","","1","","1","","1","1","","1","1","","","","","","","1","1","","1","1","1","","1","","","","1","","","","","1","","1","1","","","","","","","","","","","","1","","1","","","1","","","","","1","1","1","1","1","1","1","1","1","1","1","1","","","","","","","1","1","","","","","","","","","","","","","","1","1","1","","","1","1","1","1","1","","1","","1","1","1","1","1","","","","","","1","","1","1","1","1","","1","1","","1","1","1","1","","1","1","1","","1","1","1","1","1","1","1","1","","1","","1","1","1","","1","1","1","1","","1","","","1","1","","","","1","","","","","","","","","","","","","1","","1","","","","","","","","","1","","","1","1","1","1","1","1","","","","1","1","","1","","","","","","","","","1","","1","","","","","1","","1","","","",""
"Achieve Wellness and Recovery","","1622 Tilton Road","Suite F","Northfield","NJ","08225","","Atlantic","833-680-0163","https://www.achievewellnessrecovery.com","39.3693151","-74.5524793","SU","1","","","","","","1","1","1","1","","","","","","","","","1","","","1","1","","1","","","","1","","","","","1","1","1","1","","","","","","","","","","","","1","","","","1","","","","","","1","","","","1","","","","","","","1","","","","","","","","1","1","","","","","","1","","","","","","","1","1","1","","","","","1","","","","1","","","1","1","1","1","","","1","1","","1","","1","1","1","1","","","","","","","","","","1","1","1","1","1","1","1","","1","","","1","","1","1","1","1","1","","1","","1","1","1","1","","1","","","","","","","","","1","","","","1","","","","1","","","","1","1","","","","","","","","1","","","","","","","","","","","","1","","","","","","","","","","","","","","","","","","","","","","","","",""
"Family Service Bureau of Newark","","274 South Orange Avenue","2nd Floor","Newark","NJ","07103","","Essex","973-412-2056","https://www.newcommunity.org","40.7389952","-74.1958287","SU","1","","","","","","","","","","","","","","","1","","","1","","1","1","1","1","","","","","1","","","","","","1","1","1","","","","","","","","","","","","1","1","1","","","","","","","","1","1","","1","1","","1","1","","","1","1","1","1","1","1","1","","1","1","1","1","1","1","1","","","","","","","","","1","1","1","1","1","1","","1","1","1","","1","","","1","1","1","1","","","1","","","1","","1","1","1","1","","1","","1","1","","","1","","1","1","1","","1","1","1","","","","","1","","1","","","1","1","","","","","","","","","","1","","","1","","","","1","","1","","1","","","","","","1","","","1","1","","1","","","","","","1","","","","","","","","","","1","","","","","","","","","","","","","","","","","","","","","","","","","","",""
"Levona Health","","1907 New Road","","Northfield","NJ","08225","","Atlantic","609-645-8884 x335","https://www.antebihealth.com","39.3691333","-74.5605018","SU","1","","","","1","","","1","","","","","","","","","","","","","1","","","","1","","","","1","","","","","1","","","1","","","","","","","","","","","","","","","","","","","","","","1","1","1","","1","1","","","","","1","","1","1","","1","1","","1","1","1","1","","","","1","1","","","","","","","","","","","","1","","","","","","","","","1","1","1","1","","","","","","","","","1","1","","","","","1","","1","","1","","","","1","","1","1","","","","","","1","","1","","","1","1","","","","1","1","1","","1","1","","","","","","1","","","","","","","1","","","","1","1","1","","1","","","1","","","","","","","","","","","","1","","","","","","1","","","1","","","","","1","","","1","","","1","","","","","","","","","","",""
"Greater Essex Counseling Services","Drug and Alcohol OP and IOP Treatment","23 Branford Place","2nd Floor","Newark","NJ","07102","2711","Essex","973-623-7878","https://www.greateressexnj.com","40.7351739","-74.173714","SU","1","","","","1","","1","1","1","1","","","","","","1","","","1","","1","1","1","1","","","","","1","","","","","1","","1","1","","","","","","","","","","","","1","1","1","","","","","","","","1","1","1","1","1","","1","1","","","1","1","","","","1","1","","","1","1","","1","1","1","","1","","","","","","","1","1","1","1","1","1","1","1","1","1","1","1","","","1","1","1","1","1","","1","1","","1","","1","1","1","1","1","1","","1","1","","1","1","","1","1","1","1","1","1","1","","1","1","","1","","1","1","1","1","1","","1","","1","1","1","1","1","1","","","","1","1","","","1","1","1","1","1","1","","","","1","1","1","1","1","1","1","","","","","","","1","","","","","","","","1","","1","","","","","","1","","","","","","","","","","","","","","","","","","","","",""
"Rutgers UBHC Newark","Outpatient Services/Newark","183 South Orange Avenue","Level E","Newark","NJ","07103","","Essex","732-235-7946","https://www.ubhc.rutgers.edu/clinical/overview.xml","40.739236","-74.189837","SU","1","","","","1","","1","1","1","1","","","","","","1","","","1","","1","1","1","1","","","","","1","","","","","1","","1","1","","","","","","","","","","","","1","1","","","1","","","","","","1","1","1","1","1","1","","1","","1","","1","","","","1","","","","","","","1","","","","1","","","","","","1","1","1","1","1","","1","","1","1","1","","1","","","1","1","1","","1","","1","1","","1","","1","1","1","1","","","","1","1","1","","","","1","1","1","","1","1","1","","","1","","1","","1","1","1","1","1","","1","","1","1","1","1","1","","1","","1","1","","","","1","1","","","","1","","","","1","","","1","1","1","","1","","1","","","","1","","","","","","","","","","1","","","","","","1","","","","","","","","","","","","","","","","","","","","",""
"Atlanticare Behavorial Health","","13 North Hartford Avenue","","Atlantic City","NJ","08401","","Atlantic","609-348-1161","https://www.atlanticare.org","39.3531191","-74.4539137","SU","1","","","","","","1","1","1","","","","","","","1","","","1","","1","1","1","1","","","","","1","","","","","","","1","1","","","","1","","","","","","","","1","1","1","1","1","","1","1","","","1","1","1","1","1","1","1","","","","1","1","","","","","","","","","","","","","","","1","","","","","","1","1","1","1","","","1","1","1","","1","","1","","","1","1","1","1","","","1","1","","1","","1","1","1","1","","","","1","1","1","","1","","1","1","1","","1","1","1","","1","1","","1","","1","1","1","1","1","","1","","","","","1","","","1","1","1","","1","","","1","1","1","","1","1","","","","1","","","","1","","1","","","1","","","","1","","","1","","1","","","","","1","","","","","","","","","","","","","","","","","","","","","","","","","","",""
"VA NJ Healthcare System","East Orange","385 Tremont Avenue","","East Orange","NJ","07018","","Essex","973-676-1000 x4596","https://www.va.gov/new-jersey-health-care/locations/east-orange-va-medical-center/","40.7525482","-74.2361364","SU","1","1","","","1","1","1","1","1","1","","1","","","","1","","","1","","1","1","","1","","","","1","1","1","","1","1","1","","1","1","","","","1","","1","","","","","","","","","1","1","1","","","","1","","","","","","","1","","1","","","1","1","1","1","1","1","","1","1","1","1","1","1","1","1","1","1","1","1","1","1","1","1","1","1","","1","1","1","1","","1","","1","","","1","1","1","1","","","1","1","1","1","","1","1","1","1","1","1","1","1","1","1","1","1","","1","1","1","1","1","1","1","1","1","1","1","1","","1","1","1","1","1","","1","","1","","1","1","1","","","","1","1","","","","","1","","1","","1","1","1","1","1","1","","1","1","1","1","1","1","1","1","1","","1","1","1","1","","","1","1","1","1","1","","","","","","1","","","","","","","","","","","","","","","","","","","","",""
"Khaleidoscope Health Care Inc","","75 Harrison Avenue","","Jersey City","NJ","07304","","Hudson","201-451-5425","https://www.khcpmc.org","40.7176231","-74.0725892","SU","1","","1","","1","","","1","","","1","","","","","","","1","1","","1","1","","","1","","","","1","","","","","1","","1","1","","","","","","","","","","","","1","","1","","1","","","","","","1","1","1","","1","","","","","","","","","","","","","","","1","1","","","","","","","","","","","","","1","1","","","","","","","","","","","","","1","1","1","1","","","1","","","1","","1","1","1","1","","","","","","","1","","","1","","1","","1","1","","","","","1","","","1","","","1","1","","","1","1","","1","","","","1","","","","","1","","","","","","","","","","","","","1","1","1","","","","","","","","","1","","","1","1","","1","1","1","","","","1","","","","","","","","","","","","","","","","","","","","","","","","",""
"Acenda Inc","Pittsgrove Counseling and Wellness Ctr","9 Harding Highway","","Elmer","NJ","08318","","Salem","844-422-3632","https://","39.5867197","-75.0897374","SU","1","","","","1","","1","1","1","1","","","","","","1","","","1","","1","1","1","","1","","","","1","","","","","1","","1","1","","","","","","","","","","","","1","1","","","","1","","","","","1","1","1","1","1","1","1","1","","","","1","","","","","","1","","1","1","","","","","","","","","","","","","1","1","1","","","1","","1","","","","1","","1","1","1","1","1","1","","1","","","","","1","1","1","1","","","","","1","1","","1","","1","","1","1","1","1","1","","","1","1","1","","","","","1","1","","1","","1","","1","1","","","1","","","1","","","","","1","1","","1","","","","","","","1","","1","1","","","","","","","","1","","","","","","1","","","1","","","1","","","","","","","","","","","","","","","","","","","","","","","","",""
"EOH Acquisition Group LLC","","300 Central Avenue","","East Orange","NJ","07018","","Essex","973-266-4701 x14701","https://www.carewellhealth.org","40.7543402","-74.2135752","SU","1","1","","","","1","","1","1","1","","","","","","","","","1","","1","1","1","1","","","1","","","","","","","","","","","1","1","","1","","","","","","","","1","1","1","1","1","","","","","","1","1","1","1","1","1","","1","1","1","1","1","","","","","","","","1","1","1","1","","","","1","1","1","1","1","1","","1","1","1","","1","1","1","1","1","","","1","","","1","1","1","1","","","1","1","","1","","1","1","1","1","1","","","","1","1","1","1","","1","1","1","1","1","1","1","1","1","1","1","1","","","1","","1","1","1","1","","1","1","1","1","1","1","","1","","","","","","1","1","","1","","1","1","1","1","1","1","1","1","1","1","","1","1","","1","1","","1","1","","","1","","1","1","1","1","1","","","","","","","","","","","","","","","","","","","","","","","","","","","1"
"East Orange Substance Abuse Trt Prog","","110 South Grove Street","3rd Floor","East Orange","NJ","07018","4102","Essex","973-266-5200","https://","40.7533658","-74.2046398","SU","1","","1","","1","","","1","","","1","","","","","","","1","1","","1","1","1","1","","","","","1","","","","","1","","1","1","","","","","","","","","","1","","1","","1","","","1","","","","","1","1","1","","","","1","1","1","","1","1","","","","1","","","1","1","1","1","1","","1","","","","","","","","","1","1","1","1","1","1","1","1","1","1","","1","","","1","1","1","1","1","","1","","","1","","1","1","1","1","","1","1","1","1","1","1","1","","1","1","1","1","1","1","1","1","1","1","1","1","","1","","1","1","1","","","1","1","1","1","","","","","","","","","1","","","","","","","","","","","","","1","","1","1","1","1","","1","","","","1","","","1","1","","1","1","1","","1","","","1","","","1","","","","","","","","","","","","","","","","","","","","",""
"LifeTime Recovery LLC","","124 Bridgeton Pike","","Mullica Hill","NJ","08062","","Gloucester","844-896-8156","https://www.lifetimerecoverycenter.com","39.7243701","-75.2219672","SU","1","","","","1","","","1","1","1","","","","","","1","","","1","","1","1","1","","1","","","","1","","","","","1","1","1","1","","","","","","","","","","","","1","1","1","","1","","","","","","1","","","1","1","1","","","","","","1","","","","1","1","","","1","1","","1","","","1","","","","","","","","1","1","1","1","1","1","","1","","1","","1","","","1","1","1","1","","","1","1","","1","","1","1","1","1","","","","1","1","","","1","","","1","1","1","1","1","1","","1","1","","1","","1","","1","1","","","1","","1","","","1","1","1","","","1","","1","","","1","1","1","","1","1","","","","1","","","","","1","1","1","","1","","","","1","","","","","","","","","","","","1","","","","","","","","","","","","","","","","","","","","","","","","",""
"Community Psychiatric Institute","","67 Sanford Street","","East Orange","NJ","07018","","Essex","973-673-3342","https://www.cpinj.org","40.75916","-74.226087","SU","1","","","","1","","1","1","1","","","","","","","1","","","1","","","1","1","","1","","","","1","","","","","1","1","1","1","","","","","","","","","","","","1","1","1","","1","","","","","","1","1","","","1","","","1","","","","1","","","","","","","","","","","1","","","","","","","","","","","1","1","1","","1","1","1","1","1","1","","1","","","1","1","1","1","1","","1","","","1","","1","1","1","1","","","","1","","1","","1","","1","1","1","1","1","1","1","","1","","","1","","1","","","","1","","1","","1","","1","1","","","1","1","","","1","","","1","1","1","","1","1","","","1","1","","1","","1","","","","","1","","","","1","","","","","","","","","","","","1","","","","","","","","","","","","","","","","","","","","","","","","",""
"Family Connections Inc","","395 South Center Street","","Orange","NJ","07050","","Essex","973-323-3448","https://www.familyconnectionsnj.org","40.7615615137335","-74.2344027679038","SU","1","","","","","","","","","","","","","","","1","","","1","","1","1","1","1","","","","","1","","","","","","","1","1","","","","","","","","","","","","1","1","","","","","","","","","1","1","1","1","1","","1","","","","","1","1","","1","","1","1","1","1","1","","1","1","1","1","","","","","","","","1","1","1","1","","","","1","1","","","1","","1","1","1","1","1","","","1","","","","1","1","1","1","1","","1","1","1","1","","","1","","1","1","1","","1","1","1","","1","1","1","1","","1","","1","1","1","","","","","","","","","","1","","","","1","","","1","","1","","1","","","","","","1","1","","","1","","","","","","","","1","","","","","1","","","","1","1","","","","","","","","","","","","","","","","","","","","","","","","","","",""
"Airmid Counseling Services","","137 Evergreen Place","Suite 2-D","East Orange","NJ","07018","","Essex","973-678-0550","https://www.airmidcounseling.com","40.7616341","-74.2226557","SU","1","","","","1","","1","1","1","","","","","","","","","","1","","1","1","1","","1","","1","","1","","","","","1","1","1","1","","","","","","","","","","","","","","1","","","","","","","","1","1","","1","","","","","","","","1","","","","","1","","1","1","1","1","1","1","1","","1","","","","","","1","1","1","1","1","","1","","1","1","","","1","","","1","1","1","1","1","","1","1","","1","","1","1","1","1","","1","","1","1","","1","1","","1","1","1","","1","1","","","1","","","1","","","1","","","1","","1","","1","1","1","1","","1","","1","","","","","","","1","","1","","","","","","","1","","","1","1","","1","","","","","","1","","","","","","","","","1","","","1","","","","","","","","","","","","","","","","","","","","","","","","",""
"Avita Hope LLC","","591 Summit Avenue","Suite 101","Jersey City","NJ","07306","","Hudson","201-300-0160","https://www.avitahopenj.com","40.7347585","-74.0596684","SU","1","","","","1","","1","1","1","1","","","","","","1","","","1","","1","1","","","","1","","","1","","","","","1","","1","1","","","","","","","","","","","","1","","1","","","","","","","","1","1","","1","1","","","1","","1","","1","","","","1","","","","1","1","","","","","","1","","","","","","","1","1","1","","","1","","1","1","","","1","","","1","1","1","1","1","","1","1","","","","","1","1","1","1","","","","","","","1","","","1","1","1","","1","","","","","","1","","","","","1","","","1","","1","1","1","1","1","1","","","","1","","","","1","1","1","1","1","","","","","","","","","1","1","","1","","","","","","1","","","","","","","","","","","1","","","","","","","","","","","","","","","","","","","","","","","","","",""
"Market Street Mission","Life Change Recovery Program","9 Market Street","","Morristown","NJ","07960","5122","Morris","973-538-0431","https://www.marketstreet.org","40.7857","-74.4992","SU","1","","","","","","","","","","","1","","","1","","","","1","","","1","1","","1","","","1","","","1","","","","","","","","","","","","","","","","","","","","","","","","","","","1","","","","","","","","","1","","","","","","","","","","","","1","","","","","1","","","","","","","1","1","1","1","1","1","","1","1","1","","","1","","","1","1","","1","","","1","","","1","","","","1","1","","","","1","1","1","","","","1","","1","1","1","1","1","","1","1","","1","","1","","1","","1","","","","","","","","","","1","","","","","","1","","","","","","","","","","","","","","","1","1","","","1","","","","","","","","","","","","","1","","","1","","","","","","","","","","","","","","","","","","","","","","","","",""
"Family Service Bureau of Kearny","","379 Kearny Avenue","","Kearny","NJ","07032","","Hudson","201-286-8077","https://www.newcommunity.org","40.7638685","-74.1491027","SU","1","","","","","","","","","","","","","","","1","","","1","","1","1","1","","1","","","","1","","","","","","","1","1","","","","","","","","","","","","1","1","1","","","","","","","","1","1","","1","1","","1","1","","","1","1","1","1","1","1","1","","1","1","1","1","1","1","1","","","","","","","","","1","1","1","1","1","1","","1","1","1","","1","","","1","1","1","1","","","1","","","1","","1","1","1","1","","1","","1","1","","","1","","1","1","1","","1","1","1","","","","","1","","1","","","1","1","","","","","","","","","","1","","","1","","","","1","","1","","1","","","","","","1","","","1","1","","","","","","","","1","","","","","","","","","","","","1","","","","","","","","","","","","","","","","","","","","","","","","",""
"Better Life Recovery and Wellness","","25A Hanover Road","Suite 120","Florham Park","NJ","07932","","Essex","973-718-5552","https://www.betterliferecovery.com","40.7905073","-74.3832412","SU","1","","","","1","","1","1","1","","","","","","","1","","","1","","1","1","1","","1","","","","1","","","","","","1","1","1","","","","","","","","","","","","1","1","1","1","1","","","","","","1","1","","","1","1","","","","","","1","","","","","","","","","","","","","","","1","","","","","","1","1","1","1","","1","1","1","1","1","1","","1","","","1","1","1","1","","","1","1","","1","","1","1","1","1","1","","","1","1","1","","1","","1","1","1","","1","1","1","","1","1","","1","","1","1","","","1","","1","","1","","1","1","","1","","1","1","1","1","","","1","1","1","1","1","1","","","","1","","1","","1","1","","1","","","","","","1","","","","","","1","","","1","","","1","","","","","","","","","","","","","","","","","","","","","","","","",""
"Maryville Inc","Outpatient Treatment Services","1173 East Landis Avenue","Suite 202","Vineland","NJ","08360","","Cumberland","856-690-1000","https://www.maryvillenj.org","39.4842299","-75.0007812","SU","1","","","","","","","1","1","1","","","","","","1","","","1","","1","1","1","","1","","","","1","","","","","1","","1","1","","","","","","","","","","","","1","1","1","","","1","","","","","1","1","","1","1","1","1","1","1","1","1","1","","","","","","1","","","","","1","","","","1","","","","","","1","1","1","1","","1","1","1","1","1","1","1","1","","1","1","1","1","1","","","1","","","","","1","1","1","1","1","","1","1","1","1","1","1","","1","1","1","1","1","1","1","1","1","1","1","1","","1","1","1","1","1","","1","","1","1","1","1","","","1","","1","1","1","","","","1","","1","","1","1","","","1","","1","1","1","1","1","1","","1","","","","1","1","","","","1","1","1","1","1","","","1","","","","","","","","","","","","","","","","","","","","","","","","",""
"Alfre Inc","DBA Mrs Wilsons","56 Mount Kemble Avenue","","Morristown","NJ","07960","","Morris","973-540-0116","https://www.mrswilsons.org/","40.7913923","-74.4865706","SU","1","","","","","","","","","","","1","","","","1","","","1","","1","1","1","","1","","","1","1","","1","","","","","1","1","","","","","","","","","","","","1","","1","","","","","","","","1","1","","1","","","1","","","","","1","","","","1","","","","1","","1","1","1","1","","1","","","","","","","1","1","1","1","1","1","1","1","1","1","","1","","","1","1","1","","","","1","","","1","","1","1","1","1","","1","","1","1","1","","1","","1","1","1","1","1","1","1","","1","1","","1","","1","1","1","1","1","","1","","","","","","","","1","","","","1","","","","1","1","","1","1","1","1","","1","1","1","","1","1","","","","","","","","1","","","","","","","","","","1","","","","","","","","","","","","","","","","","","","","","","","","","","",""
"Inter County Council on Drug/Alc Abuse","Medication Assisted Therapy","482 Kearny Avenue","","Kearny","NJ","07032","","Hudson","201-997-4000","https://www.iccdaa.org","40.767353","-74.146613","SU","1","1","1","1","","","","","","","1","","","","","","","1","1","","1","1","1","1","","","","","1","","","","1","1","","","1","","","","","","","","","","","","1","1","1","","","1","","","","","1","1","1","","","","1","1","","","1","1","1","","","1","1","1","1","1","1","1","1","1","1","1","","","","","","1","1","1","1","1","1","1","1","1","1","1","","","1","","1","1","1","1","1","","","1","","","","","","1","1","1","","1","1","1","1","1","1","1","","1","1","1","","1","1","1","1","1","1","1","1","","1","","","1","1","","","1","","","","","","","1","","","","","","","1","","1","","1","","","","","","","1","1","1","1","","","1","","1","1","","","","","1","1","","1","1","1","1","1","","","1","","","1","","","","","","","","","","","","","","","","","","","","",""
"Inter County Council on Drug/Alc Abuse","Administration/Drug Free Counseling","480 Kearny Avenue","","Kearny","NJ","07032","","Hudson","201-998-7422","https://www.iccdaa.org","40.767353","-74.146613","SU","1","","","","","","","","","","","","1","","","","","","1","","1","1","1","1","","","","","1","","","","","","","","1","","","","","","","","","","","","1","","1","","","1","","","","","1","1","1","","","","1","1","","","1","1","1","","","1","1","1","1","1","1","1","1","1","1","1","","","","","","","1","1","1","1","1","1","1","1","1","1","","","1","","1","1","1","1","1","1","","1","","","","","","1","1","1","","1","1","1","1","1","","1","","1","1","1","","1","1","1","","1","1","","1","","1","","","1","1","","","","","","","","","","1","","","","","","","1","","1","","1","","","","","","","1","","","1","","","","","","","","","","","","","","","","","1","1","","","","","","","","","","","","","","","","","","","","","","","","","","",""
"Guardian Intensive Outpatient Program","Hoboken","33-41 Newark Street","Suite 4-A","Hoboken","NJ","07030","","Hudson","201-448-8304","https://www.guardianiop.com","40.7362444","-74.0302672","SU","1","","","","","","1","","","1","","","","","","1","","","1","","1","1","1","","1","","","","1","","","","","1","","1","1","","","","","","","","","","","","1","1","1","","1","","","","","","1","1","","","1","","","","","1","","1","","","","","","","","1","1","","1","","","","","","","","","","1","1","1","1","","1","1","1","1","1","1","","1","","","1","1","1","1","","","1","","","1","","1","1","1","1","","","","1","1","1","","1","","1","1","1","1","1","1","1","","1","1","1","","","1","","1","1","1","","1","","","","","1","","1","","","1","1","1","","","","1","1","1","1","","","","","","","","","1","1","1","1","","","","","","1","","","","","","1","","","1","","","1","","","","","","","","","","","","","","","","","","","","","","","","",""
"Hoboken University Medical Center","Giant Steps Program","122 Clinton Street","","Hoboken","NJ","07030","","Hudson","201-792-8290 x11040","https://www.hudsonregionalhealth.com","40.7393121","-74.0353396","SU","1","","","","","","","","","","","","","","","1","","","1","","1","1","1","1","","","","","1","","","","","","1","","1","","","","1","","","","","","","","1","1","1","1","1","","","","","","1","1","1","","1","1","1","","1","","1","1","","","","1","1","1","","1","1","1","1","1","1","1","","","","","","","","1","1","1","","1","1","","1","1","1","","1","","1","1","1","1","1","1","","1","","","","","1","1","1","1","","","1","1","1","1","1","","","1","1","1","1","1","1","1","1","1","1","1","1","","","","1","1","","","","","","","","","","","1","","1","","1","","","1","","1","","1","","","","","","1","1","","1","1","","1","","","","","","1","","","","","","1","1","1","","1","","","","","","","","","","","","","","","","","","","","","","","","","","",""
"Therapy Resources of Morris County LLC","","25 Lindsley Drive","Suite 300","Morristown","NJ","07960","4456","Morris","973-998-7900","https://www.therapyresourcesmc.com","40.8003478","-74.4609087","SU","1","","","","","","","","","","","","","","","1","","","1","","1","1","1","1","","","","","1","","","","","","","","1","","","","","","","","","","","","","","","","","","","","","","1","","1","1","1","1","","1","","","","1","","1","1","","","1","1","","","","1","","1","","","","","","","","1","1","1","1","1","1","1","1","1","1","1","","1","","1","1","1","1","1","1","","1","","","","","1","1","1","1","","1","","1","","","","1","","1","1","1","","1","1","1","","","","","1","","1","","","1","1","","","","","","","","","1","","","","","1","","","1","","1","","1","","","","","","","","","1","1","","","","","","","","1","","","","","","","","","1","1","","","","","","","","","","","","","","","","","","","","","","","","","","",""
"Integrity Inc","DBA Integrity House","595 County Avenue","Building 7","Secaucus","NJ","07094","","Hudson","973-623-0600","https://www.integrityhouse.org","40.775449","-74.076353","SU","1","","","","1","","","1","1","1","","","","","","1","","","1","","","1","1","","1","","","1","","1","","","","","","","","","","","","","","","","","","","1","1","1","","","1","","","","","1","1","1","1","1","","1","1","1","","","1","","","","1","","","1","1","1","","1","1","1","1","1","","","","","","","1","","","","1","1","1","1","1","","","1","","","1","1","1","1","","","1","","","1","","1","1","1","1","","","","","","","","","","","","1","1","1","1","1","","","","1","1","","1","1","","1","1","1","1","","1","1","1","1","1","","1","1","1","","","","","1","1","","","","","","","","","","","","1","","","","","","","","","1","","","1","","","","","","","","","1","","","","1","","","","","","","","","","","","","","","","","","","","",""
"Integrity Inc","DBA Integrity House","595 County Avenue","Building 6","Secaucus","NJ","07094","","Hudson","973-623-0600 x7120","https://www.integrityhouse.org","40.775449","-74.076353","SU","1","","1","","1","","1","1","1","1","1","","","","","","","1","1","","","1","1","","1","","","1","","","1","","","","","","","","","","","","","","","","","","1","1","1","","","1","","","","","1","1","1","1","1","","1","1","1","","","1","","","","1","","","1","1","1","","1","1","1","1","1","","","","","","","1","","","","1","1","1","1","1","","","1","","","1","1","1","1","","","1","","","1","","1","1","1","1","","","","","","","","","","","","1","1","1","1","1","","","","1","1","","1","1","","1","1","","1","1","1","1","1","1","1","","1","1","","","","","","1","1","","","","","","","","","","","","1","","","","","","","","","1","","","1","","","","","","","","","1","","","","1","","","","","","","","","","","","","","","","","","","","",""
"North West Essex Community","Healthcare Network","570 Belleville Avenue","","Belleville","NJ","07109","1398","Essex","973-450-3100","https://northwestessex.org/","40.797351","-74.1729642","SU","1","","","","1","","1","1","1","1","","","","","","1","","","1","","1","1","1","","1","","","","1","","","","","1","","","1","","","","","","","","","","","","1","1","","","","","","","","","1","1","1","1","1","","1","","","1","1","1","1","1","","","","","","","","","1","","","","","","","","","","","1","1","1","1","1","1","","1","","","","1","","","1","1","1","1","","","","","","","","1","1","1","1","","","","1","1","1","1","","","1","1","1","","1","1","1","1","1","1","1","1","","1","1","1","1","1","","1","","1","1","1","1","1","","1","1","","","1","","","","1","","","","1","","","","1","","1","1","1","1","1","","","","","","","1","","","","","1","1","1","1","1","","","1","","","","","","","","","","","","","","","","","","","","","","","","",""
"Oaks Integrated Care","COPE Center","104 Bloomfield Avenue","","Montclair","NJ","07042","","Essex","973-783-6655","https://www.oaksintcare.org","40.8071654","-74.2103662","SU","1","","","","1","","1","1","1","1","","","","","","1","","","1","","1","1","1","1","","","","","1","","","","","1","","1","1","","","","","","","","","","","","1","1","1","","","1","","","","","1","1","","","1","","1","1","","1","","","","","","","","","","","","","","","","","1","","","","","","1","1","1","1","","","1","1","1","1","","","1","","","1","1","1","1","1","","1","1","","","","1","1","1","1","1","","","1","1","1","","1","","1","1","1","1","1","1","1","","","1","","1","","1","1","1","1","1","","1","","1","1","1","1","1","","1","1","","1","1","","","1","1","1","1","1","1","","","","1","","1","","1","1","1","1","","","","","","1","","","","","1","","","","1","1","","","","","","","","","","","","","","","","","","","","","","","","","","",""
"Real House Inc","Outpatient Program","127 Pine Street","Suite 6","Montclair","NJ","07042","","Essex","973-746-2400 x100","https://www.realhouseinc.com","40.811513","-74.2067102","SU","1","","","","","","","","","","","","","","","1","","","1","","1","1","1","","1","","","","1","","","","","","1","1","1","","","","","","","","","","","","1","","1","","","","","","","","1","1","","","","","","1","","","","1","1","","","1","1","","1","1","1","1","1","1","1","1","","","","","","","","1","1","1","","1","1","","1","1","1","","1","","","1","1","1","1","","","1","","","1","","1","1","1","1","","","","1","1","1","","1","","1","1","1","1","1","1","1","","1","","","1","","1","","1","1","1","","","","","","","","","1","","1","","1","","","","1","","","1","","","","","","","","","","1","1","","","","","","","","1","","","","","","","","","","","","1","","","","","","","","","","","","","","","","","","","","","","","","",""
"Integrity Inc","DBA Integrity House","520 Speedwell Avenue","Suite 220","Morris Plains","NJ","07950","","Morris","973-623-0600","https://www.integrityhouse.org","40.8259265","-74.4806974","SU","1","","","","1","","1","1","1","1","","","","","","1","","","1","","1","1","1","","1","","","","1","","","","","","1","1","1","","","","","","","","","","","","1","","1","","","1","","","","","1","1","1","1","1","","1","1","1","","","1","1","1","1","1","1","","1","1","1","1","1","1","1","1","1","","","","","","","1","1","1","","1","1","1","1","1","","","1","","","1","1","1","1","","","1","1","","1","","","1","1","1","","1","","1","1","1","","","","","","1","1","1","1","1","","","","","1","","1","1","1","1","1","1","1","","1","1","","","1","","1","1","1","","","","","1","1","","","","","","","","","1","","","1","","","","","1","","","","1","","","","","","","","","","","","1","","","","","","","","","","","","","","","","","","","","","","","","",""
"Pinnacle Treatment Centers NJ III","Vineland Treatment Services","1051 Sherman Avenue","Suites 4-A and B","Vineland","NJ","08360","","Cumberland","865-839-2210","https://pinnacletreatment.com","39.4444325","-75.0094882","SU","1","","1","","1","","","1","","1","1","","","","","","","1","1","","1","1","1","","1","","","","1","","","","","1","","1","1","","","","","","","","","","","","1","","1","","","1","","","","","1","1","1","1","1","1","","","","1","","1","1","1","1","1","1","","1","1","1","1","1","1","1","1","","","","","","","","1","1","1","","1","1","1","1","1","1","1","1","","","1","1","1","1","","","1","","","1","","","1","1","1","","1","","1","1","1","1","1","","","1","1","","1","1","1","1","1","1","1","1","","1","","","1","1","","1","1","","1","1","1","","1","","","","","","","","","1","1","","1","","","","","","1","1","1","1","1","","1","","","","","","","","","1","1","","1","1","1","","","","1","","","","","","","","","","","","","","","","","","","","","","","","",""
"CURA Inc","","595 County Avenue","Building 4-8","Secaucus","NJ","07094","","Hudson","973-622-3570","https://www.curainc.org","40.7844376","-74.0584754","SU","1","","","","1","","","1","","","","","","","","1","","","1","","","1","1","","1","","","1","","","1","","","","","","","","","","","","","","","","","","1","1","1","","","","","","","","1","1","","","","","1","1","1","","1","1","1","","1","1","1","","","","1","1","1","1","1","","","","","","","","","1","1","1","","1","","","1","1","","","1","","","1","","1","1","1","","1","","","","","1","1","1","1","","1","1","1","1","1","1","1","","1","1","1","1","1","1","1","1","1","1","1","1","","1","","1","1","1","","1","","1","","","","","","1","1","","1","","","","1","","","","","","1","1","","","","","","1","1","","1","","1","","","","1","","","","","","1","1","1","","","","1","","","","1","","","","","","","","","","","","","","","","","","","","",""
"Acenda Integrated Health","Morris Counseling and Wellness Center","340 West Hanover Avenue","","Morristown","NJ","07960","","Morris","973-539-5764","https://www.acendahealth.org","40.8322451","-74.5161349","SU","1","","","","1","","1","1","1","1","","","","","","1","","","1","","1","1","1","","1","","","","1","","","","","1","","1","1","","","","","","","","","","","","1","1","","","","1","","","","","1","1","1","1","1","1","1","1","1","","","1","","","","","","1","","1","1","","","","","","","","","","","","","1","1","1","","","1","","1","","","","1","","1","1","1","1","1","1","","1","","","","","1","1","1","1","","","","","1","1","","1","","1","","1","1","1","1","1","","","1","1","1","","","","","1","1","","1","","1","","1","1","","","1","","","1","","","","","1","1","","1","","","","","","","1","","1","1","","","","","","","","1","","","","","","1","","","1","","","1","","","","","","","","","","","","","","","","","","","","","","","","",""
"Eleanor Health","Verona","96 Pompton Avenue","Suite 101","Verona","NJ","07044","","Essex","856-395-9944","https://www.eleanorhealth.com","40.8285388","-74.2295657","SU","1","","","","1","","1","1","1","1","","","","","","1","","","1","","1","1","1","1","","","","","1","","","","","1","","","1","","","","","","","","","","","","","","","","","1","","","","","1","1","1","1","1","1","","","","1","","","","","","","","","1","","","","","","","","1","","","","","","","1","1","1","","","1","","1","","","","1","","","1","1","1","1","","","1","1","","","","1","1","1","1","1","","","1","","","","1","","1","1","1","","1","1","1","","1","","","1","","1","1","1","1","1","","1","","1","1","1","1","1","1","","","1","","1","","","1","1","1","","1","1","","","","1","","","","1","1","1","","","","","","","1","","","","","","","","","","1","","","","","","1","","","","","","","","","","","","","","","","","","","","",""
"Bridge","","860 Bloomfield Avenue","","Caldwell","NJ","07006","","Essex","973-228-3000","https://www.rehab.com/the-bridge-center-for-wellbeing","40.8509862","-74.2988502","SU","1","","","","","","","","","","","","","","","1","","","1","","1","1","1","","1","","","","1","","","","","","","1","1","","","","","","","","","","","","1","1","1","","","","","","","","1","1","","","1","","1","1","","","","","","","","","","1","1","","","","","","","","","","","","","","","1","1","1","","1","1","1","1","1","","","1","","1","1","1","1","1","","","","","","","","1","1","1","1","","","","1","1","1","","1","","1","","1","","1","1","1","","","1","","1","","1","","","1","","","","","","","","","","","1","","","","1","","","1","","1","","1","","","","","","","1","","","1","","","","","","","","","","","","","1","","","","","","","1","","","","","","","","","","","","","","","","","","","","","","","","",""
"Counseling Center at West Caldwell","","1120 Bloomfield Avenue","Suite 200","Caldwell","NJ","07006","","Essex","561-459-5737","https://www.thecounselingcenter.com/locations/west-caldwell-nj/","40.8541373","-74.3092638","SU","1","","","","","","","1","1","1","","","","","","","","","1","","1","1","1","","1","","","","1","","","","","1","1","1","1","","","","","","","","","","","","1","1","1","","1","","","","","","1","","","","1","1","","","","","","","","","","","","","","","","","","","","","","","","","","","","1","1","1","","1","1","1","1","1","1","","1","","1","1","1","1","1","","","1","","","1","","1","1","1","1","","1","","","1","1","1","","","1","1","1","1","1","1","1","","","1","","1","","","","1","1","1","","1","","1","1","1","1","","1","","","","","","","","1","1","","1","","","","","","","","1","","1","1","","","","","","","","","","","","1","","1","","","","","","1","","","","","","","","","","","","","","","","","","","","","","","","",""
"ASun Star Consulting Inc","","199 Railroad Avenue","","East Rutherford","NJ","07073","","Bergen","973-771-3300 x2","https://www.asunstar.org","40.8297214","-74.1006498","SU","1","","","","","","","","","","","","","","1","","","","1","","1","1","1","","1","","","","1","","","","","","","1","1","","","","","","","","","","","","1","1","1","","","","","","","","1","1","1","","1","1","1","1","","","1","1","1","1","1","1","1","1","1","1","1","1","1","1","1","1","","","","","","","1","1","1","1","1","1","1","1","1","1","1","","1","","1","1","","1","1","1","","1","","","","1","1","1","1","1","","1","","1","1","1","","1","","1","1","1","1","1","1","1","","","1","","1","","","","1","1","1","","","","","","","","","1","","1","","","","","1","","","","","","","","","","","1","1","","1","1","","1","","1","","","","1","","","","","1","","","","1","","","1","","","1","","","1","","","","","","1","","","","","1","","","","","","","","1"
"New Pathway Counseling","Pine Brook","321 Changebridge Road","","Pine Brook","NJ","07058","9592","Morris","973-604-3388 x201","https://www.newpathway.com","40.8657669","-74.351141","SU","1","","","","","","","","","1","","","","","","1","","","1","","1","1","1","","1","","","","1","","","","","1","1","1","1","","","","","","","","","","","","1","","1","","1","","","","","","1","1","","","1","","","","","1","","1","","","","","","1","","1","1","","1","","","","","","","","","","1","1","1","1","","1","1","1","1","1","1","","1","","1","1","1","1","1","","","1","","","1","","1","1","1","1","","","","1","1","1","","","","1","1","1","1","1","1","1","","1","1","1","1","","1","","1","1","1","","1","","","","","1","","1","","","1","1","1","","","","1","1","1","1","","","","","","","","1","1","1","1","1","","1","","","","1","","","","","","1","","","1","","","1","","","","","","","","","","","","","","","","","","","","","","","","",""
"New Chapter Faith Based Recovery LLC","","1915 Route 46","Suite 101","Parsippany","NJ","07054","","Morris","551-353-2484","https://www.newchapterrecoverynj.com","40.86781","-74.4144043","SU","1","","","","","","1","","1","1","","","","","","1","","","1","","1","1","1","","1","","","","1","","","","","1","1","1","1","","","","","","","","","","","","1","","1","","1","","","","","","1","","","","1","1","","","","","1","1","1","1","1","","1","1","1","1","1","1","1","1","1","1","1","","","","","","","1","1","1","1","1","1","1","1","1","1","","1","","1","1","1","1","1","1","","1","1","","1","","1","1","1","1","1","","","1","1","1","1","","","1","1","1","1","1","1","1","","1","1","1","1","","1","1","1","1","1","","1","","","","","1","","1","","1","","","1","","","1","1","1","1","1","1","","","","1","1","1","","1","1","1","1","","1","","","","1","","","","","","1","","","1","","","1","","","1","","","","","","","","","","","1","","","","","","","","","","","1"
"SERV Behavioral Health System Inc","SERV Centers of NJ Inc","777 Bloomfield Avenue","","Clifton","NJ","07012","","Passaic","973-594-0125","https://www.servbhs.org","40.8482644","-74.1525002","SU","1","1","","","1","1","1","1","1","1","","","","","","","","1","1","","1","1","1","","1","","","","1","","","","1","1","","1","1","","","","","","","","","","","","","","1","","","1","","","","","","1","1","","1","","1","","1","1","1","1","","","","","","1","","","","","","","","","1","","","","","1","","1","1","1","1","","1","","1","","","","1","","1","1","1","1","1","","","1","1","","1","","1","1","1","1","","","1","1","1","1","1","","","1","1","1","1","1","1","1","1","1","1","1","1","","1","1","1","1","1","","1","","1","1","1","1","1","","1","1","","","","","","","1","","1","","1","","","","1","","","1","1","1","1","","1","","","","","1","","","1","","1","1","1","1","","","","1","","","","1","","","","","","","","","","","","","","","","","","","","",""
"New Bridge Services Inc","","99 Sherry Hill Road","Building 2, Suite 100-A","Parsippany","NJ","07054","","Morris","973-316-9333","https://www.newbridge.org","40.8723888","-74.4361791","SU","1","","","","","","","1","","1","","","","","","","","","1","","1","1","1","","1","","","","1","","","","","1","","","1","","","","","","","","","","","","1","1","1","","","","","","","","1","1","1","1","1","","1","1","","","","1","","","","","","1","","","","","","","","","","","","","","","1","1","1","1","","","","","1","1","","","1","","1","1","1","1","1","1","","","","","","","1","1","1","1","","","","","","","","","","1","","1","","1","1","1","","","","","1","","","","","1","","","1","","1","1","1","","","","1","","","","","","","","1","1","","1","1","","","","1","","","","1","","","","","1","","","","1","","","","","1","1","","","","","","1","","","","","","","","","","","","","","","","","","","","","","","","",""
"Moving Mountains Recovery LLC","","2 Emery Avenue","","Randolph","NJ","07869","","Morris","973-891-9500","https://movingmountainsrecovery.com","40.8618525","-74.5830148","SU","1","","","","1","","1","1","1","1","","","","","","1","","","1","","","1","1","","1","","","","1","","","","","1","1","1","","","","","","","","","","","","","","","1","","1","","","","","","1","","","","1","","","","","","","1","","","","","","","","1","1","","","","","","","","","","","","","1","1","1","","","1","1","1","","","","1","","","1","1","1","1","","","1","","","1","","1","1","1","1","","","","1","","1","","","","1","1","1","","1","1","","","1","","","1","","1","1","1","1","1","","1","","1","1","1","1","","1","","","","","1","","","1","1","1","","1","1","","","","1","","","","1","1","","","","","","","","1","","","","","","1","","","","","","1","","","","","","","","","","","","","","","","","","","","","","","","",""
"Apex Recovery","","106 Route 10","","Succasunna","NJ","07876","","Morris","973-970-9019","https://www.apexrecoverynj.com","40.864614","-74.6346375","SU","1","","","","1","","1","1","1","1","","1","","","","","","","1","","1","1","1","","1","","","","1","","","","","1","1","1","1","","","","","","","","","","","","","","1","","1","","","","","","1","","","","1","","","","","","1","1","","","","","","","","","","","","","","","1","","","","","","","1","1","1","1","","1","","1","1","1","","1","","","1","1","1","1","","","1","1","1","1","","1","1","1","1","1","","","1","1","1","","1","","1","1","1","1","1","1","1","","1","","","1","","1","","","1","1","","1","","1","","1","1","1","1","","1","","","","","","","1","","","","1","","","","1","","","","1","1","","1","","","","","","1","","","","","","1","","","1","","","1","","","","1","","","","","","","","","","","","","","","","","","","","",""
"Resource Center for the Chemically Dep","Morris County Aftercare Center","273 East Main Street","","Denville","NJ","07834","","Morris","973-927-6641","https://www.mcaftercare.org","40.8837428","-74.4799925","SU","1","","1","","","","","","","","1","","","","","","","1","1","","1","1","","","1","","","","1","","","","","1","","1","1","","","","","","","","","","","","1","1","1","","","1","","","","","1","1","1","","","","1","1","","1","","1","1","1","1","1","1","","1","1","1","1","1","1","1","","","","","","","","","1","1","1","1","","1","","1","","1","","1","","","1","1","1","1","","","1","","","","","1","1","1","1","","1","","1","1","1","","1","","1","1","1","","1","1","1","","1","1","1","1","","","","1","1","1","","","1","","","","","","","1","1","","","","1","","","","","","","","","","","","","1","1","1","1","","","","","","","","1","","","1","1","","1","1","1","","","","1","1","","1","1","","","","","","","","","","","","","","","","","1","","","",""
"Northeast Life Skills Associates Inc","","121 Howe Avenue","","Passaic","NJ","07055","","Passaic","973-777-2962 x102","https://","40.8607996","-74.1323685","SU","1","1","1","","","","","","","","1","","","","","","","1","1","","1","1","","1","","","","","1","","","","1","1","","1","1","","","","","","","","","","","","1","","1","","","1","","","","","1","1","1","","","","","","","1","1","1","","","","","1","","1","1","1","","","","","","","","","","","1","","1","1","","","","1","1","1","","","","1","","","1","1","1","1","1","","1","","","","","1","1","1","1","","","","","","1","","1","","1","1","1","","1","1","1","","","","","1","","","","","1","1","","","1","","","","","","","1","","","","","","","1","","1","","1","","","","","","1","1","","1","1","","","1","","","","","1","","","1","1","","1","","","","1","","","","","","","","","","","","","","","","","","","","","","","","","","",""
"Healing Heroes Recovery","","285 Passaic Avenue","2nd floor","Fairfield","NJ","07004","","Essex","917-353-4414","https://www.center4heroes.com","40.8816376","-74.2721856","SU","1","","","","1","","","1","1","1","","","","","","","","","1","","1","1","1","","1","","","","1","","","","","1","","1","1","","","","","","","","","","","","","","1","","","","","","","","1","","","","1","1","","","","1","","1","1","","1","","","","","","","","","","","","1","","","","","","1","1","1","1","1","1","1","","1","1","","","1","","","1","1","1","1","","","1","1","","1","","1","1","1","1","1","1","","1","1","1","","","","1","1","1","1","1","1","1","","","1","","1","","1","1","","1","1","","1","","1","","1","1","1","1","","1","","","","","","","1","","1","","1","","","","1","","1","","1","1","","","","","","","","1","","","","","","1","","","1","","","1","","","","1","","","","","","","","","","","","","","","","","","","","",""
"MMM Health Services Inc","DBA Wellness Center NJ","596 Anderson Avenue","Suite 305","Cliffside Park","NJ","07010","","Bergen","201-945-2905","https://www.wellnesscenternj.com","40.8242391","-73.9880533","SU","1","","","","","","","","1","","","","1","","","","","","1","","1","1","1","","1","","","","1","","","","","1","1","1","1","","","","","","","","","","","","1","","1","","","","","","","","1","1","1","1","1","","1","1","1","1","1","1","1","1","1","1","1","","1","1","1","1","1","1","1","1","","","","","","","","1","1","1","","1","","1","1","1","","","1","","","1","1","1","1","1","","1","","","1","","1","1","1","1","","1","1","1","1","1","","1","","","1","1","1","1","1","1","","","1","1","1","","1","","1","1","1","","1","","","","","","","","1","","","","","","","1","1","1","1","1","","","","","","1","1","","1","1","1","1","","","","","","1","","","","","","","","","","1","","","","","","","","","","","","","","","","","","","","","","","","","","",""
"Asian Community Alcohol Counseling","Asian American Mental Health","581 Bergen Boulevard","Suite 2","Ridgefield","NJ","07657","","Bergen","201-669-2678","https://","40.8277205","-73.9955439","SU","1","","","","","","","","","","","","","","1","","","","","","","1","1","1","","","","","1","","","","","","","","1","","","","","","","","","","","","1","","","","","","","","","","1","1","1","","1","1","","","","","","1","1","","1","1","1","1","1","1","1","","1","1","1","1","","","","","","","1","1","1","1","1","","1","","","1","","","1","","1","1","1","1","1","1","","1","","","1","","1","1","1","","","1","","","","","","1","","1","","1","","1","1","1","","","","","1","","","","","","1","","","","","","","","","1","","","","","","","1","","","","","","","","","","","1","","","","1","1","1","","","","","","","","","","1","","","","","1","1","","","","","1","","1","","","","","","","","","","","","1","","","","","","","","1"
"Keystone Recovery Center Inc","DBA BlueCrest Recovery Center Inc","482 Notch Road","","Little Falls","NJ","07424","","Passaic","973-298-5776","https://www.Bluecrestrc.com","40.872807","-74.1908882","SU","1","","","","","","1","","1","1","","","","","","","","","1","","","1","1","","1","","","","1","","","","","1","1","1","1","","","","","","","","","","","","","","1","","1","","","","","","1","","","","1","","","","","","","1","","","","","","","","1","1","","1","","","","1","","","","","","","1","1","1","1","1","1","","1","1","","","1","","","1","1","1","1","","","1","1","","1","","1","1","1","1","1","","1","1","1","1","","","","1","1","1","1","1","1","1","","","1","","1","","1","1","1","1","1","","1","","","","","1","","1","","1","","","","","","","1","","","","","","","","","1","","","1","1","","","","","","","","1","","","","","","","","","","","","1","","","","","","","","","","","","","","","","","","","","","","","","",""
"Adult Family Health Services","","53 Orchard Street","","Clifton","NJ","07013","","Passaic","973-773-7600","https://www.afhsnj.com","40.8674428","-74.1585168","SU","1","","","","1","","1","1","1","1","","","","","","","","","1","","1","1","1","","1","","","","1","","","","","1","1","1","1","","","","","","","","","","","","1","1","","","","","","","","","1","1","1","1","1","","","","","","","1","","","","1","","","","","","","1","","","","1","","","","","","1","1","1","1","","1","1","","1","1","1","","1","","","1","1","1","1","1","","1","1","","1","","1","1","1","1","1","","1","","1","1","","1","","1","","1","1","1","1","1","","1","1","1","1","","1","1","","1","1","","1","","1","1","1","1","1","1","","1","","","","","","","1","1","","1","1","","","","1","","1","1","1","1","","","","","","","","1","","","","","","","","","1","","","1","","","","","","","","","","","","","","","","","","","","","","","","",""
"Cumberland County Guidance Center","Millville Office","2038 Carmel Road","","Millville","NJ","08332","","Cumberland","856-825-6810","https://www.ccgcnj.org","39.4259664","-75.104307","SU","1","","","","","","","","","","","","","","","1","","","1","","","","1","","1","","","","1","","","","","","","","1","","","","","","","","","","","","","1","","","","","","","","","1","1","1","1","","","1","","","","","1","","","","","","","","","","","","","","","","","","","","","","1","","","","","","","1","","","","","","","1","1","1","1","","","1","","","","","1","1","","1","","","","1","","","","","","1","1","1","","1","1","1","","1","","","1","","1","","1","1","1","","","","","","","","","","1","","","","1","","","1","","1","","1","","","","","","","","","","1","","","","","","","","","","","","","","","","","","","","1","","","","","","","","","","","","","","","","","","","","","","","","",""
"Counseling Center at Roxbury","","66 Sunset Strip","Suite 302","Succasunna","NJ","07876","","Morris","561-459-5737","https://www.thecounselingcenter.com/","40.8688662","-74.6462198","SU","1","","","","","","","1","1","1","","","","","","","","","1","","1","1","1","","1","","","","1","","","","","1","1","1","1","","","","","","","","","","","","1","1","1","","1","","","","","","1","","","","1","1","","","","","","","","","","","","","","","","","","","","","","","","","","","","1","1","1","","1","1","1","1","1","1","","1","","1","1","1","1","1","","","1","","","1","","1","1","1","1","","1","","","1","1","1","","","1","1","1","1","1","1","1","","","1","","1","","","","1","1","1","","1","","1","1","1","1","","1","","","","","","","","1","1","","1","","","","","","","","1","","1","1","","","","","","","","","","","","1","","1","","","","","","1","","","","","","","","","","","","","","","","","","","","","","","","",""
"Cambridge Recovery Sober Living","","6 Red Maple Lane","","Flanders","NJ","07836","","Morris","908-946-0005","https://www.cambridgerecoveryestates.com","40.8624335","-74.6928538","SU","1","","","","","","","1","","","","1","","","","1","","","","","","","","","1","","","1","","","1","","","","","","","","","","","","","","","","","","1","","1","","","","","","","","1","","","","","","","","","","","","","","","","","","","","","","","","","","","","","","","","","","","","","","","","","","","","","","","1","1","","1","","","","","","1","","","","1","","","","","","","","","","","1","","","","","","1","","","","","1","","","","","","","","","","","","","","","1","","","","1","1","","","1","","1","","1","","","","","","","1","","","","","","","","","","","","","","","","","","","","","","","1","","","","","","","","","","","","","","","","","","","","","","","","",""
"Passaic Alliance","","69 Jefferson Street","1st Floor","Passaic","NJ","07055","","Passaic","973-365-5740","https://www.cityofpassaic.com","40.8639386","-74.1207826","SU","1","","","","1","","","1","","","","","","","","1","","","1","","1","1","","","1","","","","1","","","","","1","1","1","1","","","","","","","","","","1","","1","","","","","","","","","","1","1","","1","","","1","1","1","","1","1","1","1","","1","1","","1","1","1","1","1","1","1","1","","","","","","","","1","1","1","","1","1","","1","1","1","","1","","","1","1","1","1","1","","1","","","1","","1","1","1","1","","1","1","","1","1","","1","","1","","1","","1","1","1","","1","1","","1","","1","","","1","1","","1","","1","1","1","","","","","1","1","1","","","","1","1","","1","","1","","","","1","1","1","","1","1","","1","","","","","","1","","","","","","","","","","","","1","","","1","1","","","","","","","","","","","","","","","1","","","","","",""
"Excel Treatment Center of Dover","","58-60D North Sussex Street","","Dover","NJ","07801","","Morris","973-989-7500","https://exceltreatmentcenter.com","40.8862139","-74.5585321","SU","1","","","","1","","1","1","1","1","","","","","","1","","","1","","1","1","1","","1","","","","1","","","","","1","1","1","1","","","","","","","","","","","","1","1","1","","1","","","","","","1","","","","1","1","","","","","","1","1","1","1","1","1","","1","1","1","1","1","1","1","1","1","","","","","","","1","1","1","1","1","1","1","1","1","1","1","1","","","1","1","1","1","","","1","1","","1","","1","1","1","1","1","","","1","1","1","1","1","","1","1","1","1","1","1","1","","1","1","","1","","1","","1","1","1","1","1","","1","1","1","1","1","1","","1","","1","1","","","1","1","1","1","1","1","","","","1","1","","","1","1","1","","","1","","","","1","","","","","","","","","","","","1","","","","","","","","","","","","","","","","","","","","","","","","",""
"Ascend Treatment and Wellness Center","","100 Enterprise Drive","Suite 301","Rockaway","NJ","07866","","Morris","862-781-6141","https://ascendnj.com","40.9054803","-74.5623476","SU","1","","","","","","","","","","","","","","","1","","","1","","1","1","","1","","","","","1","","","","","","","","1","","","","","","","","","","","","","","","","","","","","","","1","","","","1","","","","","","","1","","","","","","1","","","","","","","","1","","","","","","","1","1","1","1","1","","1","","1","1","","","1","","1","1","1","1","1","","","1","","","1","","1","1","1","1","","","","","","","","1","","1","","1","","1","1","1","","","","","1","","","","","1","","","","","","","","","","1","","","","","1","","","1","","1","","1","","","","","","","1","","","","","","","","","","","","","","","","","","","","1","1","","","","","","","","","","","","","","","","","","","","","","","","","","",""
"New Life Recovery Center","","390 Main Road","","Montville","NJ","07045","9820","Morris","973-728-7788","https://www.newliferecoverycenter.com","40.9165823","-74.3630261","SU","1","","","","","","","","","","","","","","","1","","","1","","1","1","","","1","","","","1","","","","","","","1","1","","","","","","","","","","","","1","1","1","","","","","","","","1","1","","","1","","","","","","","1","1","1","1","1","1","1","1","1","1","1","1","1","1","1","","","","","","","","1","1","1","1","1","","1","1","","1","","","","1","1","1","1","1","","","1","","","","","1","1","1","1","","","","","","","","","","1","1","1","","1","1","","","1","","","1","","1","","","1","1","","","","","","","","","1","","","","","1","","","1","","1","","1","","","","","","1","1","","","1","","","","","","","","","","","","","","","","","","","","1","","","","","","","","","","","","","","","","","","","","","","","","","1"
"Bergen County Dept of Health Servs","Addiction Recovery Program","103 Hudson Street","","Hackensack","NJ","07601","","Bergen","201-634-2745","https://","40.8755099","-74.0432545","SU","1","","","","","","","","","","","","","","","1","","","1","","1","1","1","","1","","","","1","","","","","","","1","1","","","","","","","","","","1","","1","","","","","","","","","","1","1","","","","","1","1","1","","1","","","","","","","","","","","","","","","","","","","","","","","1","1","1","1","1","1","1","1","1","1","","1","","","1","1","1","1","","","","","","1","","","1","1","1","","","","","","","","","","1","1","1","","1","1","1","","","","","1","","1","","","1","","","","","","","","","","","","","","1","1","","","1","","1","1","1","","","","","","","1","","1","","","","","","","","","","","","","","","","","","","","","1","","","","","","","","","","","","","","","","","","","","","","","","",""
"Adolescent Substance Abuse Program","","1 Bergen County Plaza","2nd Floor","Hackensack","NJ","07601","","Bergen","201-336-7350","https://www.bergencountynj.gov","40.8767232","-74.042949","SU","1","","","","","","","","","","","","","","","1","","","1","","1","1","","","1","","","","1","","","","","","","","1","","","","","","","","","","1","","1","","1","","","","","","","1","","","","","","","1","","1","1","1","","","","","","","1","","","","","","","","","","","","","","","","1","1","1","","1","1","1","1","1","","","1","","1","1","1","1","1","","","1","","","","","","1","1","1","","1","","1","1","1","","1","","","1","1","1","1","1","1","","1","1","","1","","1","","1","1","1","","","","","","","","","","","","1","1","1","","","1","","1","1","1","","","","","","","","","1","1","","1","","","","","","","","","","","","","","","","","","1","","","","","","","","","","","","","","","","","","","","","","","","",""
"Pinnacle Treatment Centers NJ II LLC","DBA Stateline Medical","590 Marshall Street","","Phillipsburg","NJ","08865","","Warren","908-387-0003","https://pinnacletreatment.com","40.6964108","-75.1763334","SU","1","1","1","","1","","","1","","","1","","","","","","","1","1","","1","1","","","1","","","","1","","","","1","1","","1","1","","","","","","","","","","","","","","1","","","1","","","","","1","1","1","","1","","1","","","1","","1","1","1","1","1","1","","1","1","1","1","1","1","1","","","","","","","1","","1","1","1","","","","","1","","","","1","","","1","1","1","1","","","1","","","","","","1","1","1","","","","1","1","1","","","","","1","1","","1","1","1","","","1","1","1","","1","","1","1","1","","","1","","1","","","","1","","","","","","","1","","","","","","","","","","","1","1","","1","1","","","1","","","","","","","","","","","","","","","","","1","","","1","","","","","","","","","","","","","","","","","1","","","","",""
"Straight and Amp Narrow, Inc","Straight and Narrow Alpha House, III","396 Straight Street","","Paterson","NJ","07501","","Passaic","973-345-6000","https://www.ccpaterson.org/sn","40.9105467","-74.166785","SU","1","1","","","1","1","1","1","1","1","","","","","","1","","","1","","","1","1","","1","","","1","","","1","1","","","","","","","","","","","","","","","","","1","1","1","","","","","","","","","1","1","","","","","","","1","","1","","","","1","","","1","1","","1","1","1","1","1","","1","1","1","1","1","","1","1","","","1","1","1","1","1","","","1","1","","1","1","1","","","","1","1","","1","1","1","1","1","1","1","1","","","","1","","","","1","","1","1","1","1","1","1","","1","1","1","","","1","1","1","1","","1","","1","","","1","1","","1","1","1","","","","","","1","","","","1","","1","","1","1","1","1","1","1","","","1","1","","","","1","","","","","1","1","1","1","1","1","","","","","","1","","","","","","","","","","","","","","","","","","","","","1"
"Evas Village","Mens Halfway House","393 Main Street","2nd Floor","Paterson","NJ","07501","","Passaic","973-523-6220 x304","https://www.evasvillage.org","40.9120834","-74.1723004","SU","1","","","","1","","1","1","1","1","","1","","","","1","","","1","","1","1","1","","1","","","1","","","1","","","","","","","","","","","","","","","","","","1","","","","","","","","","","1","","","","","","1","","1","","1","1","1","","","1","1","","","","1","1","1","1","1","","1","","","","","","1","1","1","1","","1","1","1","1","1","1","","1","","","1","1","","1","","","1","","","1","","1","1","1","1","","1","","1","1","1","1","1","","1","1","1","1","1","1","1","1","","1","1","1","","1","","1","1","1","","1","","1","","1","1","1","","1","1","1","1","","","","1","1","","1","","","1","1","","","1","1","1","1","","1","1","","1","1","1","","1","","","","","","1","1","1","1","","","1","","","","","","","","","","","","","","","","","","","","","","","","",""
"Paterson Counseling Center Inc","","319-321 Main Street","","Paterson","NJ","07505","","Passaic","973-523-8316 x7222","https://www.patersoncounseling.org","40.9142599","-74.1730745","SU","1","1","1","","1","","","1","","","1","","","","","","","1","1","","1","1","1","1","","","","","1","","","","1","1","","1","1","","","","","","","","","","","","1","1","1","","","1","","","","","1","1","1","","","","1","1","1","1","1","1","","","","","","","1","1","1","","","","","","","","","","","1","","1","1","1","","","","","1","","","","1","","","1","1","1","1","","","","","","","","1","1","1","1","","","1","","1","1","","1","","1","","1","","1","1","1","1","","1","1","1","","","","","","","","","1","","1","","","","","1","1","","","","1","","","","","","","","1","1","","","","1","","1","1","","","1","","","1","","1","1","","1","1","1","1","1","1","","1","","","1","","","1","","","","","","","","","","","","","","","","","","","","",""
"Center for Family Services","","370 Memorial Parkway","Suite 302","Phillipsburg","NJ","08865","","Warren","877-922-2377","https://www.centerffs.org","40.6953475","-75.1906006","SU","1","","","","1","","1","1","1","1","","","","","","1","","","1","","","1","1","","1","","","","1","","","","","1","","1","1","","","","","","","","","","","","1","1","1","","","","","1","","","1","1","1","1","1","1","1","","","1","1","1","","","","","","1","","1","","","1","1","1","","1","","","","","","","1","1","1","1","1","1","1","1","1","1","1","","","1","1","1","1","1","1","","1","1","","","","1","1","1","1","","1","","1","","","","1","","1","1","1","1","1","1","1","","","","","1","","1","1","1","1","1","","1","","1","","1","1","1","","1","1","","","1","","","1","1","","","","1","","","","1","","1","","1","1","1","","","","","","","1","","","","","","","","","","","","1","","","","","","","","","","","","","","","","","","","","","","","","",""
"Guardian Recovery","Montville Adolescent Center","53 Indian Lane East","","Towaco","NJ","07082","","Morris","973-836-5119","https://www.guardianrecoverynetwork.com/montville-adolescent-center/","40.9357686","-74.3381728","SU","1","1","","","","1","","1","1","1","","","","","","1","","","1","","","1","1","1","","","","1","","1","","1","","","","","","","","","","","","","","","","","1","","1","","1","","","","","","1","","","","1","","","","","1","","1","","","","","","1","","","","","1","","","","1","1","1","1","1","1","1","1","1","1","","1","1","1","1","1","1","","","","1","1","","1","1","","","1","1","","1","","1","1","1","1","1","","","1","1","1","","1","","1","1","1","1","1","1","1","","1","1","","1","","1","1","1","1","1","","1","","1","1","1","1","","1","","","1","1","1","","","","1","1","","1","1","","1","1","1","","","","1","1","1","1","1","1","","","","1","","","","","","1","","","1","1","","","","","","","","","","","","","","","","","","","","","","","","","","",""
"Guardian Recovery","Saddle Brook Counseling Center","160 Pehle Avenue","Suite 101","Saddle Brook","NJ","07663","","Bergen","201-775-9790","https://www.guardianrecovery.com/locations/saddle-brook-counseling-center","40.9058647","-74.098539","SU","1","","","","","","1","","1","1","","","","","","1","","","1","","1","1","1","","1","","","","1","","","","","","1","1","1","","","","","","","","","","","","1","1","1","","1","","","","","","1","","","","1","1","","","","1","","1","","","","","","","","1","1","","1","","","1","1","","","","","","1","1","1","1","","1","1","1","1","1","1","","1","","","1","1","1","1","","","1","","","1","","1","1","1","1","","","","1","1","1","","1","","1","1","1","1","1","1","1","","1","1","","1","","1","1","1","1","1","","1","","","","","1","","1","","","1","","","","","1","1","","","","","","","","","","","","1","1","1","1","","","","","","1","","","","","","1","","","1","","","1","","","","","","","","","","","","","","","","","","","","","","","","",""
"Turning Point Inc","Barnett Medical Arts Complex","680 Broadway","Suite 104","Paterson","NJ","07514","","Passaic","973-239-9400","https://www.turningpointnj.org","40.917751","-74.1443982","SU","1","1","","","1","1","","1","1","1","","","","","","1","","","1","","1","1","1","","1","","1","1","1","1","1","1","","1","1","1","1","1","1","","","","","","","","","","1","","","","","1","","","","","1","1","","1","1","","1","1","","","","1","1","1","1","1","1","","1","1","1","1","1","1","1","1","","1","1","1","1","1","","1","1","","","1","1","1","1","1","1","","1","","","1","1","1","1","","","1","1","","1","","1","1","1","1","","","1","","1","1","1","1","","1","1","1","1","1","1","1","1","1","1","1","1","","","1","","1","1","","1","","1","1","1","1","1","","1","1","1","","","","","1","1","","","","1","1","1","","1","1","","","1","1","","","1","1","","","","1","","","","","","1","1","1","","1","","","","","","1","","","","","","","","","","","","","","","","","","","","","1"
"Chosen Generation Community Corp","","147 Montgomery Street","","Paterson","NJ","07501","","Passaic","973-782-6726","https://","40.9250194","-74.1600764","SU","1","","","","","","","1","1","1","","","","","","1","","","1","","1","1","1","","","1","","","1","","","","","","","1","1","","","","","","","","","","","","1","","1","","","","","","","","1","1","1","1","1","","1","1","1","","1","1","1","","","1","1","1","","1","1","1","1","1","1","1","","","","","","","","1","1","1","1","1","1","1","1","1","1","","1","","1","","","1","1","1","","1","","","","","","1","1","1","","1","1","1","1","1","1","1","","1","1","1","1","","1","1","1","","1","1","1","","1","","1","1","1","","1","","","","","","","","1","","1","1","1","","","1","","1","","1","","","","","","1","1","","1","1","1","1","","1","","","","","","","1","","1","","","","","1","","","","","","","","","","","","","","","","","","","","","","","","","","",""
"Counseling Center at Fair Lawn","","16-01 Broadway","","Fair Lawn","NJ","07410","","Bergen","567-459-5737","https://www.thecounselingcenter.com/locations/fair-lawn-nj/","40.921263","-74.1181693","SU","1","","","","","","","1","1","1","","","","","","","","","1","","1","1","1","","1","","","","1","","","","","1","1","1","1","","","","","","","","","","","","1","1","1","","1","","","","","","1","","","","1","1","","","","","","","","","","","","","","","","","","","","","","","","","","","","1","1","1","","1","1","1","1","1","1","","1","","1","1","1","1","1","","","1","","","1","","1","1","1","1","","1","","","1","1","1","","","1","1","1","1","1","1","1","","","1","","1","","","","1","1","1","","1","","1","1","1","1","","1","","","","","","","","1","1","","1","","","","","","","","1","","1","1","","","","","","","","","","","","1","","1","","","","","","1","","","","","","","","","","","","","","","","","","","","","","","","",""
"ARS Treatment Centers of New Jersey","Crossroads Treatment Centers Stanhope","21 U.S.Highway 206","Suite 2","Stanhope","NJ","07874","","Sussex","800-805-6989","https://www.crossroadstreatmentcenters.com","40.9238363","-74.7192123","SU","1","","","","1","","","1","","","","","","","","","","","","","1","1","","","1","","","","1","","","","","1","","","","","","","","","","","","","","","","","","","","","","","","","1","1","1","1","1","1","","","","","","","","","","","","","1","","","","","","","","","","","","","","","1","1","","","","","","","","","","","","","1","1","1","1","","","1","","","1","","","1","1","1","","","","","","","","","","","","1","","","1","","","","","","1","","","","1","","","","","","1","","1","","","1","","","","","","1","","","","","","","","","","","","","","","1","","","","","","","","","","","","","1","","1","","","","","","1","1","","","","","","","","","","","","","","","","","","","","","","","",""
"Vantage Health System","","93 West Palisade Avenue","","Englewood","NJ","07631","","Bergen","201-567-0500 x3267","https://www.vantagenj.org","40.8963278","-73.978363","SU","1","","","","1","","1","1","1","1","","","","","","1","","","1","","1","1","1","1","","","","","1","","","","","1","1","1","1","","","","","","","","","","","","1","1","1","","","1","","","","","1","1","1","1","1","1","1","1","","","1","1","1","1","1","1","1","","","1","1","1","1","1","1","1","1","","","","","","1","1","1","1","","1","1","1","1","1","1","","1","","","1","1","1","1","1","","1","1","","1","","1","1","1","1","1","1","1","1","1","1","1","1","","1","1","1","1","1","1","1","1","","1","1","1","","1","1","1","1","1","","1","","1","1","1","1","","","1","1","1","1","1","","","1","1","1","1","1","1","","","","1","1","1","1","1","1","1","","","","1","1","","1","","","1","","","1","1","1","1","1","","","","","","","","","","","","","","","","","","","","","","","","","","",""
"Forge Health of Paramus","","4 Forest Avenue","Suite 201","Paramus","NJ","07652","","Bergen","201-565-2920","https://www.forgehealth.com","40.9172905","-74.0518173","SU","1","","","","1","","1","1","1","","","","","","","","","","1","","1","1","1","","1","","","","1","","","","","1","","1","1","","","","","","","","","","","","1","1","","","1","","","","","","1","1","1","","1","1","","","","","","1","1","1","1","","1","","1","1","1","","1","","","1","","","","","","","1","1","1","1","1","","","","1","1","","","1","","","1","1","1","1","","","1","1","","1","","1","1","1","1","1","","","1","","","","","","1","","1","","1","1","1","","","","","1","","1","","","1","1","","1","","1","","1","1","","1","","","","","","","","","1","","","","","","","","","","","","1","1","","","","","","","","1","","","","","","","","","1","","","1","","","","","","","","","","","","","","","","","","","","","","","","",""
"Cumberland County Alc and Drug","First Step Clinic","70 West Broad Street","","Bridgeton","NJ","08302","2421","Cumberland","856-451-3727","https://www.cumberlandcountynj.gov/alcohol-drug-services","39.427739","-75.239545","SU","1","","","","","","1","","1","","","","","","","1","","","1","","1","1","1","1","","","","","1","","","","","","","1","1","","","","","","","","","","1","","1","","","","","","","","","","1","1","","","","","1","","","","1","1","1","","","1","1","1","1","1","1","1","1","1","1","1","","","","","","","","1","1","1","1","1","1","1","1","1","1","1","1","","1","1","1","1","1","","","1","1","","","","1","1","1","1","1","","","1","1","","","1","","1","1","1","1","1","1","","","1","","","1","","1","","1","1","1","","1","","","","","1","","","","1","","1","1","","","1","1","1","1","1","","","","","","1","1","","1","1","1","","","","","","","1","","","","","1","","","","","1","","","","","","","","","","","","","","","","","","","","","","","","","","",""
"Next Wind LLC","","97 Engle Street","","Englewood","NJ","07631","","Bergen","201-430-7125","https://www.nextwindnj.com","40.8960555","-73.9710877","SU","1","","","","1","","1","1","1","1","","1","","","","1","","","1","","1","1","1","","1","","","","1","","","","","1","1","1","1","","","","","","","","","","","","1","1","1","","","","","","","","1","","","","1","","","","","","","1","","","","","","","","1","1","","1","1","1","","1","","","","","","1","1","1","1","1","1","1","","1","1","1","1","1","","","1","1","1","1","","","1","1","","1","","1","1","1","1","1","","1","1","1","1","1","1","","1","","1","1","1","1","1","1","1","1","1","1","","1","1","1","1","1","","1","","1","1","1","1","1","1","","","1","1","1","","","1","1","1","1","1","1","1","1","1","1","1","1","1","1","1","1","1","","1","","","","1","1","","","","","1","1","1","1","","","1","","","","","","","","","","","","","","","","","","","","","","","","",""
"Wayne Counseling and Family Services","","1022 Hamburg Turnpike","","Wayne","NJ","07470","","Passaic","973-694-1234","https://waynecounselingcenter.org","40.959994","-74.2352305","SU","1","","","","","","","","","","","","","","","1","","","1","","","1","","","1","","","","1","","","","","","","","1","","","","","","","","","","","","1","1","1","","","","","","","","1","1","","","","","","","","","","","","","","","","","","","","","","","","","","","","","","","","1","1","1","1","","","","","","","","1","","","1","1","1","1","","","","","","","","","1","1","1","","","","","","","","1","","1","","","","1","1","","","","","","","","","","","","","","","","","","","","","","1","","","","1","","","1","","1","","1","","","","","","","1","","","","","","","","","","","","","","","","","","","","","","","1","","","","","","","","","","","","","","","","","","","","","","","","",""
"Resilience Recovery Center","","22-10 Route 208","Suite 2","Fair Lawn","NJ","07410","","Bergen","973-333-2965","https://theresiliencerecoverycenter.com","40.946603","-74.1344198","SU","1","","","","1","","1","1","1","1","","","","","","","","","1","","1","1","1","","1","","","","1","","","","","1","","1","1","","","","","","","","","","","","1","","1","","","","","","","","1","1","1","","1","1","","1","","","","1","1","1","1","1","1","","1","1","1","1","1","1","1","1","1","","","","","","1","1","1","1","1","1","1","1","1","1","1","1","1","","","1","1","1","1","1","","1","1","","1","","1","1","1","1","","1","1","1","1","1","","1","","1","1","1","1","1","1","1","","1","1","","1","","1","1","1","1","1","1","1","","1","1","1","1","1","1","","1","","","","","","","1","","","","1","","","","1","1","1","","1","1","1","1","","1","","","","1","","","","1","","","","","","","","1","","","","1","","","","","","","","","","","","","","","","","","","","",""
"Bergen Enterprises Center LLC","DBA North Jersey Recovery (NJRC)","22-08 Route 208","Suite 2","Fair Lawn","NJ","07410","","Bergen","844-978-0008","https://northjerseyrecovery.com","40.946603","-74.1344198","SU","1","","","","1","","1","1","1","1","","","","","","1","","","1","","1","1","1","","1","","","","1","","","","","1","1","1","1","","","","","","","","","","","","1","1","1","","1","","","","","","1","","","","1","","","","","","","1","","","","","","","","1","1","","1","","","","1","","","","","","1","1","1","1","1","1","","","1","1","1","","1","","","1","1","1","1","","","1","1","","1","","1","1","1","1","1","","","1","1","1","1","1","","1","1","1","1","1","1","1","1","1","1","1","1","","1","1","1","1","1","","1","","1","1","1","1","","1","","1","1","1","1","","","1","1","1","1","1","1","1","1","1","1","","","1","1","1","","1","","","","","","1","1","","","","","1","1","1","1","","","1","","","","","","","","","","","","","","","","","","","","","","","","",""
"Aspire Counseling Center","A Turning Point Program","465 Route 23 South","","Pompton Plains","NJ","07444","","Morris","973-737-8400","https://www.aspirecounselingnj.org","40.9661396","-74.2855318","SU","1","","","","","","","1","1","1","","","","","","","","","1","","1","1","1","1","","","","","1","","","","","","1","1","1","","","","","","","","","","","","1","","","","","1","","","","","1","1","","1","1","","1","1","","","","1","1","1","1","1","","1","","","","1","1","1","1","1","","","","","","","","1","1","1","","1","1","1","1","1","1","","1","","1","1","","1","1","","","1","1","","1","","1","1","1","1","","","1","","1","1","1","1","","1","1","1","1","1","1","1","1","1","1","1","1","","","1","","1","1","","1","","1","1","1","","1","","1","1","","","","","","1","1","","","","1","1","1","","1","1","","","1","1","","","","","","","","1","","","","","","1","1","1","","1","","","","","","","","","","","","","","","","","","","","","","","","","","","1"
"ChoicePoint","","23-00 Route 208","Suite 2-9","Fair Lawn","NJ","07410","","Bergen","844-445-2563","https://www.choicepointhealth.com/","40.9503452","-74.1379267","SU","1","1","","","1","1","1","1","1","1","","","","","","1","","","1","","1","1","1","","1","","","","1","","","","1","1","1","1","1","","","","","","","","","","","","1","1","","","","1","","","","","1","1","1","1","1","","1","","","","","1","1","1","1","1","1","","1","1","1","1","1","1","1","1","","1","1","1","1","1","","1","1","1","","1","1","","1","","1","","1","","","1","1","1","1","","","1","1","","1","","1","1","1","1","1","1","","","1","","","1","","1","1","1","","","1","1","","","1","","","","","","1","1","","","1","","1","1","1","1","1","1","","","1","1","1","","","1","1","1","1","1","1","","","","1","1","1","","1","1","","","1","","","","1","1","","","1","","","1","","","","","","1","","","","1","","","","","","","","","","","","","","","","","","","","",""
"South Jersey Drug Treatment Center","","162 Sunny Slope Drive","","Bridgeton","NJ","08302","","Cumberland","856-455-5441","https://treatmentatlas.org/facility/south-jersey-drug-treatment-center","39.4108961","-75.2627337","SU","1","","1","","","","","","","","1","","","","","","","1","1","","1","1","1","","1","","","","1","","","","","1","","","","","","","","","","","","","","","1","","1","","1","","","","","","1","1","1","","","","1","","","1","","1","","","","","","","","","","","","","","","","","","","","","","1","1","1","","1","1","1","1","1","1","","1","","","1","1","1","1","","","1","","","","","1","1","1","1","","","","1","1","","","1","","1","1","1","","1","1","","","1","1","1","1","","1","","","1","1","","","1","","","","","","","1","","","","","1","","","","","","","","","","","","","1","","1","1","","","","","","","","","","","1","1","1","1","","1","","","","1","1","","","","","","","","","","","","","","","","","","","","","","","",""
"Vantage Health System","","2 Park Avenue","","Dumont","NJ","07628","","Bergen","201-385-4400 x3267","https://www.vantagenj.org","40.938750281182","-73.9955578828177","SU","1","","","","","","1","1","1","1","","","","","","1","","","1","","1","1","1","1","","","","","1","","","","","1","1","1","1","","","","","","","","","","","","1","1","1","","","1","","","","","1","1","1","1","1","1","1","1","","","1","1","1","1","1","1","1","","","1","1","1","1","1","1","1","1","","","","","","1","1","1","1","","1","1","1","1","1","1","","1","","","1","1","1","1","1","","1","","","1","","1","1","1","1","1","1","1","1","1","1","","1","","1","1","1","1","1","1","1","","","1","1","1","","1","1","1","1","1","","1","","1","1","1","1","","","1","","1","1","1","","","1","1","1","1","1","1","","","","1","1","1","","1","1","1","","","","","","","1","","","1","","","1","","","1","1","","","","","","","","","","","","","","","","","","","","","","","","","","",""
"Evergreen Treatment Center","Bergen New Bridge Medical Center","230 East Ridgewood Avenue","","Paramus","NJ","07652","","Bergen","201-967-4189","https://www.newbridgehealth.org","40.9569233","-74.0632065","SU","1","1","","","","1","","1","","1","","","","","","","","","1","","1","1","1","","1","","1","","1","","","","","1","","1","1","1","1","","1","","","","","","","","1","","1","1","1","","","","","","1","1","1","","1","","1","","1","","","1","","","","","","1","","","","","","","","","","1","1","","","1","","1","1","1","","1","1","1","1","","","","1","","1","1","1","1","1","","","1","1","","","","","1","1","1","","","","1","","","","","","","1","","1","","1","","","","","","1","","","","1","1","1","1","1","","1","","1","1","1","","1","","","","","","","1","1","","","","","","","","","","","","1","1","1","","1","","","","","","","","","","1","1","","","","","","1","","","","","","","","","","","","","","","","","","","","","","","","",""
"Care Plus NJ Inc","","610 Valley Health Plaza","","Paramus","NJ","07652","","Bergen","201-986-5000","https://www.careplusnj.org","40.9628663","-74.072899","SU","1","","","","1","","1","1","1","1","","","","","","1","","","1","","1","1","1","","1","","","","1","","","","","1","","1","1","","","","","","","","","","","","1","1","1","","1","","","","","","1","1","1","1","1","1","1","","","1","1","1","","","","","","1","1","","","","","","","1","1","","","","","","1","1","1","1","1","","1","1","1","","1","","1","","1","1","","1","1","1","","1","1","","1","","1","1","1","1","1","","1","1","1","1","1","1","","1","1","1","","1","1","","1","1","1","1","1","","1","1","1","1","1","","1","","1","1","1","1","1","","1","1","1","1","1","","","1","1","1","1","1","1","1","1","","1","","1","1","1","1","1","1","","1","1","1","","1","1","","","","1","1","1","1","1","","","1","","","","1","","","","","","","","","","","","","","","","","","","","","1"
"Opthof Center for Psychotherapy LLC","","700 Kinderkamack Road","Suite 303","Oradell","NJ","07649","","Bergen","201-263-0202","https://www.opthofpsychotherapy.com","40.9659837","-74.0296471","SU","1","","","","","","","","","","","","","","","1","","","1","","1","1","","","1","","","","1","","","","","","","","1","","","","","","","","","","","","1","","","","","","","","","","1","","","","1","","","1","","","","1","1","1","1","1","1","","","1","1","","1","1","1","1","","","","","","","1","1","1","1","1","1","","","1","1","","","1","","1","1","","1","1","1","","1","","","1","","1","1","1","1","","","","","","","","","","1","1","1","","1","1","1","","","","","1","","","","","1","1","","","","","","","","","1","","","","","1","","1","","","","","","","","","","","1","","","","1","","1","","","","","","","","","","","","","","","1","","1","","","","","","","","","","","","","","","","","","","","","","","","","",""
"Tri America Recovery LLC","","195 Ramapo Valley Road","","Oakland","NJ","07436","","Bergen","877-658-0182","https://www.triamericarecovery.com","41.0164745","-74.2516651","SU","1","","","","1","","1","1","1","1","","","","","","1","","","1","","1","1","1","","1","","","","1","","","","","1","","1","1","","","","","","","","","","","","","","1","","","","","","","","1","","","","1","","","1","1","","1","1","1","1","1","","1","","1","1","1","1","1","1","1","1","1","","","","","","1","1","1","1","1","1","1","1","1","1","","","1","","","1","1","1","1","1","","1","1","","1","","1","1","1","1","1","","","1","1","1","","1","","1","1","1","1","1","1","1","","","1","","1","","1","1","1","1","1","","1","","1","","1","1","1","1","","1","","","1","","","","1","1","","1","1","","","1","1","1","1","1","1","1","1","1","","","","","","1","","","","","1","1","","","1","","","1","","","","1","","","","","","","","","","","","","","","","","","","","",""
"NewBridge Services Inc","","1069 Ringwood Avenue","Suite 202","Haskell","NJ","07420","","Passaic","973-915-4301","https://www.newbridge.org","41.0292803","-74.2972001","SU","1","","","","1","","1","1","1","1","","","","","","1","","","1","","1","1","1","","1","","","","1","","","","","1","1","","1","","","","","","","","","","","","1","1","1","","","","","","","","1","1","1","1","1","1","1","1","","","","1","","","","","","","","","","","","","","","","","","","","","1","1","1","1","","","","","1","1","","","1","","1","1","1","1","1","1","","","","","","","1","1","1","1","","","","1","","","","","","1","","1","","1","1","1","","","","","1","","1","","","1","","","1","","1","","1","","","","1","","1","","","","","1","1","1","","1","","","","","","","","","1","","","","","","","","","1","","","","","","","","","","","","1","","","","1","","","","","","","","","","","","","","","","","","","","",""
"Acenda Integrated Health","Recovery Services Cape May","128 Crest Haven Road","","Cape May Court House","NJ","08210","","Cape May","844-422-3632","https://www.acendahealth.org","39.0998751","-74.8009298","SU","1","","","","1","","1","1","1","1","","","","","","1","","","1","","1","1","1","","1","","","","1","","","","","1","","1","1","","","","","","","","","","","","1","1","","","","1","","","","","1","1","1","1","1","1","1","1","","","","1","","","","","","1","","1","1","","","","","","","","","","","","","1","1","1","","","1","","1","","","","1","","1","1","1","1","1","1","","1","","","","","1","1","1","1","","","","","1","1","","1","","1","","1","1","1","1","1","","","1","1","1","","","","","1","1","","1","","1","","1","1","","","1","","","1","","","","","1","1","","1","","","","","","","1","","1","1","","","","","","","","1","","","","","","1","","","1","","","1","","","","","","","","","","","","","","","","","","","","","","","","",""
"Little Hill","Alina Lodge","61 Ward Road","","Blairstown","NJ","07825","","Warren","908-362-6114","https://www.alinalodge.org","40.981398","-74.930726","SU","1","1","","","1","1","1","1","1","1","","","","","","1","","","1","","","1","1","","1","","","1","","1","1","1","","","","","","","","","","","","","","","","","1","","1","","1","1","","","","","1","","","","1","1","","","","","","1","1","1","1","","1","","","1","1","1","1","1","1","","1","1","1","1","1","1","","1","1","1","","1","1","1","1","1","","","1","","","1","1","1","1","","","1","1","","1","","1","1","1","1","1","","1","","1","1","1","","","1","1","1","1","1","1","1","1","1","1","1","1","","1","1","1","1","1","","1","","1","1","1","1","1","","1","","1","","","","","1","1","","","","1","1","1","1","1","1","1","1","1","1","1","1","1","","1","1","","1","1","","","","","1","1","1","1","","","1","","","","1","","","","","","","","","","","","","","","","","","","","",""
"Little Hill Foundation","For the Rehabilitation of Alcoholics","61 Ward Road","","Blairstown","NJ","07825","","Warren","908-362-6114","https://www.alinalodge.org/","40.9811847","-74.9342374","SU","1","1","","","1","1","1","1","1","1","","","","","","1","","","1","","","1","1","","1","","","1","","1","1","1","","","","","","","","","","","","","","","","","1","","1","","1","1","","","","","1","","","","1","1","","","","","","1","1","1","1","","1","","","1","1","1","1","1","1","","1","1","1","1","1","1","","1","1","1","","1","1","1","1","1","","","1","","","1","1","1","1","","","1","1","","1","","1","1","1","1","1","","1","","1","1","1","","","1","1","1","1","1","1","1","1","1","1","1","1","","1","1","1","1","1","","1","","1","1","1","1","1","","1","","1","","","","","1","1","","","","1","1","1","1","1","1","1","1","1","1","1","1","1","","1","1","","1","1","","","","","1","1","1","1","","","1","","","","1","","","","","","","","","","","","","","","","","","","","",""
"Hackensack Meridian Carrier Clinic","Retreat and Recovery at Ramapo Valley","1071 Ramapo Valley Road","","Mahwah","NJ","07430","","Bergen","833-734-0171","https://www.hackensackmeridianhealth.org/en/locations/retreat-and-recovery-at-ramapo-valley","41.0605449","-74.2089897","SU","1","","","","1","","1","1","1","1","","","","","","","","","1","","1","1","1","","1","","","","1","","","","","1","","1","1","","","","","1","","","","","","","1","","1","","1","","","","","","1","","1","","1","","","","","","","1","1","1","1","1","1","","1","1","1","1","1","1","1","1","1","","","","","","1","1","1","1","","","1","1","1","1","1","","1","","","1","1","1","1","","","1","1","","1","","1","1","1","1","1","","","1","1","1","1","","","1","1","1","1","1","1","","1","1","1","1","1","","1","1","1","1","1","1","1","","1","1","1","1","1","","1","","","","","","","1","1","1","1","1","","","","","","1","","1","1","1","","","","","","","","1","","","","","","1","1","1","","","","1","","","","1","","","","","","","","","","","","","","","","","","","","",""
"Wellness Solutions Counseling Services","Pam LeGall LPC LCADC","19 Spear Road","Suite 303","Ramsey","NJ","07446","","Bergen","551-427-6540","https://www.WellnessSolutionsCounseling.com","41.0646971","-74.126121","SU","1","","","","","","","","","","","","","","","1","","","1","","1","1","1","","1","","","","1","","","","","","","","1","","","","","","","","","","","","","","","","","","","","","","1","","","","1","","","","","","","1","1","1","1","1","1","1","","1","1","","1","1","1","1","","","","","","","1","1","1","1","1","","1","1","1","1","1","","1","","1","1","1","1","1","1","","1","","","1","","1","1","1","1","","","","","","1","","1","","1","1","1","1","1","1","1","","","","","","","","","1","1","1","","","","","","","","","1","","","","","1","","","1","","1","","1","","","","","","1","1","","1","1","1","1","","","","","","","","","","","","","","","1","","","1","","","","","","","","","","","","","","","","","","","","","","","","",""
"Center for Prevention and Counseling","","61 Spring Street","","Newton","NJ","07860","2072","Sussex","973-383-4787","https://www.centerforprevention.org","41.058401","-74.752779","SU","1","","","","","","","","","","","","","","","1","","","1","","1","1","1","1","","","","","1","","","","","","","1","1","","","","","","","","","","","","1","","","","","","","","","","1","1","","","","","1","","","1","","1","","","","","","1","","1","1","","1","","","","","","","","","","","1","1","1","1","1","","","1","1","1","","1","","1","1","1","1","1","","","1","","","","","","1","1","1","","","","","1","","","1","","","1","1","1","1","1","1","","1","1","","1","","1","","1","1","1","","","","","","","","","","1","1","","","1","","","1","","1","","1","","","","","","","1","","1","1","1","","","","","","","","","","","","","","","","","1","","","","","","","","","","","","","","","","","","","","","","","","","","","1"
"Mountainside Ramsey LLC","","500 North Franklin Turnpike","Suite 302","Ramsey","NJ","07446","","Bergen","475-441-6657","https://www.mountainside.com","41.074396","-74.1365196","SU","1","","","","1","","1","1","1","1","","","","","","","","","1","","1","1","1","1","","","","","1","","","","","1","","1","1","","","","","","","","","","","","1","","1","","1","1","","","","","1","","","","1","","","1","","","","1","","","","","","","","1","1","","1","","","","1","","","","","","","1","1","1","","1","1","","1","1","","","1","","","1","1","1","1","","","1","1","","1","","1","1","1","1","1","","","","","","","","","","","1","","1","1","","","","","","1","","","1","1","1","","1","1","","1","1","1","1","1","1","","1","","","","","","","1","1","","1","1","","","","1","","1","","1","1","1","","","","","","","1","","","","1","","1","","","","1","","","","","","1","","","","","","","","","","","","","","","","","","","","",""
"First Light Counseling","","50 Wilson Drive","Suite A","Sparta","NJ","07871","","Sussex","908-246-0553","https://www.firstlightcounselingservices.com/","41.0772291","-74.664196","SU","1","","","","","","","","","","","","","","","1","","","1","","1","1","1","1","","","","","1","","","","","","","","1","","","","","","","","","","","","","","","","","","","","","","1","","","","1","","","","","","","1","","","","1","","1","1","1","1","","1","1","","1","","","","","","","","1","1","1","1","","1","1","1","1","","","1","","1","1","1","1","1","1","","1","","","1","","1","1","1","1","","","","","","","","1","","1","1","1","","1","1","1","","","","","1","","","","","1","1","","","","","","","","","1","","","","1","1","","","1","","1","1","1","","","","","","1","1","","","","","1","","","","","","","","","","","","","","","1","1","","","","","","","","","","","","","","","","","","","","","","","","","","",""
"ARS of Cape May Court House","","1200 Route 9 South","","Cape May Court House","NJ","08210","","Cape May","609-463-0500","https://www.arshealth.com","39.0514547","-74.8439166","SU","1","","1","","1","","1","1","","1","1","","","","","1","","1","1","","1","1","1","","1","","","","1","","","","","1","","1","1","","","","","","","","","","","","1","","1","","","1","","","","","1","1","1","","1","1","","","","1","","1","1","1","1","1","1","","1","1","1","1","1","1","1","1","","","","","","","1","1","1","1","1","","1","1","1","1","1","","1","","","1","1","1","1","","","1","","","1","","1","1","1","1","","","","1","1","1","1","1","","1","1","1","1","1","1","","","","1","1","1","","1","","","1","1","","1","1","1","","1","1","","1","","","1","","","","","1","1","","","","","","","","","1","1","","1","1","","1","","","","","","","","","1","1","1","1","1","1","","","","1","","","","1","","","","","","","","","","","","","","","","","","","","",""
"Resource Center for the Chemically Dep","Sussex County Aftercare Center","124 Hampton House Road","","Newton","NJ","07860","","Sussex","973-383-8880","https://www.mcaftercare.org","41.0978295","-74.7311555","SU","1","","1","","","","","","","","1","","","","","","","1","1","","1","1","","","1","","","","1","","","","","1","","","1","","","","","","","","","","","","1","1","1","","","1","","","","","1","1","1","","","","1","1","","1","","1","1","1","1","1","1","","1","1","1","1","1","1","1","","","","","","","","","1","","1","1","","1","","1","","1","","1","","","1","1","1","1","","","1","","","","","","1","1","1","","1","","","1","1","","1","","","1","1","","","1","1","","1","1","1","1","","","","1","1","1","","","1","","","","","","","1","","","","","1","","","","","","","","","","","","","1","1","1","1","","","","","","","","","","","1","1","","1","1","1","","","","1","1","","1","1","","","","","","","","","","","","","","","","","1","","","",""
"Cooperative Care Partnership Inc","","1076 Route 47 South","","Rio Grande","NJ","08242","","Cape May","609-741-6363","https://coopcarecmc.com","39.0177992","-74.8836748","SU","1","","","","1","","1","1","1","1","","1","","","","1","","","1","","1","1","1","","1","","","","1","","","","","1","","1","1","","","","","","","","","","","","1","","1","","","","","","","","1","1","1","1","1","1","1","1","","","1","1","","","1","1","","","1","1","1","","1","1","","","","","","","","","","1","1","1","1","1","1","","1","1","","","1","","","1","1","1","1","1","","1","1","","1","","1","1","1","1","1","","","","","","","1","","1","","1","1","1","1","","","","","","1","","1","","1","1","","","1","","1","","1","1","1","1","","1","1","","1","","","1","1","1","","1","","","","","","","1","","1","1","","","","1","","","","1","","","","","","","","","1","","","1","","","","","","","","","","","","","","","","","","","","","","","","",""
"ARS Treatment Centers of New Jersey","Crossroads Treatment Centers Rio Grand","1304 Route 47","Suite S","Rio Grande","NJ","08242","","Cape May","800-805-6989","https://www.crossroadstreatmentcenters.com","39.014912","-74.8743329","SU","1","","","","1","","","1","","","","","","","","","","","","","1","1","","","1","","","","1","","","","","1","","","","","","","","","","","","","","","","","","","","","","","","","1","1","1","1","1","1","","","","","","","","","","","","","1","","","","","","","","","","","","","","","1","1","","","","","","","","","","","","","1","1","1","1","","","1","","","1","","","1","1","1","","","","","","","","","","","","1","","","1","","","","","","1","","","","1","","","","","","1","","1","","","1","","","","","","1","","","","","","","","","","","","","","","1","","","","","","","","","","","","","1","","1","","","","","","1","1","","","","","","","","","","","","","","","","","","","","","","","",""
"Optimal Behavioral Health","DBA Families Matter","899 Bayshore Road","","Villas","NJ","08251","","Cape May","609-886-8666","https://www.obhnj.org","39.0321445","-74.9352504","SU","1","","","","1","","1","1","1","1","","","","","","1","","","1","","1","1","1","","1","","","","1","","","","","1","","1","1","","","","","","","","","","","","1","1","1","","","","","","","","1","1","1","","1","1","1","1","","","1","1","","","","","","1","","","","","1","","","","1","","","","","","","1","1","1","1","1","1","1","1","1","1","","1","","1","1","","1","1","","","1","1","","1","","1","1","1","1","1","","","","1","1","","1","","1","","1","","1","1","1","","1","","1","1","","","1","","1","1","","1","","1","1","1","1","1","1","","1","","","1","","","1","1","1","","1","1","","","","1","","1","","1","","","","","","","","","1","","","","","1","","","","1","","","1","","","","","","","","","","","","","","","","","","","","","","","","","1"
"Cape Assist","","3819 New Jersey Avenue","","Wildwood","NJ","08260","","Cape May","609-522-5960","https://www.capeassist.org","38.9889924","-74.8176992","SU","1","","","","","","1","","1","","","","","","","1","","","1","","1","1","1","1","","","","","1","","","","","1","","1","1","","","","","","","","","","","","1","","1","","","","","","","","1","1","","1","","","1","1","1","1","","","","","","","","","","","","","","","","","1","","","","","","1","1","1","1","1","1","1","1","1","1","","","1","","","1","1","1","1","","","1","1","","","","1","1","1","1","","","","","","1","","1","","1","1","1","1","1","1","1","","1","","","1","","1","1","1","1","1","","1","","","","","1","","","1","1","","1","","","","1","1","","1","","1","","","","1","","1","","1","","1","","","","","","","1","","","","","","","","","1","1","","","","","","","","","","","","","","","","","","","","","","","","","","",""
"Discovery Institute","For Addictive Disorder","80 Conover Road","","Marlboro","NJ","07746","","Monmouth","732-946-9444 x110","https://www.discoverynj.org/","","","SU","1","1","","","1","1","1","1","1","1","","","","","","","","","1","","1","1","","","1","","","1","1","1","","1","","","","1","1","","","","","","","","","","","","1","","","","1","","","","","","1","1","","1","1","1","","","","","","1","","","","","","","","","1","","","","","","","1","1","1","1","1","","1","1","","","1","","","1","","","","1","","","1","1","","1","","","1","","","1","","","1","1","1","","","","","1","1","1","","","","","1","1","1","1","","1","1","1","1","1","","1","1","","1","1","","1","","1","","1","","","","1","","","","","","","1","1","1","1","1","1","1","1","","1","","1","1","1","1","","","1","","1","1","","1","","","","1","1","1","1","1","","","","1","","","","1","","","","","","","","","","","","","","","","","","","","",""
"Beachway New Jersey LLC","","4 Princess Road","suite 208","Lawrence Township","NJ","08648","","Mercer","201-254-8441","https://www.beachway.com","","","SU","1","","","","1","","","1","","1","","","","","","1","","","1","","1","1","1","","1","","","","1","","","","","1","1","1","1","","","","","","","","","","","","","","1","","1","","","","","","1","","","","1","","","1","","","","1","","","","","","","","1","","","1","","1","","","","","","","","1","1","1","1","1","1","1","1","1","1","1","1","1","","","1","1","1","1","","","1","1","","1","","1","1","1","1","","","","1","1","1","1","1","","","1","1","1","1","1","1","1","1","1","1","1","","1","","1","1","1","","1","","1","","1","1","1","1","","","1","","","","","","1","1","1","1","","","","","","","1","1","1","1","","","","","","","","1","","","","","","1","1","1","1","","","1","","","","","","","","","","","","","","","","","","","","","","","","",""
"SAFE Foundation Inc","","","","Eatontown","NJ","07724","","Monmouth","866-569-7233","https://www.thesafefoundation.org","","","SU","1","","","","1","","1","1","1","1","","","","","","1","","","1","","1","1","","","1","","","","1","","","","","1","","","1","","","","","","","","","","","","1","1","1","","","","","","","","1","1","","","1","","1","1","","","","","","","","","","","","1","1","","","","","1","1","","","","","","1","1","1","1","1","1","1","","1","","","","1","","1","1","","1","1","","","1","","","","","1","1","1","1","1","","","","","","","","","","1","1","1","1","1","","","","","1","","","","1","","1","1","1","1","","1","1","1","1","1","","1","1","","1","","","","1","1","","1","","1","","","","1","","1","","1","1","","","","","","","","1","","","","","","","","","","","","1","","","","","","","","","","","","","","","","","","","","","","","","",""
"Living Room NJ","","","","Princeton","NJ","08540","","Mercer","732-726-2828","https://livingroomnj.com/","","","SU","1","","","","1","","1","1","1","1","","","","","","1","","","1","","1","1","1","","1","","","","1","","","","","","1","1","1","","","","","","","","","","","","1","1","","","1","","","","","","1","","","","1","","","","","","","1","1","1","1","","1","1","1","1","1","","1","1","1","1","1","","","","","","1","1","1","1","","1","1","1","1","1","","","1","","1","1","1","1","1","","","","1","","1","","1","1","1","1","","","","","","","","","","1","","1","","1","1","1","","1","","","1","","1","1","","","","","1","","1","","","1","1","1","","","","","1","","","1","1","1","","1","1","","","","1","","","","","","","","","1","","","","1","","","","","","1","","","1","","","1","","","","","","","","","","","","","","","","","","","","","","","","",""
"Penn Medicine Princeton House","Behavioral Health/North Brunswick","905 Herrontown Road","","Princeton","NJ","08540","","Middlesex","732-729-3600","https://www.princetonhcs.org","","","SU","1","","","","","","","","","","","","","","","1","","","1","","1","1","1","","1","","","","1","","","","","","1","1","","","","","1","","","","","","","","","1","1","","1","","","","","","1","1","1","","1","1","","","","1","","1","1","1","","","1","1","1","1","1","","1","1","1","1","","","","","","","","1","1","","","","","","1","","","","1","","1","1","1","1","1","","","","","","1","","1","1","1","1","","","","","","","","","","1","","1","","1","1","","","1","","","","","","","","1","","","","","","","","","","","1","1","","","1","","","1","","1","","1","","","","","","","","","1","","","","","","","","","1","","","","","","","","","1","","","1","","","","","","","","","","","","","","","","","","","","","","","","",""
"Tribe Intensive LLC","","","","Marlton","NJ","08053","","Burlington","856-263-3443","https://www.tribeintensivenj.com/","","","SU","1","","","","1","","1","1","1","1","","1","","","","","","","1","","1","1","1","","1","","","","1","","","","","1","1","1","1","","","","","","","","","","","","","","","","1","","","","","","1","","","","1","1","","","","","","","","","","","","","","","","","","","","","1","","","","","","1","1","1","1","1","1","1","1","1","1","","","1","","","1","1","1","1","","","1","1","","1","","1","1","1","1","1","","","1","1","1","","1","","1","1","1","1","1","1","1","","1","1","","1","","1","1","1","1","1","1","1","","1","1","1","1","1","1","","1","","","","","","","1","","1","","1","1","1","1","1","","1","","1","1","1","1","","1","","","","1","1","","","","","1","","","1","","","1","","","","1","","","","","","","","","","","","","","","","","","","","","1"
"Galloway Men","Hendricks House Group","2 Hillcrest Avenue","","Millville","NJ","08332","","Atlantic","856-794-2443 x135","https://www.hendrickshousegroup.org","","","SU","1","","","","","","1","1","1","","","1","","","","1","","","1","","1","1","1","","1","","","1","","","1","","","","","","","","","","","","","","","","","","1","","","","","1","","","","","1","","","","","","","1","","","","1","","","","","","","","","1","","","","","","","","","","","","","1","1","1","","1","1","","1","1","1","","1","","","1","1","","1","","","1","","","1","","1","1","1","1","","","","1","1","1","","1","","","","1","1","1","1","1","","","1","","1","","1","","","","","","1","","","","","","","","1","1","","1","","","","1","1","","1","","","","","","","","","","1","1","","","","","","","","1","","","","","","","","","","1","","","","","","","","","","","","","","","","","","","","","","","","","","",""
"Hendricks House Inc","Hendricks House Group","2 Hillcrest Avenue","","Millville","NJ","08332","","Atlantic","856-794-2443 x135","https://hendrickshouse.org/","","","SU","1","","","","","","1","1","1","","","1","","","","1","","","1","","1","1","1","","1","","","1","","","1","","","","","","","","","","","","","","","","","","1","","","","","1","","","","","1","","","","","","","1","","","","1","","","","","","","","","1","","","","","","","","","","","","","1","1","1","","1","1","","1","1","1","","1","","","1","1","","1","","","1","","","1","","1","1","1","1","","","","1","1","1","","1","","","","1","1","1","1","1","","","1","","1","","1","","","","","","1","","","","","","","","1","1","","1","","","","1","1","","1","","","","","","","","","","1","1","","","","","","","","1","","","","","","","","","","1","","","","","","","","","","","","","","","","","","","","","","","","","","",""
"Boca Recovery Center","","30 West Jimmie Leeds Road","","Absecon","NJ","08205","","Atlantic","609-710-9936","https://www.bocarecoverycenter.com/location/bloomington-drug-rehab/","","","SU","1","1","","","1","1","1","1","1","1","","","","","","1","","","1","","","1","1","","1","","","1","","1","","1","","","","","","","","","","","","","","","","","","","1","","1","","","","","","1","","","","1","1","","","","1","","1","1","1","1","1","1","","1","1","1","1","1","1","1","","1","1","1","1","1","1","1","1","1","1","1","1","1","","1","1","","","1","","","1","1","1","1","","","1","1","","1","","1","1","1","1","1","","1","1","1","1","1","1","","1","1","1","1","1","1","1","1","1","1","1","1","","1","1","1","1","1","","1","","1","1","1","1","1","1","","","","1","","","","1","1","","1","","1","","","1","1","1","","1","1","1","1","1","1","","","","","1","","","","1","","1","1","1","1","","","1","","","","1","","","","","","","","","","","","","","","","","","","","",""
"Anderson House","","P.O. Box 134","","Whitehouse Station","NJ","08889","0134","Hunterdon","908-534-5818 x209","https://www.turningpointnj.org","","","SU","1","","","","1","","","1","","","","1","","","","1","","","1","","1","1","1","","1","","","1","","","1","","","","","","","","","","","","","","","","","","1","","1","","","1","","","","","1","","","","","","1","","","","","1","","","","","","","","1","","","1","","","","","","","","","","","1","1","1","1","1","1","","1","1","","","1","","","1","1","1","","","","","","","","","1","1","1","1","","","","1","1","1","1","","","1","1","1","1","1","1","1","","","1","1","1","","1","1","1","1","1","","","","1","1","1","","","","1","","1","1","1","","","1","","1","1","1","1","","","","1","","1","","","1","","","","","","","","1","","","","","","","1","1","","1","","","","","","","","","","","","","","","","","","","","","","","","","","",""
"Prime Healthcare Services","Saint Michaels LLC","111 Central Avenue","Suite 8-C","Newark","NJ","07102","","Essex","973-877-4357","https://www.smmcnj.com","","","SU","1","","","","","","","","","","","","","","","1","","","1","","","1","","","1","","","","1","","","","","1","","1","1","","","","1","","","","","","","","","","","","1","","","","","","1","1","1","1","1","1","1","","","","","1","1","1","1","1","1","","1","1","1","1","1","1","1","","","","","","","","","1","1","1","1","1","1","1","1","1","","","1","","","1","1","1","1","1","","1","","","","","","1","1","1","","1","1","","1","1","1","1","","1","1","1","1","1","1","1","1","1","1","1","1","","","","1","","","","1","","","","","","","1","","1","1","","","","","1","","1","","1","","","","","","1","1","","","1","1","1","","","1","1","","","","","","","","1","1","1","","","","1","","","","","","","","","","","","","","","","","","","","","","","","",""
"Marilyn Center for","Hope Help and Healing","85 South Harrison Street","","East Orange","NJ","07018","","Essex","973-474-6492","https://www.yourfirststep.org","","","SU","1","","","","1","","1","1","1","","","","","","","1","","","1","","1","1","1","","1","","","","1","","","","","","","1","1","","","","","","","","","","","","1","1","1","","","","","","","","1","1","","1","1","1","1","1","1","","","1","1","1","1","1","1","","1","1","1","1","1","1","1","1","","","","","","","1","1","1","1","","1","1","1","1","1","1","1","1","","","1","1","1","1","1","","1","","","1","","1","1","1","1","1","1","","1","1","","","1","","1","1","1","1","1","1","1","","","","","1","","1","","1","1","1","","1","","1","","","","","1","","","","1","1","","","1","","1","","1","","","","","","1","1","","","1","1","1","","","","","","","","","","","","","","","1","1","","","","","","","","","","","","","","","","","","","","","","","","","","",""
"Mrs Wilson's Halfway House","","56 Mount Kemble Avenue","","Morristown","NJ","07960","","Morris","973-540-0116","https://rehabs.org/alfre-wilsons/","","","SU","1","","","","","","","","","","","1","","","","1","","","1","","1","1","1","","1","","","1","1","","1","","","","","1","1","","","","","","","","","","","","1","1","1","","","","","","","","1","","","","","","1","","","","","1","","","","1","","","","1","","","1","1","1","","1","","","","","","1","1","1","1","1","1","1","1","1","1","1","","1","","","1","1","1","","1","","1","","","1","","","1","1","1","","1","","1","1","1","","","","1","","1","1","1","1","1","","1","1","","1","","1","1","","1","1","","","","","","","","","","1","","","","1","","","1","","1","","1","1","","","","1","","","","1","1","","","","1","","","","1","","","","","","","","","1","1","","","","","","","","","","","","","","","","","","","","","","","","","","",""
"Hendricks House Inc","Hendricks House Group","2 Hillcrest Avenue","","Millville","NJ","08332","","Cumberland","856-794-2443 x135","https://hendrickshouse.org/","","","SU","1","","","","","","1","1","1","","","1","","","","1","","","1","","1","1","1","","1","","","1","","","1","","","","","","","","","","","","","","","","","","1","","","","","1","","","","","1","","","","","","","1","","","","1","","","","","","","","","1","","","","","","","","","","","","","1","1","1","","1","1","","1","1","1","","1","","","1","1","","1","","","1","","","1","","1","1","1","1","","","","1","1","1","","1","","","","1","1","1","1","1","","","1","","1","","1","","","","","","1","","","","","","","","1","1","","1","","","","1","1","","1","","","","","","","","","","1","1","","","","","","","","1","","","","","","","","","","1","","","","","","","","","","","","","","","","","","","","","","","","","","",""
"Hendricks House Inc","","","","Vineland","NJ","08360","","Cumberland","856-794-2443 x135","https://www.hendrickshousegroup.org","","","SU","1","","","","","","","1","1","","","1","","","","1","","","1","","","1","1","","1","","","1","","","1","","","","","","","","","","","","","","","","","","1","","","","","1","","","","","1","","","","","","","1","","","","1","","","","","","","","","1","","","","","","","","","","","","","1","1","1","","1","1","","1","1","1","","1","","","1","1","","1","","","1","","","1","","","1","1","1","","","","1","1","1","","1","","","","1","1","1","1","1","","","1","","1","","1","","","","","","1","","","","","","","","1","","","","1","","","1","","1","","1","","","","","","","","","1","","","","","","","","","1","","","","","","","","","","1","","","","","","","","","","","","","","","","","","","","","","","","","","",""
"Freedom House Halfway House","","2004 State Route 31","Suite 9","Clinton","NJ","08809","2040","Hunterdon","908-537-6043","https://www.freedomhousenj.org","","","SU","1","","","","","","","","","","","1","","","","1","","","1","","","1","","","1","","","1","","","1","","","","","","","","","","","","","","","","","","","","1","","","","","","","","1","","","","","","1","1","1","","","1","","","","","","","","","1","","","","","","","","","","","","","1","1","","","1","","","1","","1","","1","","","1","1","","1","","","1","","","","","","1","1","1","","","1","1","1","1","1","1","","1","1","1","1","1","1","1","","1","1","","1","","1","1","1","1","1","","","","","","","","","","1","1","1","1","1","","","1","","1","1","1","","","","","","","","","1","1","1","","","","","","","","","","","","","","","","","","","1","","","","","","","","","","","","","","","","","","","","","","","","",""
"Rolling Hills Recovery Center","","","","Chester","NJ","07930","","Morris","973-606-9170","https://www.rollinghillsrecoverycenter.com/","","","SU","1","","","","","","","1","","","","","","","","1","","","1","","1","1","1","","1","","","","1","","","","","","1","1","1","","","","","","","","","","","","","","","","1","","","","","","1","","","","1","","","","","","","1","","","","","","","","1","1","","","1","1","","1","","","","","","","1","1","1","1","1","1","","1","1","","","1","","","1","1","1","1","","","1","","","1","","1","1","1","1","1","","","1","1","1","","","","1","1","1","","1","1","1","","1","1","","1","","1","1","1","1","1","","1","","","","","","","1","","","","1","1","","","1","1","1","1","1","1","","","","1","","1","","1","1","","","","","","","","1","","","","","","1","","","","","","1","","","","","","","","","","","","","","","","","","","","","","","","",""
"Hendricks House Inc","Hendricks House Group","2 Hillcrest Avenue","","Millville","NJ","08332","","Cumberland","856-794-2443 x135","https://hendrickshouse.org/","","","SU","1","","","","","","1","1","1","","","1","","","","1","","","1","","1","1","1","","1","","","1","","","1","","","","","","","","","","","","","","","","","","1","","","","","1","","","","","1","","","","","","","1","","","","1","","","","","","","","1","","","","","","","","","","","","","","1","1","1","","1","1","","1","1","1","","1","","","1","1","1","","","","1","","","1","","1","1","1","1","","","","1","1","1","","1","","","","1","1","1","1","1","","","1","","1","","1","","","","","","1","","","","","","","","1","1","","1","","","","1","1","","1","","","","","","","","","","1","1","","","","","","","","1","","","","","","","","","","1","","","","","","","","","","","","","","","","","","","","","","","","","","",""
"Freedom House Outpatient Services","","2004 State Route 31","Suite 9","Clinton","NJ","08809","2040","Warren","908-777-3102","https://www.freedomhousenj.org","","","SU","1","","","","1","","1","1","1","1","","","","","","1","","","1","","1","1","","","1","","","","1","","","","","1","","1","1","","","","","","","","","","","","","","1","","","1","","","","","1","1","","","1","","1","1","","","","1","","","","","","","","","","","","","","","","","","","","","","1","1","","","1","","","1","","1","","1","","","1","1","1","1","","","1","","","","","1","1","1","1","","","","","1","1","","1","","1","1","1","","1","1","1","","1","1","","1","","1","","1","1","1","","1","","1","1","1","1","","","1","1","1","1","1","","","1","1","1","1","1","","","","","","","","","1","1","1","","","","","","","1","","","","","","","","","","","","1","","","","","","","","","","","","","","","","","","","","","","","","","1"
"Candace Boltuch Fagan","","17 Woods Edge Rd","","Westwood","NJ","07675","","Bergen","201-815-6863","https://","","","SU","1","","","","","","","","","","","","1","","","","","","","","","1","","","","1","","","1","","","","","","","1","1","","","","","","","","","","","","","","","","","","","","","","1","","","","1","","","","","","","","","","","","","","","","","","","","","","","","","","","","1","1","","1","1","1","1","","1","","","","1","","1","1","1","1","1","1","","","","","1","","1","1","1","","","","","","","","","","","1","","1","","1","1","","","","","","","","","","","","","","","","","","","","","1","","","","","","","1","","","","","","","","","","","","","","","","","","","","","","","","","","","","","","","","1","","1","","","","","","","","","","","","","","","","","","","","","","","","","",""
"Spring House","Female Halfway House","One Bergen County Plaza","4th Floor","Hackensack","NJ","07601","","Bergen","201-336-2600","https://www.co.bergen.nj.us/departments-and-services/about-health-services","","","SU","1","","","","","","","","","","","1","","","","1","","","1","","","1","1","","1","","","1","","","1","","","","","","","","","","","","","","","","1","","1","","1","","","","","","","","1","1","","","","","1","","1","","","","","","","1","","","","1","","","1","","","","","","","","","","","1","1","1","1","1","1","1","1","1","","","1","","","1","1","1","","","","","","","1","","","1","1","1","","1","1","1","1","1","","","","1","1","1","1","1","1","1","","1","1","","1","","1","1","1","1","1","","","","","","","","","","","","","1","","","","1","1","1","1","1","","","","","","","1","","1","1","1","","","","","","","","","","","","1","","","","","","","1","","","","","","","","","","","","","","","","","","","","","","","","",""
"Redemption Addiction Treatment Center","","","","Pennsville","NJ","08070","","Salem","856-517-3860","https://redemptionaddictiontreatmentnj.com","","","SU","1","","","","","","","","","","","","","","","1","","","1","","1","1","","","1","","","","1","","","","","","1","1","1","","","","","","","","","","","","1","","","","1","","","","","","1","","","","1","","","","","","","","","","","","","","","","","","","","","","","","","","","","","1","1","1","","1","","","1","1","","","1","","","1","1","1","1","","","1","","","1","","","1","1","1","","","","","","","","","","","","1","1","","1","","","","","","1","","","","","1","","","","","","","","","","1","","","1","1","1","","","1","","1","1","1","","","","","","","","","1","1","","","","","","","","","","","","","","","","","","","","1","","","","","","","","","","","","","","","","","","","","","","","","",""
