"name1","name2","street1","street2","city","state","zip","zip4","county","phone","website","latitude","longitude","type_facility","sa","dt","mm","dm","bum","db","rpn","bu","nxn","vtrl","meth","hh","noop","pain","nmoa","moa","ubn","otp","cbt","dbt","tele","saca","trc","smon","smpd","smop","hi","res","op","rs","rl","rd","od","omb","odt","iop","ort","hid","hit","ct","gh","psyh","vamc","tbg","ihs","stg","lccg","dod","ssa","stmh","stdh","hla","jc","carf","ncqa","coa","hfap","np","cash","md","mc","si","pi","tricare","fsa","ss","pa","asl","sp","mhsu","vet","admil","milf","cj","sen","adol","pw","wn","mn","hiv","trma","sexa","dv","ya","nsc","adtx","bdtx","cdtx","mdtx","odtx","tgd","ico","gco","fco","mco","twfa","bia","cmi","mi","ang","mxm","crv","relp","beds","ch_ad","yad","adlt","fem","male","dui","duio","acc","acm","acu","baba","ccc","cmha","csaa","daut","dp","dsf","dvfp","eis_hiv","emp","haec","heoh","hivt","isc","itu","mhs","opc","sae","shg","smhd","ssu","ssd","stdt","ta","taec","tbs","cm","fpsy","hs","nrt","peer","stu","tcc","bsdm","nu","mu","bwn","bwon","ub","un","beri","pvtp","pvtn","cosmi","inpe","rpe","pc","naut","nmaut","acma","pmat","auinpe","aurpe","aupc","dlc","mhiv","mhcv","lfxd","clnd","copsu","daof","mst","noe","ofd","rc","piec","mdet","voc","hav","hbv","audo","mmd","mprep","fed","sotp","dea","samhsa","mhpa","hbt","hct","tod","vapn","vapp","vppd","oudo","nx","oth","mws","f17","f19","f25","f28","f30","f31","f35","f36","f37","f4","f42","f43","f47","f66","f67","f70","f81","f92","n24","n40","cosed"
"Lower East Side Service Ctr Inc","Methadone Clinic","46 East Broadway","Ground Floor","New York","NY","10002","","New York","212-343-3533","https://www.lesc.org","40.7137876","-73.9958686","SU","1","","1","","","","","","","","1","","","","","","","1","1","","1","1","","","1","","","","1","","","","","1","1","","1","","","","","","","","","","","","","","","","","1","","","","","1","1","1","","","","","1","","","","","","","","","1","","","1","1","","","","","","","","","","","","","1","1","1","","","1","1","1","","","1","1","","1","1","1","1","1","","","1","","","","","","1","1","1","","","","1","1","","","","","","1","1","","1","1","","","","1","1","1","","1","","","","","","","1","","","","","","","1","","","","","1","","","","","","","","","","","","","","","1","1","","","","","1","1","","","","","","","","","1","1","","","","1","1","","1","","1","","","","","","","","","","","","1","","","1","","","","",""
"Hazelden","Betty Ford Foundation","283 West Broadway","","New York","NY","10013","","New York","646-601-7028","https://www.hazeldenbettyford.org/","40.720808","-74.0048482","SU","1","","","","1","","1","1","1","","","","","","","1","","","1","","1","1","","1","","","","","1","","","","","1","1","1","1","","","","","","","","","","","","1","","","","1","","","","","","1","","","","1","1","","1","","1","","1","","","","","","","","","","","","","","","1","","","","","","","1","1","1","1","1","","","1","","","","1","","","1","1","1","1","","","1","1","","1","","1","1","1","1","1","","","","1","1","","","","","1","1","1","1","1","1","","","1","","1","","","1","1","1","","","1","","1","1","1","1","","","1","","1","","1","","","1","1","1","","1","1","","","","1","","1","","1","","1","","","","","","","1","","","","","","","","","","1","","","","","","","","","","","","","","","","","","","","","","","","","","",""
"Lower Eastside Service Center","ORS Clinic 3","62 East Broadway","","New York","NY","10002","","New York","212-343-3591","https://www.lesc.org","40.7138376","-73.9951519","SU","1","","1","","","","","","","","1","","","","","","","1","1","","1","1","1","1","","","","","1","","","","","1","","","","","","","","","","","","","","","1","","1","","","1","","","","","1","1","1","","","","1","1","1","","","","","","","","","","","1","1","","","","","","","","","","","","","1","1","1","1","1","1","","1","","","","1","","","1","1","1","1","","","1","","","","","","1","1","1","","","1","1","1","1","1","","","","1","1","","1","1","1","1","","1","1","1","","1","","","1","1","","","1","","","","","","","1","","","","","1","","","","","","","","","","","","","1","","1","1","","","","","","","","","","","1","1","","1","1","1","","1","","","1","","1","1","1","","","","","","","1","","","","","","","","1","","","","",""
"Exponents Inc","Outpatient Substance Use Trt Clinic","17 Battery Place","8th Floor","New York","NY","10004","1123","New York","212-243-3434 x306","https://www.exponents.org","40.7057399","-74.0155985","SU","1","","","","","","","1","1","","","","","","","1","","","1","","1","1","1","1","","","","","1","","","","","1","","","1","","","","","","","","","","","","1","","","","","","","","","","1","1","1","1","1","","","","","","1","1","1","1","","1","1","","1","1","1","1","1","1","1","1","1","","","","","","","1","1","1","1","","1","1","1","1","","","1","","","1","1","1","1","1","","1","1","","","","1","1","1","1","1","1","1","","1","1","1","1","","","1","1","","1","1","1","","1","1","","1","","1","","1","1","1","","1","","1","1","1","1","","","1","","","","1","","","1","1","1","","1","","","","","","1","1","","1","1","1","","","1","","","","","","","","","1","","","","","1","","","","","","","","","","","","","","","","","","","","","","","","","","",""
"Lafayette Medical Approach LLC","","233 Lafayette Street","","New York","NY","10012","4051","New York","212-431-6177","https://www.lafayettemedical.org","40.722452","-73.9968219","SU","1","","1","","1","","","1","","","1","","","","","","","1","1","","1","1","1","1","","","","","1","","","","","1","","","","","","","","","","","","","","","1","","1","","","1","","","","","1","1","1","","1","","","","","","1","1","","","","","","","","1","1","","1","","","","","","","","","","","1","1","","","","1","1","1","","","","1","","","1","1","1","1","","","1","","","","","","1","1","1","","","","","1","1","1","","","","","1","","1","1","1","1","","1","1","1","","1","","1","1","1","","","1","1","","1","","","1","","","","","","1","","","","","","","","","","","","","1","","1","","","","","","","","","","","","1","1","","1","","1","","1","","","1","","1","","1","","","","","","","","","","1","","","","","","","","","",""
"Hamilton Madison House","Asian American Recovery Services","253 South Street","2nd Floor","New York","NY","10002","","New York","212-720-4540 x9524","https://www.hamiltonmadison.org/recoveryservices","40.710344","-73.9905785","SU","1","","","","","","1","1","1","1","","","","","","1","","","1","","1","1","1","1","","","","","1","","","","","1","","","1","","","","","","","","","","","","1","","","","","","","","","","1","1","1","","1","","1","","","","","","","","","","","","","","","","","","","","1","","","","","","1","1","1","","","","1","1","1","1","","","1","","1","1","1","1","1","","","1","1","","","","1","1","1","1","1","","","","1","1","","1","","1","1","1","","1","1","1","","1","1","","","","","1","1","1","1","","1","","1","","1","1","","","1","","1","1","","","","1","1","","1","","","","","","","","","","1","","1","","","","","","","1","","","","","","","","","","1","","","","","1","","1","","","","","","","","","","","","","","","","","","","",""
"Mount Sinai Beth Israel","CD Inpatient Rehab","45 Rivington Street","5th Floor","New York","NY","10002","","New York","332-243-1600","https://Mountsinai.org","40.7206952","-73.9911294","SU","1","","","","1","","1","1","1","1","","","","","","1","","","1","","","1","","1","","","1","","","","","","","","","","","","1","","1","","","","","","","","1","1","1","","1","","","","","","1","1","1","","1","","","","","1","1","1","","","","","","","","1","1","","","","","","","","","","","","","1","1","1","1","1","1","","1","1","","","1","","","1","1","1","1","","","1","1","","1","","1","1","1","1","","1","","","1","1","1","","","1","","1","1","1","1","1","1","","1","1","1","","","1","1","1","1","","1","","1","1","1","1","1","","1","","1","","1","","","","1","1","","1","1","1","1","1","1","","","","1","","1","","","","1","1","","1","","","1","1","","1","1","1","","1","","","","","","1","","","","","","","","","","","","","","","","","","","","",""
"Mount Sinai Beth Israel Medical Center","CD Inpatient Detox","45 Rivington Street","5th Floor","New York","NY","10002","","New York","332-243-1600","https://Mountsinai.org","40.7206952","-73.9911294","SU","1","1","","","1","1","1","1","1","1","","","","1","","1","","","1","","","1","","1","","","1","","","","","","","","","","","1","1","","1","","","","","","","","1","","","","1","","","","","","1","1","1","1","1","1","","1","","1","1","1","","","","","","","","1","1","","","","","","","1","1","","","1","","1","1","1","","1","1","","1","1","","","1","","","1","1","1","1","","","1","1","","1","","","1","1","1","","1","","","1","1","1","1","1","1","","1","1","1","1","","1","1","1","1","1","","","1","","1","1","","1","","1","1","1","1","1","","1","","1","","","","","","1","","","","1","1","1","1","1","","","","1","","1","","1","","1","1","","1","","","","1","","1","1","1","","1","","","","","","1","","","","","","","","","","","","","","","","","","","","",""
"Gouverneur Clinic","Methadone Clinic","109-11 Delancey Street","","New York","NY","10002","","New York","212-614-2840","https://www.mountsinai.org","40.7184126","-73.9886502","SU","1","","1","","1","","","1","","","1","","","","","1","","1","1","","1","1","1","1","","","","","1","","","","","1","","","","","","","1","","","","","","","","1","1","1","1","1","","","","","","1","1","1","1","1","","1","","","1","1","","","","","","","","1","1","1","","","","1","","","","","","","","","1","1","","","","1","","1","1","","","1","","","1","1","1","1","","","1","","","1","","","1","1","1","","1","","1","1","1","1","1","","","1","1","","1","1","1","","1","1","1","1","","1","1","1","1","1","","","1","1","1","1","","","","1","","","","1","1","","","","","","","","","1","","","","1","1","1","","","1","","1","","","","","","","1","1","","1","1","1","","1","","","1","","","","","","","","","","","","","","","","","","","","","","","",""
"Project Renewal Inc","820 Stabil Rehab","8 East 3rd Street","2nd, 3rd and 4th Floors","New York","NY","10003","","New York","212-533-8400","https://www.projectrenewal.org","40.7258567","-73.9910376","SU","1","1","","","1","1","1","1","1","1","","","","1","","","","","1","","1","1","1","","1","","","1","","1","1","1","","","","","","","","","","","","","","","","","1","","1","","","","","","","","1","1","1","1","1","","1","1","1","1","1","","","","","","","","","","1","","1","","","","1","1","1","","1","1","","1","1","1","","1","1","1","1","1","","","1","","","1","1","","1","","","1","1","1","1","","1","1","1","1","1","","1","1","1","1","1","","1","1","1","1","1","1","1","1","1","1","1","1","1","","1","1","1","1","1","1","1","","1","1","1","1","1","","1","","","","","","","","1","1","1","1","1","1","1","1","1","","1","1","1","1","1","1","1","1","1","1","","1","1","","","1","","1","1","1","1","","","1","","","1","1","","","","","","","","","","","","","","","","1","","","","",""
"Lower Eastside Service Ctr Inc","SRR","7 Gouverner Slip E","","New York","NY","10002","","New York","212-566-3513","https://www.lesc.org","40.7110707","-73.9831585","SU","1","","","","1","","1","1","1","","","","","","","","","","1","","","1","1","1","","","","1","","1","1","","","","","","","","","","","","","","","","","","1","","","","","1","","","","","1","1","1","1","1","","","","","","","1","","","","","","","1","1","","","1","","","","","","","","","","","1","1","","","1","1","","1","1","1","","1","1","","1","1","1","","","","1","1","","1","","1","1","1","1","","1","1","1","1","1","","","","1","1","1","1","1","1","1","","","1","","1","","1","1","1","1","1","","1","","1","","1","1","","","1","","","","","","","","1","","","","1","","","","1","","1","","1","","1","1","","1","","","","1","","","","","","1","","","","1","","","","","","1","","","","","","","","","","","","","","","","","","","","",""
"Lower Eastside Service Ctr Inc","OTP 2","7 Gouverner Slip E","","New York","NY","10002","","New York","212-566-3513","https://www.lesc.org","40.7110707","-73.9831585","SU","1","","","","1","","1","1","1","","","","","","","","","","1","","","1","1","1","","","","1","","1","1","","","","","","","","","","","","","","","","","","1","","","","","1","","","","","1","1","1","1","1","","","","","","","1","","","","","","","1","1","1","","1","","","","","","","","","","","1","1","","","1","1","","1","1","1","","1","1","","1","1","1","1","","","1","1","","1","","1","1","1","1","","1","1","1","1","1","","","","1","1","1","1","1","1","1","","","1","","1","","1","1","1","1","1","","1","","1","","1","1","","","1","","","","","","","","1","","","","1","","","","1","","1","","1","","1","1","","1","","","","1","","","1","","","1","","","","1","","","","","","1","","","","","","","","","","","","","","","","","","","","",""
"Lower Eastside Service Ctr Inc","SRR2","7 Gouverner Slip E","","New York","NY","10002","","New York","212-566-3513","https://www.lesc.org","40.7109633","-73.9830097","SU","1","","","","1","","1","1","1","","","","","","","","","","1","","","1","1","1","","","","1","","1","1","","","","","","","","","","","","","","","","","","1","","","","","1","","","","","1","1","","1","1","","","","","","","1","","","","","","","","1","1","","1","","","","","","","","","","","1","1","","","1","1","","1","1","","","1","1","","1","1","1","1","","","1","1","","1","","1","1","1","1","","1","1","1","1","1","","","","1","1","1","1","1","1","1","","","1","","1","","1","1","1","1","1","","1","","1","","1","1","","","1","","","","","","","","1","","","","1","","","","1","","1","","1","","1","1","","1","","","","1","","","","","","1","","","","1","","","","","","1","","","","","","","","","","","","","","","","","","","","",""
"OTP Avenue A Clinic","","26 Avenue A","","New York","NY","10009","","New York","212-420-2078","https://MountSinai.org","40.7231314","-73.9853436","SU","1","","1","","1","","","1","","","1","","","","","","","1","1","","1","1","1","1","","","","","1","","","","","1","","","1","","","","1","","","","","","","","1","1","1","","1","","","","","","1","1","1","","1","","1","1","","1","1","","","","","","","","","1","1","","","","","","","","","","","","1","1","1","1","","","1","1","1","1","","","1","","","1","1","1","1","","","","","","","","","1","1","1","","1","1","1","1","1","1","","","","1","1","","1","1","1","1","1","1","1","1","","1","1","","1","1","","","1","1","","1","","","","1","","","","","","","1","","1","1","1","","","1","","","","1","1","1","","","","","1","1","1","","","","","1","1","","1","1","1","","1","","","1","","","","","","","","","","","","","","","","","","","","","","","",""
"Leadership Center","","309-311 East 6th Street","Basement, 1st-4th Floors","New York","NY","10003","","New York","212-780-1528","https://www.odysseyhousenyc.org","40.7272513","-73.9877367","SU","1","1","","","1","","1","1","1","1","","","","","","1","","","1","","1","1","1","","1","","","1","","","1","1","","","","","","","","","","","","","","","","","1","","","","","","","","","","","1","","1","1","","1","1","","","","1","","","","1","","","","","1","","1","","","","1","","","","","1","","1","1","1","","1","1","1","1","1","","","1","","","1","1","","1","","","1","","","1","","1","1","1","1","1","","","1","1","1","","","","1","","1","1","1","1","1","","","1","","1","","1","1","1","1","1","","1","","1","1","","","1","","1","","1","1","","","","1","","","1","","1","1","1","","1","","","","1","1","1","","1","1","","","","1","1","","","","1","1","","","1","1","","","","","","1","","","","","","","","","","","","","","","","","","","","",""
"Elevate Point","Outpatient Clinic","203 Jay Street","2nd Floor","Brooklyn","NY","11201","","Kings","212-285-2022","https://elevatepoint.org","40.6980432","-73.9865145","SU","1","","","","1","","1","1","1","1","","","","","","","","","1","","1","1","1","1","","","","","1","","","","","","1","1","1","","","","","","","","","","","","1","","","","","1","","","","","1","","","","1","","","1","","","","","","","","","","1","","","","","","","","","","","","","","","","1","1","1","1","","","1","1","","","","","","1","1","1","1","1","","","1","","","1","","","1","1","1","1","","","","1","1","1","","","","1","1","","1","1","","1","","1","1","","","","1","1","1","1","","1","","1","1","1","1","1","1","","1","","","","","","","1","1","","1","","","","","","","1","","1","1","1","","","","","","","1","","","","","","","1","1","","1","","","","","","","","","","","","","","","","","","","","","","","","","","",""
"Saint Marks Place Institute for MH Inc","","57 Saint Marks Place","1st, 2nd and 3rd Floors","New York","NY","10003","7902","New York","212-982-3470 x125","https://www.unitas-nyc.org","40.7283624","-73.9863473","SU","1","1","","","1","1","1","1","1","1","","","","","","1","","","1","","1","1","1","1","","","","","1","","","","1","1","","","1","","","","","","","","","","","","1","1","","","","","","","","","1","1","1","1","1","","1","","","","1","1","","","","","1","","","1","1","","1","","","1","1","1","1","","","1","1","1","1","1","1","","1","","1","1","","","1","","1","1","1","1","1","1","","1","1","","1","","1","1","1","1","1","1","1","","1","1","1","","","1","1","1","1","1","1","","1","","1","1","","","1","1","1","1","1","","1","","1","1","1","1","1","","1","1","","1","","","","1","1","","1","","1","1","1","1","1","1","1","1","1","","","","","","1","1","","1","","","","","","1","1","1","1","1","","","","","1","1","","","","","","","","","","","","","","1","","1","","","","","1"
"Center for Community Alternatives","COP","25 Chapel Street","Room 701","Brooklyn","NY","11201","","Kings","718-858-9658","https://www.communityalternatives.org","40.6973844","-73.986039","SU","1","","","","1","","","1","","","","","","","","","","","1","","1","1","1","1","","","","","1","","","","","1","","","1","","","","","","","","","","","","","","","","","1","","","","","1","1","1","1","1","","1","1","1","","1","","","","","","","","","1","1","","","","1","","","","","","","","","1","1","1","","","1","1","1","1","","","1","","","1","1","1","1","","","1","","","","","","1","1","1","","1","","","1","1","1","","","","1","1","","1","1","1","","","1","1","1","","","","1","1","1","","1","","1","","1","","","","1","","","","","","","1","1","1","","1","","","","","","","1","1","1","1","","","","","","","","","","","1","1","","1","","1","","1","","","","","","1","","","","","","","","","","","","","","","","","","","","",""
"Bridge Back to Life Center Inc","","175 Remsen Street","10th Floor","Brooklyn","NY","11201","4300","Kings","516-520-6600","https://www.bridgebacktolife.com","40.6934999","-73.9913649","SU","1","1","","","1","1","1","1","1","1","","","","","","","","","1","","1","1","1","1","","","","","1","","","","1","1","","1","1","","","","","","","","","","","","1","","","","","","","","","","1","1","1","","1","1","","","","","1","1","1","1","1","1","1","1","1","1","1","1","1","1","1","1","1","1","1","1","1","1","","1","1","1","1","1","1","1","1","1","1","","1","","1","1","","1","1","1","","1","1","","1","","1","1","1","1","1","1","","","1","1","","","","1","1","1","","1","1","1","","1","1","1","1","","1","1","1","1","1","","1","","1","1","1","1","1","1","","","","","","","","1","1","1","1","1","1","","","1","1","1","1","","1","1","1","","1","","1","1","","1","","","","","","1","1","1","","1","","","","","1","1","1","","","","","1","1","","","","","","","1","","1","","","","",""
"Realization Center Inc","Outpatient","175 Remsen Street","2nd Floor","Brooklyn","NY","11201","4300","Kings","718-342-6700","https://www.realizationcenternyc.com","40.6932388","-73.9917955","SU","1","","","","1","","","1","1","1","","","","","","1","","","1","","1","1","1","1","","","","","1","","","","","1","","1","1","","","","","","","","","","","","1","","","","","","","","","","1","1","1","1","1","","","","","","1","1","1","1","1","1","1","1","1","1","1","1","1","1","1","1","1","","","","","","","1","1","1","1","1","1","","1","1","1","","1","","1","1","1","1","1","1","","1","1","","1","","1","1","1","1","1","1","","","1","1","","1","","1","1","1","","1","1","1","","1","1","","1","","","1","1","1","1","","1","","1","1","1","1","1","1","","","1","","","","","","1","","","","","","","","","1","1","","1","1","1","","","","","","","1","","","","","","","","","","1","","","","","1","","","1","","","","","","","","","","","","","","","","","","",""
"Counseling Service of EDNY","Outpatient Clinic 2","175 Remsen Street","9th Floor","Brooklyn","NY","11201","","Kings","718-858-6631 x2101","https://","40.6932388","-73.9917955","SU","1","1","","","1","","","1","1","1","","","","","","","","","1","","1","1","1","1","","","","","1","","","","1","1","","","1","","","","","","","","","","","","1","","","","","","","","","","1","1","1","1","1","1","1","1","1","","1","1","1","1","1","1","1","","1","1","1","1","1","1","1","1","1","1","1","1","1","1","1","1","1","1","1","","1","1","1","1","","","1","","1","1","1","1","1","1","","1","1","","1","","1","1","1","1","1","","","1","1","1","1","1","","1","1","1","","1","1","1","","1","1","1","","","1","1","1","1","1","1","1","","1","1","1","1","1","","1","","","","","","","1","1","","","","1","","","1","1","1","1","","1","1","1","1","1","","","","","1","","","","","1","1","","","1","1","","","","","","","","","","","","","","","","","","","","","","","","","","",""
"TRI Center Inc","Drug Abuse Treatment","175 Remsen Street","","Brooklyn","NY","11201","","Kings","718-858-4050","https://www.tricenter.com","40.6933929","-73.9914065","SU","1","","","","1","","1","1","1","1","","","","","","1","","","1","","1","1","1","","1","","","","1","","","","","1","","1","1","","","","","","","","","","","","1","","","","","","","","","","1","1","","1","1","","","1","","","","1","","","","1","1","","1","1","1","1","1","1","1","1","","","","","","","","1","1","1","1","","","1","1","1","1","","1","","","1","1","1","1","","","1","","","1","","1","1","1","1","1","","","1","1","1","","","","","1","1","","1","1","1","","1","1","","1","","1","","1","1","1","","1","","1","","1","1","","1","","1","1","1","","","","1","1","","","","","","","","","1","1","","1","","1","","","","","","","1","","","","","","1","","1","1","1","","","","","","","","","","","","","","","","","","","","","","","","","","",""
"Educational Alliance Inc","Ctr for Recov/Well/Proj Contact/Outpt","25-29 Avenue D","","New York","NY","10009","6935","New York","646-395-4405","https://www.edalliance.org","40.720991","-73.9781797","SU","1","","","","1","","1","1","1","1","","","","","","1","","","1","","1","1","1","","","","","","1","","","","","1","","","1","","","","","","","","","","","1","","1","","1","","","1","","","1","","1","1","1","","","","1","","","","1","","","","","1","1","1","1","1","","1","","","1","1","","","","","","1","1","1","1","1","1","1","1","1","1","1","1","1","","1","","","","1","1","","1","1","1","1","","1","1","1","1","1","","","1","1","1","","1","1","1","1","1","1","1","1","1","","1","1","","1","","1","1","1","1","1","","1","","1","1","1","1","1","","","","1","1","1","","","1","1","1","1","1","1","","","","1","1","1","","1","1","1","","","1","","","","1","","","","","1","","","","1","1","","","","","1","","","","","","","","1","","","","","","","1","","","","","","",""
"Educational Alliance Inc","Ctr for Recov/Well/Pride Site/Res Trt","25-29 Avenue D","","New York","NY","10009","6935","New York","646-395-4405","https://www.edalliance.org","40.7209979","-73.9781748","SU","1","1","","","1","1","1","1","1","1","","","","","","1","","","1","","1","1","1","1","","","","1","","1","1","1","","","","","","","","","","","","","","","","","1","","1","","","1","","","","","1","1","","","1","","1","1","","","1","1","1","","","1","1","","1","1","1","1","1","1","1","1","1","1","1","1","1","1","1","1","1","1","1","1","1","1","1","1","1","1","1","","","1","1","1","1","1","","1","1","1","1","","1","1","1","1","1","","1","1","1","1","1","1","","1","1","1","1","1","1","1","1","1","1","1","1","","1","1","1","1","1","","1","","1","","1","1","1","","1","1","1","1","1","","","1","1","1","1","1","1","1","","","1","1","1","","1","1","1","1","1","1","","","","1","","","","1","1","1","1","1","1","1","","","","","1","1","1","","","","","","1","","","","1","","","1","","1","","","","",""
"Realization Center Inc","Outpatient","19 Union Square West","7th Floor","New York","NY","10003","3304","New York","212-627-9600","https://www.realizationcenternyc.com","40.7361247","-73.9912374","SU","1","","","","1","","","1","1","1","","","","","","1","","","1","","1","1","1","1","","","","","1","","","","","1","","1","1","","","","","","","","","","","","1","","","","","","","","","","1","1","1","1","1","","","","","","1","1","1","1","1","1","1","1","1","1","1","1","1","1","1","1","1","","","","","","","1","1","1","1","1","1","","1","1","1","","1","","1","1","1","1","1","1","","1","1","","1","","1","1","1","1","1","1","","","1","1","","1","","1","1","1","","1","1","1","","1","1","","1","","","1","1","1","1","","1","","1","1","1","1","1","1","","","1","","","","","","1","","","","","","","","","1","1","","1","1","1","","","","","","","1","","","","","","","","","","1","","","","","1","","","1","","","","","","","","","","","","","","","","","","",""
"Mountainside Chelsea","Outpatient Clinic","243 West 18th Street","","New York","NY","10011","","New York","860-824-1397","https://Mountainside.com","40.7420067","-73.9996689","SU","1","","","","1","","1","1","1","1","","","","","","","","","1","","1","1","1","1","","","","","1","","","","","1","","1","1","","","","","","","","","","","","1","","1","","1","1","","","","","1","","","","1","","","1","","","","1","","","","","","","","1","1","","1","","","","1","","","","","","","1","1","1","","1","1","","1","1","","","1","","","1","1","1","1","","","1","1","","1","","1","1","1","1","1","","","","","","","","","","","1","","1","1","","","","","","1","","","1","1","1","","1","1","","1","1","1","1","1","1","","1","","","","","","","1","1","","1","1","","","","1","","1","","1","1","1","","","","","","","1","","","","","","1","","","","1","","","","","","1","","","","","","","","","","","","","","","","","","","","",""
"Bliss Poston the Second Wind","Chemical Dependency Outpatient","928 Broadway","Suite 403","New York","NY","10010","","New York","212-481-1055","https://www.thesecondwind.com","40.7400754","-73.9892831","SU","1","1","","","1","1","1","1","1","","","","","","","","","","1","","1","1","","1","","","","","1","","","","1","1","","","1","","","","","","","","","","","","1","","","","","","","","","","1","1","1","1","1","","","","","","1","1","","","","","","","","","","","","","","","1","","","","","1","","1","","1","1","","","","1","","","","","","","1","1","1","1","1","","1","","","","","1","1","1","1","1","","","","","","","","","1","","1","","1","1","1","","1","","","1","","1","1","1","1","1","","1","","1","1","1","1","","1","","","","","","","","","1","1","","1","","","","","","","","","1","1","","","1","","","","","1","","","","","","","","","1","1","","","","","","","","","","","","","","","","","","","","","","","","","","",""
"Brooklyn Hospital Center","9B Detox Unit","121 Dekalb Avenue","","Brooklyn","NY","11201","","Kings","718-250-8900 x0","https://www.tbh.org/specialized-services/detox-unit","40.6903222","-73.9782874","SU","1","1","1","1","1","1","1","1","1","","1","","","","","","","1","1","","","1","1","1","","","1","","","","","","","","","","","1","1","","1","","","","","","","","1","1","1","1","1","1","1","1","","","1","1","1","1","1","1","","","","","","1","","","","","","","","","","1","1","1","1","","","1","1","1","","1","","1","1","","","1","1","1","1","1","1","1","1","","","1","1","1","1","","","1","","","1","","1","1","1","1","","1","1","","1","1","1","1","","1","1","1","1","1","1","1","1","1","1","1","1","","1","1","1","1","1","","1","1","1","","1","1","","","1","","","","","","","1","1","","1","","1","1","1","","1","","1","","1","1","1","1","1","","","1","","1","1","","1","1","","1","1","1","","1","","","","1","1","1","1","1","1","1","1","1","1","1","1","1","1","1","1","1","1","1","1","1","1","1",""
"Inter Care Ltd","Chemical Dependency Outpatient","51 East 25th Street","4th Floor","New York","NY","10010","","New York","212-532-0303 x300","https://www.inter-care.com","40.7419324","-73.9861145","SU","1","","","","1","","1","1","1","1","","","","","","1","","","1","","1","1","1","1","","","","","1","","","","","1","","1","1","","","","","","","","","","","","1","","","","","","","","","","1","","","","1","","","","","","","1","","","","","","","","","1","","1","","","","1","","","","","","","1","1","1","1","1","1","","1","","","","1","","","1","1","1","1","","","1","1","","1","","1","1","1","1","1","","","","","1","","1","","1","","1","1","1","1","1","","","","","1","","","1","1","1","1","","1","","1","1","1","1","1","1","","","1","","1","","","1","1","1","","1","1","","","1","1","","1","","1","","","1","","","","","","1","","","","","","1","","","","1","","","","","","1","","","","","","","","","","","","","","","","","","","","",""
"VA NY Harbor Healthcare System","Manhattan Campus","423 East 23rd Street","","New York","NY","10010","","New York","212-686-7500","https://","40.7370457","-73.9768461","SU","1","1","1","1","1","1","1","1","1","1","1","","","","","1","","1","","","1","1","1","1","","","1","","1","","","","","1","","1","1","1","1","","1","","1","","","","","","","","","","1","","","","","","1","","","","1","1","1","","","","","1","1","","","","","","","1","1","","1","1","1","","1","1","1","1","1","1","","1","1","","","1","1","1","1","1","","","1","","","1","1","1","1","","","1","1","1","1","","1","1","1","1","1","1","1","1","1","1","1","1","","1","1","1","1","1","1","1","1","1","1","1","1","","1","1","1","1","1","","1","1","1","","1","1","1","","","1","1","","","","","","1","","","","1","1","1","","1","","1","1","1","1","","1","1","","1","1","","1","1","1","1","1","","1","1","1","","1","","","","","","1","","","","","","","","","","","","","","","","","","","","",""
"El Regreso Foundation Inc","Outpatient Clinic","141 South 3rd Street","","Brooklyn","NY","11211","5509","Kings","718-782-6802 x8581","https://www.acacianetwork.org","40.7129736","-73.9621198","SU","1","","","","1","","1","1","1","1","","","","","","1","","","1","","1","1","1","1","","","","","1","","","","","1","","","1","","","","","","","","","","","","1","1","","","","","","","","","1","1","","1","1","","1","1","1","","1","1","","","","1","","","","","","","1","","1","","","","","","","","1","1","1","1","1","","1","","1","1","1","","1","","1","1","1","1","1","1","","1","1","","1","","1","1","1","1","1","1","","1","1","1","","1","","1","1","1","","1","1","1","","1","1","","1","","1","1","1","1","1","1","1","","1","1","1","1","","","1","1","1","","1","","","","1","1","","1","","","","","","","","","1","","","1","","","","","","1","","","","","","1","","","","1","","","","","","","","","","","","","","","","","","","","","","","","","","",""
"Bowery Residents Committee Inc","Fred Cooper SA Service Ctr","127 West 25th Street","10th Floor","New York","NY","10001","","New York","212-529-6320 x8716","https://www.brc.org","40.7448724","-73.9931412","SU","1","","","","1","","","1","1","1","","","","","","1","","","1","","1","1","1","","","1","","","1","","","","","1","","1","1","","","","","","","","","","","","1","","","","","","","","","","1","1","","","","","1","1","","","1","1","","","","1","","","","1","1","","","","","","1","","","","","","","1","1","","","","1","","1","1","","","1","","","1","1","1","1","","","1","1","","1","","1","1","1","1","1","1","1","1","1","1","","1","","1","1","1","","1","1","1","","1","1","1","1","","1","1","1","1","1","","1","","1","1","1","1","","","1","1","","","1","","","1","1","","1","","","1","1","","","","1","","1","","1","","","","","","","1","1","","","","","","","","1","","1","","","","1","","","","","","","","","","","","","","","","","","1","","","",""
"HH/Bellevue Hospital","CDOP Clinic","462 1st Avenue","Admin Bldg, 2nd Floor, Room A-225","New York","NY","10016","","New York","212-562-4487","https://","40.7390729","-73.9750165","SU","1","1","","","1","1","1","1","1","1","","","","","","","","","","","","1","","1","","","","","1","","","","1","","","1","1","","","","1","","","","","1","","","1","","","","","","","","","","1","1","1","1","1","","","1","1","1","1","1","","","","","","","","","","","","","","","1","1","1","1","1","1","","1","1","","","","1","","1","","","","1","","","1","1","1","1","","","1","1","","","","1","1","1","1","1","1","1","1","1","1","1","1","1","1","","1","","1","1","","1","1","1","1","1","","1","1","","1","1","1","1","","1","1","1","1","1","","","","","","","","","","1","","","","1","1","1","","1","","1","1","1","","","","1","","1","1","","1","1","","","","1","1","1","1","","1","","","","","","1","","","","","","","","","","","","","","","","","","","","",""
"Bellevue Hospital Center (HHC)","Methadone Clinic","462 1st Avenue and 27th Street","Administration Building, Room A-453","New York","NY","10016","","New York","212-562-3201","https://www.nyc.gov/bellevue","40.7390729","-73.9750165","SU","1","","1","","1","","","1","","","1","","","","","","","1","1","","1","1","1","1","","","","","1","","","","","1","","","1","","","","1","","","","","","1","","1","","1","","1","","","","","","1","1","1","","1","","1","1","","1","1","","","","","","","","","","","","","","","","1","","","","","","","1","1","","","","1","","1","1","","","1","","","1","1","1","1","","","1","1","","1","","1","1","1","1","1","","","1","1","1","1","","","1","1","1","1","1","1","1","1","1","1","1","","","1","1","","1","1","","","1","1","","1","","1","","","1","","","","","","","1","","","","1","1","1","","1","","1","1","1","1","","","","1","","1","","1","","","1","1","","1","1","1","1","1","","","1","","","1","","","","","","","","","","","","","","","","","","","","",""
"Parallax Center Inc","Outpatient Services/Ambulatory Detox","145 East 32nd Street","6th Floor","New York","NY","10016","6055","New York","212-779-9207","https://www.parallaxcenter.com","40.7450693","-73.9800222","SU","1","1","","","1","1","1","1","1","1","","","","","","1","","","1","","1","1","1","1","","","","","1","","","","1","1","","1","1","","","","","","","","","","","","1","","","","","","","","","","1","1","","1","1","","","","","","1","1","1","","","1","1","","1","1","1","1","1","1","1","1","1","1","1","1","1","1","","1","1","1","1","1","1","1","1","1","1","","1","","","1","1","1","1","1","","1","1","","1","","","1","1","1","1","1","1","1","1","1","1","1","","1","1","1","1","1","1","1","1","1","1","1","1","","1","1","1","1","1","","1","","1","1","1","1","1","1","","","","","1","","","1","1","","1","","1","1","","1","1","1","1","1","1","1","1","","1","1","","","","1","1","","","","","1","1","1","1","1","","","","","1","1","","1","","","","","","","","","","","","","","1","","","","",""
"Urban Recovery House LLC","Inpatient Rehabilitation","411 Van Brunt Street","","Brooklyn","NY","11231","","Kings","646-960-6656","https://www.urbanrecovery.com","40.6753741","-74.0148181","SU","1","","1","","1","","1","1","1","1","1","","","","","1","","1","1","","1","1","1","","1","","","1","","1","","","","","","","","","","","","","","","","","","","1","","1","","","1","","","","","1","1","","1","1","","","","","","1","1","1","1","1","1","1","","1","1","1","1","1","1","1","1","1","","","","","","","1","1","1","","","1","1","1","1","1","","1","","","1","1","1","1","","","1","","","1","","1","1","1","1","","","1","","1","1","1","","","1","1","1","1","1","1","1","1","1","1","1","1","","","1","1","1","1","","1","1","1","1","1","1","","1","","","1","1","1","","","1","1","1","1","1","1","1","1","","1","1","1","1","1","1","1","1","","","","","","1","","","1","1","","1","1","1","","1","","","","","1","","","","","","","","","","","","","","","","","1","","","","",""
"Urban Recovery House LLC","Med Sup Withdrawal Inpatient","411 Van Brunt Street","","Brooklyn","NY","11231","","Kings","646-960-6656","https://www.urbanrecovery.com","40.6753741","-74.0148181","SU","","1","","","","1","","1","1","","","","","","","1","","","1","","","1","","","1","","","1","","","","1","","","","","","","","","","","","","","","","","1","","1","","","1","","","","","1","1","","1","1","","","","","","1","1","1","1","1","1","1","","1","1","1","1","1","1","1","1","1","1","1","1","1","1","","1","1","1","","","1","","1","1","1","","1","","","1","1","1","1","","","1","","","1","","1","1","1","1","","","1","","1","1","1","","","1","1","1","1","1","1","1","1","1","1","1","1","","","1","1","1","1","","1","","1","1","1","1","","1","","","1","1","1","","","1","1","1","1","1","1","1","1","","1","1","1","1","1","1","1","1","1","","","","","1","","","1","1","","1","1","1","","1","","","","","1","1","","","","","","","","","","","","","","","","1","","","","",""
"Revcore Recovery Ctr of Manhattan LLC","Mental Health Clinic","15 2nd Avenue","3rd Floor","Brooklyn","NY","11215","","Kings","718-214-6007","https://www.revcorerecovery.com","40.6749527","-73.9910438","SU","1","","","","1","","1","1","1","1","","","","","","","","","1","","1","1","1","1","","","","","1","","","","","1","","","1","","","","","","","","","","","","","1","1","","","","","","","","1","1","1","1","1","","","","","","1","1","1","","1","1","1","","1","1","1","1","1","1","1","1","1","","","","","","","1","1","1","1","","1","1","1","1","","","1","","","1","1","1","1","","","1","1","","","","1","1","1","1","","1","","","","","","1","","1","1","1","","1","1","1","","1","","","1","","1","1","1","1","1","","1","","1","1","1","1","1","1","","","","","","","","","1","1","1","1","","","","","","1","1","","1","1","","","","","","","","1","","","","","","","","","","1","","","","","","1","","","","","","","","","","","","","","","","","","","","",""
"Postgraduate Center for Mental Health","CCBHC","213 West 35th Street","","New York","NY","10001","","New York","212-576-4104","https://www.pgcmh.org","40.7522262","-73.9913934","SU","1","","","","","","1","1","1","1","","","","","","1","","","1","","1","1","1","1","","","","","1","","","","","1","","","1","","","","","","","","","","","","1","1","","","","","","","","","1","1","1","1","1","","","1","1","1","","","","","","","","","","","","","","","","","1","","","","","","1","1","1","1","1","","1","","1","","","","1","","1","1","","1","1","","","1","","","","","1","1","1","1","","","","1","1","1","1","1","","1","","1","1","1","1","1","1","1","1","1","1","","1","1","1","1","1","","1","","1","1","1","1","1","","1","1","","","1","","","1","1","1","","1","","","","","","","1","1","1","","1","1","","1","","","","1","","","","","","1","1","1","1","1","","","","","","","","","","","","","","","","","","","","","","","","","","","1"
"Vincent P Dole Clinic","Methadone Clinic","25 12th Street","","Brooklyn","NY","11215","","Kings","718-965-7900 x7901","https://www.mountsinai.org","40.6722381","-73.9967764","SU","1","","1","","1","","","1","","","1","","","","","","","1","1","","1","1","1","1","","","","","1","","","","","1","","","1","","","","1","","","","","","","","1","1","1","","1","","","","","","1","1","1","","1","","1","","","1","1","","","","","","","","","1","1","","","","","","","","","","","","1","1","1","1","","","1","","1","1","","","1","","","1","1","1","1","","","","","","","","","1","1","1","","1","1","1","1","1","1","","","","1","1","","1","1","1","1","1","1","1","1","","1","1","","1","1","","","1","1","","1","","","","1","","","","","","","1","","1","1","1","","","1","","","","1","1","1","","","","","1","1","1","","","","","1","1","","1","1","1","","1","","","1","","","","","","","","","","","","","","","","","","","","","","","",""
"TRI Center Inc","Outpatient Clinic","20 West 37th Street","3rd Floor","New York","NY","10018","","New York","212-268-8830","https://www.tricenter.com","40.7506915","-73.9845371","SU","1","","","","1","","1","1","1","1","","","","","","1","","","1","","1","1","1","","1","","","","1","","","","","1","","1","1","","","","","","","","","","","","1","","","","","","","","","","1","1","","","1","","","1","","","1","1","1","","","1","1","","1","1","1","1","1","1","1","1","","","","","","","","1","1","1","1","","","1","1","1","1","","1","","","1","1","1","1","","","1","","","1","","1","1","1","1","1","","","1","1","1","1","","","","1","1","","1","1","1","","1","1","","1","","1","","1","1","1","","1","","1","","1","1","","1","","1","1","1","","","","1","1","","","","","","","","","1","1","","1","","1","","","","","","","1","","","","","","1","","1","1","1","","","","","1","","","","","1","","","","","","","","","","","","","","","","",""
"Alcoholism Treatment Center","Outpatient Services","255 West 36th Street","8th Floor","New York","NY","10018","","New York","212-378-4545 x2045","https://www.acirehab.org","40.7532276","-73.9914584","SU","1","1","","","1","","1","1","1","1","","","","","","1","","","1","","1","1","1","1","","","","","1","","","","1","1","","1","1","","","","","","","","","","","","1","","","","1","","","","","","1","1","","1","1","","","1","","","1","1","1","1","1","1","1","1","1","1","1","1","1","1","1","1","1","1","1","","","1","1","1","1","1","1","1","1","1","1","1","1","","1","","1","1","","1","1","1","","1","1","","1","","1","1","1","1","1","1","1","1","1","1","","1","","1","1","1","1","1","1","1","","1","1","","1","","1","1","1","1","1","","1","","1","1","1","1","1","1","","1","1","1","1","","","1","1","1","1","1","1","","1","","1","1","1","","1","1","1","","1","1","","","","1","","","","1","1","1","","1","1","1","","","","","","","","","","","","","","","","","","","","","","","","","","","1"
"START Treatment and Recovery Centers","Fort Greene Clinic OTP","937 Fulton Street","2nd and 3rd Floors","Brooklyn","NY","11238","2347","Kings","718-789-1212","https://www.startny.org","40.683511","-73.965609","SU","1","","1","","1","","1","1","1","","1","","","","","","","1","","","1","1","","1","","","","","1","","","","","1","","","","","","","","","","","","","","","1","","","","","1","","","","","1","1","","1","","","1","1","1","","","1","1","1","","1","1","","1","1","1","1","1","1","1","1","","","","","","","","1","1","","","","1","","1","","","","1","","","1","1","1","1","","","","","","","","1","1","1","1","","","","1","1","1","1","","","1","","1","","1","1","","","","1","1","","","","","1","1","1","","1","1","1","","","","","","1","1","","","","1","","","","","","","","1","1","","","1","1","","1","","1","","","1","","","","1","1","","1","1","","","1","1","","1","","","1","","","","","","","","","","","","","","","","","","","","","","","",""
"New Directions Substance Use","Outpatient Treatment Program","300 Flatbush Avenue","","Brooklyn","NY","11217","","Kings","718-398-0800","https://www.newdirectionsbrooklyn.com","40.6781818","-73.9734037","SU","1","","","","","","","1","1","1","","","","","","","","","1","","1","1","1","1","","","","","1","","","","","1","","","1","","","","","","","","","","","","1","","","","","","","","","","1","1","1","1","1","","","","","","1","1","","","","1","","1","1","1","1","1","1","1","1","1","","","","","","","","1","1","","","","1","","1","1","1","","1","","1","1","1","1","1","1","","1","1","","","","","1","1","1","","","","","1","","","1","","1","1","1","","1","1","1","","","1","","1","","","","1","1","","","1","","1","1","1","1","1","1","","","","","","","","1","1","","1","","","","","","","","","","1","","1","","","","","","","1","","","","","","","","","","1","","","","","","","","","","","","","","","","","","","","","","","","","","",""
"CARES","Comprehensive Adolescent Rehab","307 West 38th Street","7th Floor","New York","NY","10018","","New York","212-523-7233","https://www.mountsinai.org/care/psychiatry/services/cares","40.7551715","-73.9924463","SU","1","","","","","","","1","1","","","","","","","","","","1","","1","1","1","1","","","","","1","","","","","","","","1","","","","1","","","","","","","","1","1","1","","1","","","","","","","1","","1","1","","","","","1","1","1","","","","","","1","","","","","1","1","1","1","1","","","","","","1","1","1","1","","","1","1","1","1","","","1","","1","1","","1","1","","","1","","","1","","1","1","1","1","","","","","1","1","","1","","1","1","1","1","1","1","1","","1","","","1","","","1","1","1","1","","1","","1","1","1","1","","","1","1","","","","","","","1","","","","1","","","","1","","","","1","","","1","","1","","","","1","","","","1","","","","","1","1","","","","","","","","","","","","","","","","","","","","","","","","","","","1"
"Wholeview Wellness LLC","Outpatient Clinic","369 Lexington Avenue","Suite 14-A","New York","NY","10017","6506","New York","212-204-8430","https://www.wholeview.co","40.750579","-73.9764314","SU","1","","","","1","","1","1","1","1","","","","","","1","","","1","","1","1","1","1","","","","","1","","","","","1","","1","1","","","","","","","","","","","","1","","","","","","","","","","1","1","","","","","","","","","1","1","","","","","1","","","1","1","1","1","1","1","1","1","","","","","","1","1","1","1","1","1","1","1","1","1","","","1","","","1","1","1","1","","","1","1","","1","","1","1","1","1","1","1","1","","1","1","1","1","","1","1","1","1","1","1","1","1","","1","","1","","1","1","1","1","1","","1","","1","1","1","1","1","1","","1","","1","","","","1","1","1","","1","1","","1","1","1","1","1","1","1","1","1","","","","","","","1","1","","","","","","1","1","","1","","","","","1","1","","","","1","","","","","","","1","","","","","","","","","",""
"Shiloh Psychological Consulting PLLC","Outpatient Clinic","566 7th Avenue","4th Floor","New York","NY","10018","","New York","212-564-7631","https://shilohconsultingLLC.com","40.755236","-73.9880113","SU","1","","","","","","","","1","1","","","","","","1","","","1","","1","1","1","1","","","","","1","","","","","1","","1","1","","","","","","","","","","","","1","1","1","","","","","","","","1","1","1","1","1","","","","","","1","1","1","1","1","1","1","","","1","1","1","1","1","1","","","","","","","","","1","1","1","1","1","1","","1","1","","","1","","","1","1","1","1","","","1","","","","","1","1","1","1","","1","","","1","1","","1","","1","1","1","","1","1","1","","1","1","","","","","1","1","1","1","","1","","","","","","","1","","1","","1","1","","","1","1","1","1","1","","","","","","","1","","1","","1","1","","","","","","1","","","","","","","","","1","1","","","","","1","","","","","","","","","","","","","","","","","1","","","","",""
"South Richmond Hill Recovery LLC","Outpatient Clinic 2","630 Flushing Avenue","","Brooklyn","NY","11206","5768","Kings","347-743-1598 x100","https://","40.6998337","-73.9482534","SU","1","","","","1","","1","1","1","1","","","","","","1","","","1","","1","1","","","1","","","","1","","","","","1","","1","1","","","","","","","","","","","","1","","","","","","","","","","1","1","1","1","1","1","","1","","","1","1","1","1","1","1","1","","1","1","1","1","1","1","1","1","","","","","","","1","1","1","1","","","1","","1","1","","","1","","","1","1","1","1","1","","1","1","","","","1","1","1","1","1","1","","","","1","","","","1","","1","","1","1","","","","","","1","","","","1","1","1","1","1","","1","1","1","1","1","1","","","1","","1","","","1","1","1","1","1","","","","","","1","1","","1","1","1","","","","","","","","","","","","","1","","","","","","1","","","1","","1","1","","","","","","1","","1","","","","","","","","","","",""
"Brookdale Hospital Medical Center","Outpatient Clinic","Bishop OG Walker Jr Health Center","528 Prospect Place","Brooklyn","NY","11238","","Kings","718-613-7511","https://","40.6805029","-73.9624327","SU","1","","","","","","1","","1","","","","","","","1","","","1","","1","1","1","1","","","","","1","","","","","1","","1","1","","","","1","","","","","","","","1","","1","","1","","","","","","","1","","","1","","","","","1","","","","","","","","","","1","1","","","","","","1","","","","","","","1","1","1","","1","1","1","1","1","","","1","","","1","1","1","1","","","1","","","","","1","1","1","1","1","","","1","1","1","1","","","1","1","1","1","1","1","1","1","","1","1","","","","1","","1","1","","1","","","","","","","","1","","1","","","","","1","1","","","","","","","","","","","1","1","1","1","","","1","1","1","","1","","","","","","1","1","1","","1","","","","","","","","","","","","","","","","","","","","","","","","","","",""
"BGR Services CD OP","DBA The PAC Program of Brooklyn","7 Debevoise Street","2nd Floor","Brooklyn","NY","11206","","Kings","866-481-2547","https://www.thepacprogram.com","40.7017184","-73.9429166","SU","1","","","","1","","","1","1","","","","","","","","","","1","","1","1","","1","","","","","1","","","","","1","","1","1","","","","","","","","","","","","1","","","","","","","","","","1","1","","","1","","","1","","","1","1","","","","1","","1","","1","1","","1","","1","1","","","","","","","","1","1","","","","1","","1","1","","","1","","1","1","1","1","1","1","","1","1","","","","1","1","1","1","1","1","","","","1","","","","1","1","1","","","1","","","1","","","1","","1","","1","1","","","1","","1","1","1","1","1","1","","","","","","","","1","1","","","","1","","","","1","","1","","1","1","","","","1","","","","1","","","","","","1","","","","1","","","","","","","","","","","","","","","","","","","","","","","","","","",""
"South Brooklyn Medical Admin Services","South Brooklyn Med Servs/MMTP Clinic","685 3rd Avenue","","Brooklyn","NY","11232","","Kings","718-788-2594 x117","https://","40.663909","-73.9971896","SU","1","","1","","1","","","1","","","1","","","","","","","1","","","1","1","1","1","","","","","1","","","","","1","","","","","","","","","","","","","","","1","","1","","","","","1","","","1","1","1","","","","","","","1","1","","","","","","","","","","","","","","","","","","","","","","","1","1","","","","1","","1","","","","1","","","1","1","1","1","","","1","","","","","","1","1","1","","","","","1","1","","","","","","1","","1","1","","","1","1","1","","","","","1","1","1","","","1","1","","1","","","1","","","","","","1","","","","","","","","","","","","","","","1","","","","","","","","","","","","1","1","","1","","","","1","","","1","","1","","","","","","","","","","","","","","","","","1","","","","",""
"Woodhull Medical Center","Div of Chemical Dep/Dept of Psych","760 Broadway","Unit 5300","Brooklyn","NY","11206","","Kings","718-963-5910","https://www.nychealthandhospitals.org/locations/woodhull/","40.6996243","-73.9430489","SU","1","1","","","","","","1","1","1","","","","","","1","","","1","","1","1","1","1","","","","","1","","","","1","1","","1","1","","","","1","","","","","","1","","1","","","1","1","","","","","","1","1","1","","1","","","1","","","1","1","","","","","","","","1","1","","1","","","","1","1","1","1","1","1","","1","1","1","1","1","1","","1","1","","","1","","","1","1","1","1","","","1","","","1","","1","1","1","1","1","","","1","1","1","1","1","","1","1","1","1","1","1","1","1","","1","1","1","","","1","1","1","1","","1","","1","","1","1","1","","","","1","","","","","","1","","","","","","","","","","","1","1","1","1","","1","1","1","1","","1","","","","","","1","1","1","","1","","","","","1","","","1","","","","","","","","","1","","","1","","","","","","",""
"Interfaith Medical Center","MMTP OTP","880 Bergen Street","","Brooklyn","NY","11238","","Kings","718-613-7536","https://www.obhny.org","40.6769979","-73.9581623","SU","1","","","","","","","","1","","","","","","","","","","1","","1","1","1","1","","","","","1","","","","","1","","1","1","","","","1","","","","","","","","1","","1","","1","","","","","","1","1","1","1","1","","","","","1","1","","","","","","","","","1","1","","","","","","","","","","","","","1","1","1","","","1","1","1","1","","","1","","","1","1","1","1","","","1","","","1","","1","1","1","1","","","1","","1","1","1","1","","","1","1","1","1","1","1","1","1","1","1","","","","1","","1","1","","1","","","","","","","","1","1","","","","","","1","","1","","1","","","","","","","1","1","1","1","","1","","","1","1","","","","","1","1","","1","1","1","","1","","","1","","","1","","","","","","","","","","","","","","","","","","","","",""
"New York Center for Living Inc","Outpatient Program","226 East 52nd Street","","New York","NY","10022","6209","New York","212-712-8800","https://www.centerforliving.org","40.7564439","-73.9688517","SU","1","","","","1","","","1","1","1","","","","","","1","","","1","","","1","","1","","","","","1","","","","","1","","1","1","","","","","","","","","","","","1","","","","","","","","","","1","","","","","","","","","","","1","","","","","","1","","1","1","","1","1","","1","1","","","","","","","1","1","1","","1","1","1","1","","","","1","","1","1","1","1","1","","","1","1","","","","1","1","1","1","1","","","","","","","","","","","1","1","1","1","","","","","","1","","","","1","","1","","1","","1","1","1","1","1","","1","","","1","","","","1","1","","1","","","","","","","","1","","1","1","1","","","","","","","1","","","","","","","","","","1","","","1","","","","","","","","","","","","","","","","","","","","","","","",""
"Community Counseling Mediation Service","Alcohol and Substance Abuse Program","810 Classon Avenue","","Brooklyn","NY","11238","","Kings","718-230-5100 x120","https://www.ccmnyc.org","40.6728225","-73.9611454","SU","1","","","","1","","1","1","1","1","","","","","","","","","1","","1","1","1","1","","","","","1","","","","","1","","","1","","","","","","","","","","","","1","1","1","","","","","","","","1","1","1","1","1","","","1","","","1","1","1","1","","1","1","","1","1","1","1","1","1","1","1","","","","","","","1","1","1","1","1","1","1","","1","1","","","1","","","1","1","1","1","","","1","","","1","","1","1","1","1","1","1","1","1","1","1","","1","","1","1","1","1","1","1","1","","1","1","","1","","1","1","","1","1","","1","","1","","1","","","","1","","","","","","","","1","1","","1","","","","","","1","","","1","1","","","","","","","","1","","","","","","","","","1","1","","","","","","","","","","","","","","","","","","","","","","","","","","",""
"Freedom Institute Inc","Outpatient Clinic","515 Madison Avenue","Suite 13-A","New York","NY","10022","","New York","212-838-0044","https://www.freedominstitute.org","40.7597893","-73.9737557","SU","1","","","","","","","1","","","","","","","","1","","","1","","1","1","1","1","","","","","1","","","","","","","1","1","","","","","","","","","","","","1","","1","","","","","","","","1","","","","","","","1","","","","","","","","","","","","","","","","","","","","","","","","","1","1","1","1","1","1","1","","1","","","","1","","","1","1","1","1","","","1","","","1","","","1","1","1","","","","","","","","1","","1","1","1","","1","1","1","","","","","1","","","","1","1","","","1","","","","","","","","1","","1","1","1","","","1","","1","1","1","","","","","","","1","","1","1","1","","","","","","","","","","","","","","","","","1","","","","","","","","","","","","","","","","","","","","","","","","","","",""
"Family Center Inc","Healthy Branches","493 Nostrand Avenue","2nd Floor","Brooklyn","NY","11216","","Kings","718-230-1379","https://www.thefamilycenter.org","40.6805851","-73.9494407","SU","1","","","","1","","1","1","1","1","","","","","","1","","","1","","1","1","1","1","","","","","1","","","","","1","","","1","","","","","","","","","","","","1","1","","","","","","","","","1","1","1","1","1","","1","","1","","1","1","1","","","1","1","1","1","1","1","1","1","","","1","1","","","","","","","1","1","1","1","","1","1","1","1","","","1","","1","1","1","1","1","","","1","1","","1","1","1","1","1","1","1","","1","1","1","1","1","1","","1","1","1","","1","1","1","1","1","1","1","1","","1","1","1","1","1","","1","","1","1","1","1","1","","1","1","1","","","","","1","1","","","","1","1","1","","1","1","1","1","1","1","","1","","1","1","1","","1","","","1","","1","1","1","1","1","1","","","","","","1","","","","","","","","","","","","","","","","","","","","","1"
"Ascendant New York","Outpatient Clinic","210 East 58th Street","","New York","NY","10022","","New York","917-262-0003","https://ascendantny.com","40.7604289","-73.9664337","SU","1","","","","1","","","1","1","1","","","","","","1","","","1","","1","1","1","1","","","","","1","","","","","1","1","1","1","","","","","","","","","","","","1","","","","1","","","","","","1","","","","1","","","","","","","","","","","","","","","1","1","","","","","","1","","","","","","1","1","1","1","1","1","","","1","1","","","1","","","1","1","1","1","","","1","1","","1","","1","1","1","1","1","1","","1","1","1","1","","","1","","1","","1","1","1","1","","1","1","1","","1","1","1","1","1","","1","","1","1","1","1","1","1","","","1","1","1","","","1","1","1","1","1","1","","","","1","","","1","1","1","","","","","","","","1","","","","","","1","1","1","","1","","","","","","","","","","","","","","","","","","","","","","","","","","",""
"Ascendant New York","Med Sup Withdrawal/Inpatient","113 East 60th Street","","New York","NY","10022","","New York","917-262-0003","https://www.ascendantny.com","40.7634267","-73.9686057","SU","1","1","","","1","1","1","1","1","1","","","","","","","","","1","","1","1","1","1","","","","1","","1","","1","","","","","","","","","","","","","","","","","1","","","","1","","","","","","1","","","","1","","","","","","","","","","","","","","","1","1","","","","","","1","1","1","1","1","1","1","1","1","1","1","1","","","1","1","","","1","","","1","1","1","1","","","1","1","","1","","1","1","1","1","1","1","","","1","1","1","","","1","","1","1","1","1","1","1","1","1","1","1","","","1","","1","1","","1","","1","1","1","1","1","1","","","","","","","","","1","1","1","1","1","1","1","","1","","","1","1","1","","","1","","","","","1","1","","","","","1","1","1","","1","","","","","","1","","","","","","","","","","","","","","","","","","","","",""
"Ascendant New York","Inpatient Rehabilitation","113 East 60th Street","4th, 5th, and 6th Floors","New York","NY","10022","1939","New York","917-262-0003","https://www.ascendantny.com","40.7634358","-73.9686079","SU","1","","","","1","","1","1","1","1","","","","","","","","","1","","1","1","1","1","","","","1","","1","","","","","","","","","","","","","","","","","","","1","","","","1","","","","","","1","","","","1","","","","","","","","","","","","","","","1","1","","","","","","1","","","","","","1","1","1","1","1","1","","","1","1","","","1","","","1","1","1","1","","","1","1","","1","","1","1","1","1","1","1","","","1","1","1","","","1","","1","1","1","1","1","1","1","1","1","1","","","1","","1","1","","1","","1","1","1","1","1","1","","","","","","","","","1","1","1","1","1","1","1","","1","","","1","1","1","","","","","","","","1","1","","","","","1","1","1","","1","","","","","","","","","","","","","","","","","","","","","","","","","","",""
"Addiction Institute at Mt Sinai West","Inpatient Detoxification Unit","1000 10th Avenue","","New York","NY","10019","","New York","212-523-6491","https://www.mountsinai.org/locations/addiction-institute","40.7699942","-73.9874704","SU","1","1","1","1","1","1","1","1","1","1","1","","","","","","","1","1","","","1","1","1","","","1","","","","","","","","","","","1","1","","1","","","","","","","","1","","1","1","1","","","","","","1","1","1","1","1","","","1","1","1","","1","","","","","","","","","","","","","","","1","1","1","","","1","","1","1","","","1","1","","1","","","","1","","","1","1","1","1","","","1","1","","1","","1","1","1","1","1","","","","1","1","1","","","","","1","1","1","1","","1","","1","1","","","","1","","1","1","","1","1","1","1","1","1","","","1","","","","","","","","1","","","","1","1","1","1","1","","1","1","1","","","","1","","1","1","","1","1","","","1","","1","1","1","","1","","","","","","1","","","","","","","","","","","","","","","","","","","","",""
"North Crown Heights","Family Outreach Center","765 Nostrand Avenue","Suite 763","Brooklyn","NY","11216","","Kings","718-230-8600","https://","40.6711471","-73.9501742","SU","1","","","","1","","1","1","1","1","","1","","","","1","","","1","","1","1","1","1","","","","","1","","","","","1","1","1","1","","","","","","","","","","","","1","","","","","","","","","","1","1","1","1","1","","","","","","1","1","1","1","1","1","1","","1","1","1","1","1","1","1","1","1","","","","","","1","1","1","1","","1","1","1","1","1","1","1","1","","","1","1","1","1","1","","1","","","1","","1","1","1","1","1","1","1","1","1","1","1","1","","1","1","1","1","1","1","1","1","1","1","1","1","","1","1","1","1","1","","1","","1","1","1","1","1","1","","1","1","1","1","","","1","1","","1","","1","","","1","1","1","","1","1","1","1","1","","","","","","1","","","","","","","1","1","1","1","","","","","","","","","","","","","","","","","","","","","","","","","","",""
"Genesis Detox of Brooklyn","Rehabilitation Service IP","449 39th Street","2nd Floor","Brooklyn","NY","11232","2909","Kings","718-633-4673 x3603","https://genesisdob.com/","40.6520479","-74.004621","SU","1","","","","1","","1","1","1","1","","","","","","1","","","1","","","1","1","","1","","","1","","1","","","","","","","","","","","","","","","","","","","1","","","","","","","","","","1","1","1","1","1","1","","","","","1","1","1","1","1","1","1","","","1","1","1","1","1","1","1","1","","","","","","1","1","1","","","1","1","","1","1","1","","1","","","1","1","1","1","","","1","1","","1","","1","1","1","1","1","","","","1","1","1","","","","1","1","1","1","1","","1","1","1","1","1","","1","1","1","1","1","","1","","1","1","1","1","","1","","","1","","1","","","1","1","1","","1","1","","","","1","1","1","1","1","1","1","1","","","","","","1","1","","","1","","1","1","1","","","","1","","","1","1","","","","1","","","","","","","","","","","","1","","","","",""
"Genesis DOB","Outpatient Clinic","449 39th Street","4th Floor","Brooklyn","NY","11232","2909","Kings","718-633-4673 x3603","https://www.genesisdob.com","40.6520479","-74.004621","SU","1","","","","1","","1","1","1","1","","","","","","1","","","1","","1","1","1","","1","","","","1","","","","","1","","","1","","","","","","","","","","","","1","","","","","","","","","","1","1","1","1","1","","","","","","1","1","1","1","1","1","1","","1","1","1","1","1","1","1","1","1","","","","","","1","1","1","1","","1","1","","1","1","1","","1","","","1","1","1","1","","","1","1","","1","","1","1","1","1","1","","","","1","1","1","1","","","1","1","1","1","1","","1","1","1","1","1","","1","1","1","1","1","","1","","1","1","1","1","","1","","","1","","1","","","1","1","1","","1","","","","","","1","1","","1","1","1","1","","1","","","","1","1","","","","","1","1","1","","","","1","","","1","","","","","1","","","","","","","","","","","","1","","","","",""
"Genesis Detox of Brooklyn LLC","MSW IP","449 39th Street","3rd Floor","Brooklyn","NY","11232","2909","Kings","718-633-4673 x3603","https://www.genesisdob.com","40.6520479","-74.004621","SU","1","1","","1","","1","1","1","1","1","1","","","","","1","","1","1","","","1","1","","1","","","1","","","","1","","","","","","","","","","","","","","","","","1","","","","1","","","","","","1","1","1","1","1","1","","","","","1","1","1","1","1","1","1","","","1","1","1","1","1","1","1","1","1","1","","","1","1","1","1","","","1","1","","1","1","","","1","","","1","1","1","1","","","1","1","","1","","1","1","1","1","1","","","","1","1","1","","","","1","1","1","1","1","","1","1","1","1","1","","1","1","1","1","1","","1","1","1","1","1","1","","1","","","1","","1","","","1","1","1","","1","1","","","","1","1","1","1","1","1","1","1","1","","","","","1","1","","1","1","","1","1","1","","","","1","","","1","1","","","","1","","","","","","","","","","","","1","","","","",""
"Anchor House Inc","","976 Park Place","","Brooklyn","NY","11213","","Kings","718-756-8673 x200","https://www.anchorhouseinc.com","40.6729314","-73.9451897","SU","1","","","","","","","1","","","","","","","","1","","","1","","1","1","1","1","","","","1","","","1","","","","","","","","","","","","","","","","","","1","","","","","","","","","","1","1","1","1","1","","1","","","","1","1","1","","1","1","1","","","1","","1","1","1","1","1","","","","","","","","1","1","","","1","1","1","1","1","1","1","1","","","1","1","1","","","","1","","","1","","","1","1","1","","","1","1","1","1","","","","1","1","1","1","1","1","1","","1","1","1","1","","1","1","1","1","1","","","","1","","1","","","","1","","","1","","","","1","1","","1","","","","","","","1","1","","1","1","1","1","","1","","","","","","","","","","","","","","1","","","","","","","","","","","","","","","","","","","","","","","","","","",""
"Brookdale Hospital Medical Center","MMD","1545 Atlantic Avenue","6-E Floor","Brooklyn","NY","11213","","Kings","718-613-7511","https://www.obhny.org","40.6783744","-73.9374075","SU","1","1","","","","","","","1","1","","","","","","1","","","","","","1","","1","","","1","","","","","","","","","","","1","1","","1","","","","","","","","1","","1","","1","","","","","","","1","1","","1","","","","","1","","","","","","","","","","1","1","","","","","","1","1","","","","1","","1","1","","","1","1","","1","","","","1","","","1","1","1","1","","","1","","","","","","1","1","1","1","","","","1","1","1","","","","1","1","1","1","1","","1","1","1","1","","","","1","","1","1","","1","","","","","","","","1","","1","","","","","","1","","","","1","","","","1","","","1","1","1","","1","1","","1","1","","1","","","1","1","","1","1","1","","1","","","","","","","","","","","","","","","","","","","","","","","","","","",""
"Brookdale Hospital Medical Center","Inpatient Rehabilitation","1545 Atlantic Avenue","6 East","Brooklyn","NY","11213","","Kings","718-613-7511","https://www.obhny.org","40.6783744","-73.9374075","SU","1","","","","","","","","1","1","","","","","","1","","","","","","1","1","1","","","1","","","","","","","","","","","","1","","1","","","","","","","","1","","1","","1","","","","","","","1","1","","1","","","","","1","","","","","","","","","","1","1","","","","","","","","","","","","","1","1","","","1","1","","1","","","","1","","","1","1","1","1","","","1","","","","","","","1","1","","","","","1","1","1","","","","","1","1","1","1","","1","1","1","1","","","","1","","1","1","","1","","","","","","","","1","","1","","","","","","1","","","","","","","","","","","1","1","1","","1","","","1","1","","1","","","","","","1","1","1","","1","","","","","","","","","","","","","","","","","","","","","","","","","","",""
"New York Presbyterian Hospital","Methadone Treatment Med Maintenance","503 East 70th Street","1st Floor","New York","NY","10021","","New York","212-746-9229","https://www.nyp.org/acn/specialty-care/vincent-p-dole-opaite-dependency","40.7655029","-73.9542643","SU","1","","1","","1","","","1","","","1","","","","","","","1","1","","1","1","1","1","","","","","1","","","","","1","","","","","","","1","","","","","","","","1","","1","","1","","","","","","1","1","1","","","","","","","1","","","","","","","","","","","","","","","","","","","","","","","","1","1","","","","1","","1","","","","1","","","1","1","1","1","","","1","","","","","","1","1","1","","","","","1","","1","","","","","1","","","1","","","1","","1","","","","","","1","1","","","1","1","","","","","","1","","","","","1","","","","","","","","","","","","1","1","1","1","","","","","","","","","1","","","1","1","","1","1","1","","1","","","1","","","","","","","","","","","","","","","","","","","","","","","",""
"Fortune Society Inc","","29-76 Northern Boulevard","","Long Island City","NY","11101","","Queens","212-691-7554","https://www.fortunesociety.org/","40.7506852","-73.9343583","SU","1","","","","1","","","1","1","1","","","","","","1","","","1","","1","1","1","","1","","","","1","","","","","1","","","1","","","","","","","","","","","","1","1","","","","","","","","","","1","1","1","1","","1","","1","","1","1","1","1","1","1","1","","1","1","1","1","1","1","1","1","1","","","","","","","1","1","","","","1","1","1","1","","","1","","","1","1","1","1","","","1","1","","","","1","1","1","1","1","1","1","1","1","1","1","1","","1","1","1","","1","1","1","","1","1","","1","","1","1","1","1","1","","1","","1","1","1","1","1","","1","","1","","1","","","1","1","1","","1","","","","","","1","","","1","","","","","1","","","","1","","","","","1","","","1","","","","1","","","","","","","","","","","","","","","","","","","","","","","","",""
"Under Angels Wings Recovery Center","Outpatient Clinic","5411 2nd Avenue","1st Floor","Brooklyn","NY","11220","","Kings","718-374-5484","https://www.uawrecovery.com","40.6464651","-74.0193857","SU","1","1","","","1","1","1","1","1","1","","","","","","1","","","1","","1","1","1","1","","","","","1","","","","1","1","","1","1","","","","","","","","","","","","1","","","","","","","","","","1","1","1","1","1","","","","","","1","1","1","1","","1","1","1","1","1","1","1","1","","1","1","1","1","1","1","1","1","1","1","1","1","","1","1","1","1","1","1","","1","","1","1","1","1","1","1","","1","","","1","","1","1","1","1","1","1","1","1","1","1","","1","","1","1","1","1","1","1","1","","","1","1","1","","1","1","1","1","1","","1","","1","1","1","1","","1","","","","1","1","","","1","1","","","","","","","","","1","1","","1","1","1","1","1","1","","","","1","","","","","","","","","1","1","","","","","1","1","","","","","","","","","","","","","","1","","","","","","",""
"Neighborhood Coalition for Shelter Inc","Chance for Change Outpatient Services","921-923 Madison Avenue","Lower Level","New York","NY","10021","","New York","917-677-0722","https://www.ncsinc.org","40.7725016","-73.9645065","SU","1","","","","","","","1","1","1","","","","","","1","","","1","","1","1","1","","1","","","","1","","","","","1","","1","1","","","","","","","","","","","","1","","","","","","","","","","1","1","","1","","","","1","1","","1","1","","","","","","","1","1","1","","1","","","","1","","","","","","1","1","1","1","","","1","","1","1","","","1","","","1","1","1","1","1","","1","1","","1","","1","1","1","1","1","1","1","1","1","1","","1","","1","1","1","","1","1","1","","1","1","1","1","","1","1","1","1","1","","1","","1","1","1","1","","","1","1","","1","","","","1","1","","1","","","","","","","","","","1","1","","","","1","","","","1","","","","","","","","","","","1","","","","","","","","","","","","","","","","","","","","","","","","","",""
"Phoenix House LIC","Parkside Outpatient","34-11 Vernon Boulevard","","Astoria","NY","11106","","Queens","646-505-2003","https://phoenixhouseny.org","40.7650205","-73.9402479","SU","1","","","","1","","1","1","1","1","","","","","","1","","","1","","1","1","1","1","","","","","1","","","","","1","","1","1","","","","","","","","","","","","1","","","","","1","","","","","1","1","1","","1","","1","1","","","","1","","","","","","","","1","1","","1","","","","1","","","","","","1","1","1","1","","1","1","1","1","1","1","","1","","","1","1","1","1","","","1","1","","1","","1","1","1","1","1","","","1","1","1","1","1","","1","1","1","1","1","1","1","1","1","1","1","1","","1","1","1","1","1","1","1","","1","1","1","1","1","","1","","1","1","1","","","1","1","1","1","1","1","1","1","","1","","1","1","1","1","1","","","","1","1","","1","1","","","","1","1","1","1","","1","","","","","","1","","","","","","","","","","","","","","","","","","","","",""
"Kings County Hospital Center","Wellness and Recovery Center OTP","591 Kingston Avenue","","Brooklyn","NY","11203","","Kings","718-245-2623","https://www.nyc.gov/html/hhc/kchc/html/home/home.shtml","40.6592376","-73.9410228","SU","1","1","1","","1","","","1","","","1","","","","","","","1","1","","1","1","1","1","","","","","1","","","","1","1","","","1","","","","1","","","","","","1","","1","","1","1","1","","","","","","1","1","1","1","1","","1","1","1","1","1","1","1","1","","1","1","","1","1","1","1","1","","1","","1","1","1","1","1","1","","1","1","","","","1","","1","1","","","1","","","1","1","1","1","","","1","1","","1","","1","1","1","1","1","","1","1","1","1","1","1","","1","1","1","","1","1","1","1","1","1","1","1","","1","1","1","1","1","1","","1","1","1","1","","1","","","","","","","","","","1","1","","1","1","1","1","","1","","","1","1","1","","1","","1","1","1","","1","","","1","1","1","1","1","1","","1","","","1","","","1","","","","","","","","","","","","","","","","","","","","",""
"Child Center of NY","Cohen Family Wellness Center","43-08 52nd Street","2nd Floor","Woodside","NY","11377","","Queens","718-458-4243","https://www.childcenterny.org","40.7438006","-73.9126853","SU","1","","","","1","","1","1","1","1","","","","","","1","","","1","","1","1","1","1","","","","","1","","","","","1","","","1","","","","","","","","","","","","1","1","","","","1","","","","","1","1","1","","1","","1","1","1","1","1","","","","","","","","","","","","","","","","1","","","","","","","1","1","1","","","","","1","1","","","1","","1","1","1","1","1","","","1","","","","","1","1","1","1","1","1","1","","1","1","","1","","1","1","1","","1","1","1","","1","1","","1","","1","1","","1","1","","1","","1","","1","1","","","1","","1","","1","","","1","1","1","","1","","","","","","","","","1","","","","","","","","","1","","","","","","","","","1","1","","","","","1","1","1","","","","","","","","","","","","","","","","","","","",""
"Reality House Inc","Outpatient","31-75 23rd Street","4th Floor","Astoria","NY","11106","4028","Queens","212-281-6004 x400","https://rhiny.org","40.7646491","-73.9299659","SU","1","","","","","","","","","","","","","","","1","","","1","","1","1","1","","1","","","","1","","","","","","","","1","","","","","","","","","","","","1","","","","","","","","","","1","1","1","1","1","1","1","","","","1","1","1","","1","1","1","","1","1","1","1","1","1","1","1","","","","","","","","1","1","","","1","1","1","1","1","","","1","","","1","1","1","1","1","","1","","","","","1","1","1","1","","1","","1","1","1","","1","1","1","1","1","1","","1","1","","1","1","1","1","","1","","1","1","1","","","","","","","","","","1","","1","1","","","","1","","","1","","","","","","","1","1","","1","1","1","1","","1","","","","","","","1","","1","1","","","","","","1","","","","","","","","","","","","","","","","","","","","","","","","",""
"Outreach Development Corporation","Residential Rehab for Youth 1","16-14 Weirfield Street","","Ridgewood","NY","11385","","Queens","718-456-7820","https://www.opiny.org","40.6970234","-73.9056237","SU","1","","","","","","","1","","","","","","","","1","","","1","","","1","1","1","","","","1","","1","1","","","","","","","","","","","","","","","","","","1","","","","","","","","","","1","1","","","1","","1","","","1","1","1","","","","","","1","","","","","1","1","1","1","1","","","","","","","1","1","1","","1","1","1","1","1","","","1","1","1","1","","1","1","","","1","","","1","1","","1","1","1","","","1","","1","1","1","","","1","","1","1","","1","1","1","","1","1","1","","1","1","1","","1","","","","","1","","","","","1","","1","","","","","1","","","1","","1","","","","1","","1","","1","1","","1","","1","","","","1","","","","","","","1","1","","1","","","","","","","","","","","","","","","","","","","","","","","","","","",""
"Metropolitan Center for Mental Health","","160 West 86th Street","","New York","NY","10024","","New York","212-362-8755","https://www.metropolitancenter.com","40.787204","-73.974499","SU","1","","","","1","","1","1","1","1","","","","","","1","","","1","","1","1","1","1","","","","","1","","","","","1","","","1","","","","","","","","","","","","1","1","","","","","","","","","1","1","1","1","1","","","1","1","","","1","","","","","1","1","","1","1","","1","","","1","1","","","","","","","1","1","1","","","1","","1","1","","","1","","1","1","1","1","1","","","1","1","","","","1","1","1","1","1","","","","1","1","","1","","1","1","1","","1","1","1","","1","1","","1","","1","1","1","1","1","","1","","1","1","1","1","","","1","1","1","1","1","","","1","1","1","","1","1","","","1","1","","","","1","","1","1","","","","","","1","","","","","","1","","","","1","","","","","","1","","","","","","","","","","","","","","","","","","","","",""
"New York Therapeutic Communities Inc","Brooklyn Outpatient Program","2071 Fulton Street","","Brooklyn","NY","11233","","Kings","347-770-8650 x206","https://www.staynout.org","40.6783607","-73.9101412","SU","1","","","","","","","","","","","","","","","1","","","1","","1","1","1","","1","","","","1","","","","","","","1","1","","","","","","","","","","","","1","","","","","","","","","","1","1","1","1","1","","1","","1","","1","1","","1","1","1","1","","","1","1","1","1","1","1","1","","","","","","","","1","1","","","1","1","1","1","1","1","1","1","","1","1","1","1","1","","","1","","","1","","","1","1","1","","","1","1","1","1","1","","1","1","1","1","1","","1","1","1","1","1","1","1","","1","","1","1","1","","","","","","","","","","1","","1","1","1","","","1","","","1","","","","","","","","1","","1","1","1","1","","1","","","","","","","","","1","1","1","1","","","1","","","","","","","","","","","","","","","","","","","","","","","","","",""
"Serendipity I The John David Ctr RR","","2071 Fulton Street","","Brooklyn","NY","11233","","Kings","917-304-0070","https://www.staynout.org","40.6783607","-73.9101412","SU","1","","","","1","","","1","","","","","","","","1","","","1","","1","1","1","","1","","","1","1","1","1","","","","","1","1","","","","","","","","","","","","1","","","","","","","","","","1","1","","1","1","","1","1","1","","1","1","","","","1","","","","","1","","1","","","","","","","","","","1","1","1","1","","1","1","1","1","1","","1","1","","1","","","","1","1","","1","","","1","","","1","1","1","","","","1","1","1","","1","","","1","1","1","","1","1","","","","1","1","","1","","1","1","1","","","","1","1","","","","","1","","1","","","","","1","","","","","","1","","","","","1","","1","1","1","","","1","","","","1","","","","","","","","","","","","1","","","1","","","","","","","","","","","","","","","","","1","","","","",""
"RHI Community/Veterans Behav Hlthcare","820 Rehab Reintegration","8-13 Astoria Boulevard","","Astoria","NY","11102","","Queens","212-281-6004","https://www.rhiny.org","40.7727467","-73.9318405","SU","1","","","","1","","1","1","1","1","","1","","","","1","","","1","","1","1","1","","1","","","1","","","1","","","","","","","","","","","","","","","","","","1","","","","","","","","","","","1","","","1","1","1","","","","1","1","1","","","1","","","","","1","","1","","","","1","","","","","","","1","1","","","1","1","","1","1","","","1","","","1","1","","1","","","","","","1","","1","1","1","1","","","","1","","","","","","1","1","1","1","1","1","1","","1","","1","1","","1","","1","1","1","","1","","1","1","1","1","1","","1","","1","1","1","","","1","1","1","1","1","","","","","","1","1","","1","1","1","","","1","","","","1","","","","","","1","","","","","","1","","","","","","","","","","","","","","","","","","","","","","","","",""
"Seek Counseling LLC","Outpatient Clinic","408 77th Street","Lower Level 1","Brooklyn","NY","11209","","Kings","718-833-3320","https://www.seekcounseling.com/","40.6290712","-74.0252909","SU","1","1","","","1","1","1","1","1","","","","","","","1","","","1","","1","1","1","1","","","","","1","","","","1","1","","","1","","","","","","","","","","","","1","","","","","","","","","","1","1","","","1","","","","","1","1","1","","","","1","","","","1","1","","1","","1","1","1","1","1","1","1","1","","1","1","1","1","1","1","","1","1","1","","1","","","1","1","1","1","1","","1","1","","","","1","1","1","1","1","1","","1","1","1","1","1","","1","1","1","","1","1","1","","1","1","","1","","1","1","1","1","1","","1","","1","","1","1","","1","","1","1","1","1","","","1","1","1","1","1","1","","","","1","","","","1","1","1","","","","","","","1","","","","","","","1","1","","1","","","","","","","","","","","","","","","","","","","","","","","","","","",""
"NYC HHC Metropolitan Hospital Center","Methadone Treatment Program","1900 2nd Avenue","2m32 Psychiatric Pavilion","New York","NY","10029","","New York","646-672-3600","https://www.nychealthandhospitals.org/metropolitan/","40.7856092","-73.9458441","SU","1","","1","","","","","","","1","1","","","","","","","1","","","1","1","","1","","","","","1","","","","","1","","","","","","","1","","","","","","1","","1","","","","1","","","","","","1","1","1","1","1","","1","1","1","1","","1","1","","1","1","1","1","1","1","1","1","1","1","1","1","","","","","","","","1","1","","1","","","","1","","","","1","","","1","1","1","1","","","1","","","1","","","1","1","1","","","","1","","1","1","","","1","","1","","","1","","1","1","1","1","1","","","1","","1","","","1","1","","","","","","","","","","","","1","","","","","","","","","","","","1","1","1","1","","","","","","1","1","","","","","1","1","","1","1","1","","1","","","1","","","","","","","","","","","","","","","","","","","","","","","",""
"Addiction Care Interventions","Medically Supervised Withdrawal","589 Rockaway Avenue","","Brooklyn","NY","11212","","New York","212-293-3000 x1005","https://www.acirehab.org","40.6654132","-73.9094493","SU","1","1","1","","1","","1","1","1","1","1","","","","","","","1","1","","1","1","1","","1","","","1","","1","","1","","","","","","","","","","","","","","","","","1","","1","","1","","","","","","1","1","","1","1","","","","","","","1","1","","","","","","","1","1","","1","1","1","","1","1","1","","","1","","1","1","1","","1","1","1","1","1","1","","1","","","1","1","1","1","","","1","","","1","","1","1","1","1","","1","1","","1","1","1","","","1","1","1","1","1","1","1","1","","1","1","1","","1","1","1","1","1","","1","1","1","1","1","1","","1","","","","","","","","","1","","1","","1","","","","1","","","1","1","1","","","1","","","","","1","","","1","1","","1","1","1","","1","","","","","","1","","","","","","","","","","","","","","","","","","","","",""
"Addiction Care Interventions","Inpatient Rehabilitation Program","589 Rockaway Avenue","","Brooklyn","NY","11212","","New York","212-293-3000 x1005","https://www.acirehab.org","40.6654132","-73.9094493","SU","1","","1","","1","","1","1","1","1","1","","","","","","","1","1","","1","1","1","","1","","","1","","1","","","","","","","","","","","","","","","","","","","1","","","","1","","","","","","1","1","","1","1","","","","","","","1","1","","","","","","","1","1","","1","1","1","","1","","","","","","","1","1","1","","1","1","1","1","1","1","","1","","","1","1","1","1","","","1","","","1","","1","1","1","1","","1","1","","1","1","1","","","1","1","1","1","1","1","1","","","1","1","1","","1","1","1","1","1","","1","1","1","1","1","1","","1","","","","","","","","","1","","1","","1","","","","1","","","1","1","1","","","","1","","","","1","","","","1","","1","1","1","","1","","","","","","","","","","","","","","","","","","","","","","","","","","",""
"Institute for Community Living Inc","Outpatient Clinic","2581 Atlantic Avenue","","Brooklyn","NY","11207","2412","Kings","929-626-1070","https://www.iclinc.org","40.6758828","-73.8992968","SU","1","","","","","","","1","1","","","","","","","1","","","1","","1","1","1","1","","","","","1","","","","","1","","1","1","","","","","","","","","","","","1","","","","","","","","","","1","1","1","1","1","1","","1","1","","1","1","","","","","1","","","1","1","","","","","","","","","","","","","1","1","1","","1","1","","1","1","","","1","","","1","1","1","1","","","1","","","1","","1","1","1","1","","1","","","1","","","1","1","1","1","1","","1","1","1","","1","","","","","1","1","1","1","1","","1","","1","","1","1","","","1","","1","","","","","1","1","","","","","","","","","","","","1","1","","1","","","","","","","","","","","1","","","","","1","","","","","1","","","","","1","","","","","","","","","","","","","","","","",""
"Saint Josephs Hospital/Yonkers","Methadone Clinic 1","211-221 Powell Street","","Brooklyn","NY","11212","","Kings","718-485-6000 x201","https://www.stvincentswestchester.org","40.6692095","-73.9035095","SU","1","","1","","1","","","1","","","1","","","","","","","1","1","","","1","","1","","","","","1","","","","","1","","","1","","","","","1","","","","","","","1","","","","1","","","","","","1","1","1","","","","1","1","","","","","","","","","","","","","","","","","","","","","","","","","","1","1","","","","1","","1","","","","1","","","1","1","1","1","","","1","","","","","","1","1","1","","","1","1","1","1","1","1","","","1","1","","","1","","","1","1","1","","","","","","","","","","1","1","","1","","","","1","","","","","1","","","","","","","","","","","","","1","1","1","1","","","","1","","","","","","","1","1","","1","","1","","1","","","1","","","1","","","","","","","","","","","","","","","","","","","","",""
"Bay Street 822 Program","Outpatient Clinic","56 Bay Street","6th Floor","Staten Island","NY","10301","2563","Richmond","718-808-1439","https://sunriver.org","40.6407206","-74.0760463","SU","1","","","","1","","1","1","1","1","","","","","","","","","1","","1","1","1","1","","","","","1","","","","","1","","","1","","","","","","","","","","","","1","","1","","","","","","","","1","1","1","1","1","","1","1","","","1","1","","","","1","1","","1","1","1","","","","1","","1","","","","","","","1","1","1","","","","","1","1","","","1","","","1","1","1","1","1","","1","","","","","","1","1","1","1","","1","","1","1","1","1","","","","1","","1","1","","1","","1","1","","","1","1","1","1","1","","1","","1","1","1","1","","","1","","","","","","","","1","1","","1","","","","","","1","1","1","1","1","","","","","","","","","","","","","","1","1","1","","","","1","","","","","","","","","","","","","","","","","","","","","","","","",""
"Vertex LLC","Outpatient Clinic/Additional Location","2639 Atlantic Avenue","","Brooklyn","NY","11207","","Kings","718-794-3808","https://www.vertexllc.org","40.6759978","-73.8972259","SU","1","1","","","","","","1","1","1","","","","","","1","","","1","","1","1","1","1","","","","","1","","","","","","","","1","","","","","","","","","","","","1","1","1","","","","","","","","1","1","","1","1","","","1","1","1","1","1","1","","","1","1","1","1","1","1","1","1","1","1","1","1","1","1","1","1","1","1","1","1","1","1","1","1","1","1","1","1","","1","","1","1","1","1","1","1","","1","1","","1","","1","1","1","1","1","1","1","1","1","1","1","1","","1","1","1","1","1","1","1","","1","1","1","1","","1","1","1","1","1","","1","","1","","","","","1","","","1","1","1","","","1","1","1","1","1","","","","","","1","1","","1","1","1","1","","1","","","","1","","","","","","1","","","1","1","","","","","1","","","","","","","","","","","","","","","","","1","","","","",""
"Project Hospitality Inc","The Recovery Program","14 Slosson Terrace","1st Floor","Staten Island","NY","10301","","Richmond","718-273-8409 x210","https://www.projecthospitality.org","40.6392636","-74.076138","SU","1","","","","1","","1","1","1","1","","","","","","1","","","1","","1","1","1","","1","","","","1","","","","","1","","1","1","","","","","","","","","","","","1","","","","","","","","","","1","1","1","1","1","","1","1","1","","1","1","1","","","1","1","1","1","1","1","1","1","1","1","1","1","","","","","","","1","1","","1","","1","1","1","1","","","1","","1","1","1","1","1","","","1","1","","1","1","1","1","1","1","1","","","1","1","1","","1","","1","1","1","","1","1","","","1","1","1","","","1","1","1","1","1","","1","","1","1","1","1","1","","1","1","","1","1","","","1","1","1","1","1","","1","","","","1","1","1","1","1","","","","","","","","1","","","","","","1","","","","","","1","","","","","","","","","","","","","","","","","","","","","","","","","1"
"Vida Nueva","Outpatient Clinic","127 East 105th Street","","New York","NY","10029","","New York","934-300-2552 x1352","https://www.acacianetwork.org","40.7919581","-73.9471644","SU","1","","","","","","","1","1","","","","","","","1","","","1","","1","1","1","1","","","","","1","","","","","1","","1","1","","","","","","","","","","","","1","","","","","","","","","","1","1","","1","1","","","","","","1","","1","","","","1","","1","1","1","","1","","1","1","","","","","","","1","1","1","1","1","1","1","1","1","1","1","1","1","","","1","1","1","1","1","","1","","","1","","1","1","1","1","","1","1","1","1","1","","1","","1","1","1","1","1","1","1","","1","1","","1","","1","1","1","1","1","","1","","1","","","","","","1","","1","1","1","","","1","","1","","1","","","","","","","1","","1","1","","1","","","","","","","","","","","1","1","","","","1","","","","","","","","","","","","","","","","","","","","","","","","","","",""
"Able House RRi","","168 East 107th Street","","New York","NY","10029","","New York","212-348-4660","https://bowencsc.org/","40.792365","-73.9449516","SU","1","","","","","","","","","","","1","","","","1","","","1","","1","1","1","","","1","","1","","","1","","","","","","","","","","","","","","","","","","1","","","","","","","","","","1","1","1","1","","","1","","","","1","","","","","","","","","","","","","","","","","","","","","","","1","1","","","1","1","1","1","1","","","1","","","1","1","1","1","","","","","","","","","1","1","1","","","","","","1","","","","","","1","1","","1","1","","1","","","1","","","","1","1","1","","","","","","","","","","1","","1","1","","","","1","","","1","","","","","","","","1","","1","1","1","","","1","","","","","","","","","","","","","","","1","","","","","","","","","","","","","","","","","","","","","","","","","",""
"Odyssey House Inc","Women and Children Program","13 Hell Gate Circle","","New York","NY","10035","","New York","212-426-6677","https://odysseyhousenyc.org","40.7851779","-73.9278533","SU","1","1","","","1","","","1","1","1","","","","","","1","","","1","","","1","1","","1","","","1","","","1","1","","","","","","","","","","","","","","","","","1","","","","","","","","","","1","1","","1","1","","1","1","","","","1","","","","1","","","1","1","","1","1","1","1","","","","","","","1","","1","1","1","","1","","","1","1","","","1","1","","1","1","1","","","","","","","1","1","1","1","1","1","","1","1","1","1","1","1","","","1","","1","1","1","1","1","1","1","1","1","1","","1","1","1","1","1","1","1","","1","1","","","1","","1","","","1","","","","1","1","","1","","1","1","1","1","1","1","1","","1","","1","","","1","","","","1","","","","","1","1","1","1","","1","","","","","","1","","","","","","","","","","","","","","","","","","","","",""
"Odyssey House Inc","SRR 2/Kate Rothko Center","13 Hell Gate Circle Annex","Wards Island","New York","NY","10035","","New York","646-385-4502","https://www.odysseyhousenyc.org","40.7851779","-73.9278533","SU","1","1","","","1","","","1","1","1","","","","","","1","","","1","","","1","1","","1","","","1","","","1","1","","","","","","","","","","","","","","","","","1","","","","","","","","","","","1","","1","","","1","1","","","","1","1","","1","1","1","","","","1","1","1","1","1","1","1","","","1","","","","1","1","","","1","","","1","1","","","1","","","1","1","","1","","","1","1","","1","1","1","1","1","1","1","1","1","1","1","1","1","","","1","","1","1","1","1","1","1","1","1","1","1","","1","1","1","1","1","1","1","","1","1","","","1","","1","","","1","","","1","","","","","","1","1","1","1","1","1","1","1","1","","1","","","1","1","1","","1","","","","","1","1","1","1","","1","","","","","","","","","","","","","","","","","","","","","","","","","","",""
"Odyssey Wards Island SRR 1","George Rosenfeld Center for Recovery","13 Hell Gate Circle","","New York","NY","10035","","New York","212-426-6684","https://www.odysseyhousenyc.org","40.7851779","-73.9278533","SU","1","1","","","1","","","1","1","1","","","","","","1","","","1","","","1","1","","1","","","1","1","","1","1","","","","","1","","","","","","","","","","","","1","","","","","","","","","","","1","1","1","1","","1","1","","","","1","1","","","1","1","","","","1","1","1","1","1","","","","","1","","","","1","1","1","","1","","","1","1","","","1","","","","1","1","1","","","","","","1","1","1","1","1","1","","1","1","1","1","1","1","","","1","","1","1","1","","1","1","1","1","1","1","","1","1","1","1","1","1","1","","1","1","","","1","","1","","","1","","","","1","","","1","","1","1","1","","1","1","1","","1","","1","","1","1","","","","1","","","","","1","1","1","1","","1","","","","","","1","","","","","","","","","","","","","","","","","","","","",""
"Hands on Health Associates LLC","Outpatient Clinic","249 Pennsylvania Avenue","","Brooklyn","NY","11207","3436","Kings","347-547-3626","https://www.handsonny.com/","40.6715273","-73.8953348","SU","1","","","","1","","1","1","1","1","","","","","","1","","","1","","1","1","1","1","","","","","1","","","","","1","","1","1","","","","","","","","","","","","1","1","","","","","","","","","1","1","1","1","1","","","1","","","1","1","","","","1","1","","","1","1","","","","","","1","","","","","","1","1","1","1","1","","1","1","1","1","","","1","","","1","1","1","1","1","","1","1","","1","","1","1","1","1","1","1","","1","1","1","1","1","","1","1","1","","1","1","1","1","1","1","1","1","","1","1","1","1","1","","1","","1","1","1","1","1","1","","1","1","","","","","1","1","","","","1","","","1","1","","1","","1","","1","","","1","","","","1","","","","","","","1","1","1","1","","","","","1","","","","","","","","1","","","","","","","","","1","","","","",""
"Catholic Charities Neighborhood Servs","Flatbush Recovery and Wellness","1623 Flatbush Avenue","Lower Level","Brooklyn","NY","11210","3262","Kings","718-951-9009","https://www.ccbq.org/","40.6311073","-73.9450749","SU","1","","","","1","","1","1","1","1","","","","","","1","","","1","","1","1","1","1","","","","","1","","","","","1","","","1","","","","","","","","","","","","1","1","","","","1","","","","","1","1","1","1","1","","1","","","","1","1","","","","1","","","","","","","1","","1","","1","","","","","","1","1","1","1","1","","1","","1","1","","","1","","1","1","1","1","1","1","","1","1","","1","","1","1","1","1","1","1","","","1","1","","1","","1","1","1","","1","1","","","1","1","","1","","1","1","1","1","1","","1","","1","1","1","1","1","","1","1","1","1","1","","","1","1","1","1","1","","","","","","","1","","1","","1","","","","","","","1","","","","","1","","","","","1","","","","","1","1","","","","","","","","","","1","","","","","","1","","","","","1"
"Saint Martin De Porres OTP","Alabama Clinic","480 Alabama Avenue","1st and 2nd Floors","Brooklyn","NY","11207","","Kings","718-485-3400 x103","https://www.saintjosephs.org","40.6641813","-73.897073","SU","1","","1","","1","","","1","","","1","","","","","","","1","1","","1","1","1","1","","","","","1","","","","","1","","","1","","","","1","","","","","","","","1","","1","1","1","","1","","","","1","1","1","","","","1","1","","","1","","","","","","","","","1","1","1","","","","","","","","","","","","1","1","","","","1","1","1","","","","1","","","1","1","1","1","","","1","","","","","","1","1","1","","","1","1","1","1","","1","","","1","1","1","1","1","","1","1","1","1","1","","1","","1","1","1","","","1","1","","","","","","1","","","","","1","","","","","","","","","","","","","1","","1","","","","","","1","1","","","","","1","","","1","1","1","","1","","","1","","","","","","","","","","","","","","","","","","","","","","","",""
"Elmhurst Hospital Center","Opiate Dependency Treatment Services","79-01 Broadway","Annex O, 2nd Floor, Elmhurst Hospital","Elmhurst","NY","11373","","Queens","718-334-3190","https://www.nychealthandhospitals.org/locations/elmhurst/","40.7450814","-73.8857797","SU","1","","1","","1","","1","1","1","1","1","","","","","","","1","1","","1","1","1","1","","","","","1","","","","","1","","","1","","","","1","","","","","","1","","1","","1","1","1","","","","","","1","1","1","1","1","","1","1","1","1","1","","","","","","","","","","","","","","","","1","","","","","","1","1","1","1","1","1","1","1","1","1","","","1","","","1","1","1","1","","","1","1","","1","","1","1","1","1","1","1","1","1","1","1","1","1","","1","1","1","1","1","1","1","1","1","1","1","1","","1","1","1","1","1","1","1","1","1","1","","1","","","","1","","","","","","","1","","","","1","1","1","1","1","","1","1","1","1","","","","1","1","1","","1","1","","1","1","","1","1","1","1","1","","","1","","","1","","","","","","","","","","","","","","","","","","","","",""
"Elmhurst Hospital Center","Alcoholism Outpatient Clinic","79-01 Broadway","H Building, Room H3-117","Elmhurst","NY","11373","","Queens","718-334-4601","https://www.nychealthandhospitals.org/locations/elmhurst","40.7450814","-73.8857797","SU","1","1","","","1","","1","1","1","1","","","","","","","","","1","","1","1","1","1","","","","","1","","","","1","1","","","1","","","","1","","","","","","1","","1","","1","1","1","","","","","","1","1","1","1","1","","1","1","1","1","1","","","","","1","","","","","","","","","","","1","1","","","","","1","1","1","1","1","1","1","1","1","1","","","1","","","1","1","1","1","1","","1","1","","1","","1","1","1","1","1","1","1","1","1","1","1","1","","1","1","1","1","1","1","1","1","1","1","1","1","","1","1","1","1","1","1","1","","1","1","1","1","1","","","1","","","","","","","1","","","","1","1","1","1","1","","1","1","1","1","","","1","1","1","1","","1","1","","1","","","1","1","1","1","1","","","","","","1","","","","","","","","","","","","","","","","","","","","",""
"CARES","Other Licensed Practitioners","1111 Amsterdam Avenue","7th Floor, Mount Sinai Morningside","New York","NY","10025","","New York","212-523-7233","https://www.childandfamilyinstituteny.org","40.8054067","-73.9613307","SU","1","","","","","","","1","","","","","","","","","","","1","","1","1","1","1","","","","","1","","","","","","","","1","","","","1","","","","","","","","1","1","1","","1","","","","","","","1","","1","1","","","","","1","1","1","","","","","","1","","","","","1","1","1","1","","","","","","","","1","1","1","","","1","1","1","1","","","1","","1","1","","1","1","","","1","","","1","","1","1","1","1","","","","","","1","","1","","1","1","1","1","1","1","1","","1","","","1","","","1","1","1","1","","1","","1","1","1","","","","1","","","","","","1","","","","","","","","","","","","","","1","","","1","","1","","","","1","","","","1","","","","","","1","","","","","","","","","","","","","","","","","","","","","","","","","","",""
"Greenhope Services for Women Inc","Stabil Rehab Reintegration","435-439 East 119th Street","Basement, 1st-8th Floors","New York","NY","10035","3627","New York","212-360-4002","https://acacianetwork.org/greenhope/","40.7974756","-73.9326005","SU","1","","","","","","","","","","","","","","","1","","","1","","1","1","1","1","","","","1","","","1","","","","","","","","","","","","","","","","","","1","","","","","","","","","","","1","","1","1","","","","","","","1","","","","1","","","1","1","","","1","1","1","1","","","","","","","","1","1","1","","1","1","1","1","1","1","","1","1","","1","1","1","","","","1","","","1","1","1","1","1","1","","1","","1","1","","","1","","1","1","1","1","1","1","1","","1","1","","1","","1","1","1","1","1","","","","","","","","","","1","","","1","1","","","1","","1","1","1","","","","","","","1","","1","1","","","","","","","","1","","","","","1","1","","","","1","","","","","","","","","","","","","","","","","","","","","","","","","","",""
"Staten Island University Hospital","Methadone Clinic","111 Water Street","","Staten Island","NY","10304","","Richmond","718-226-4990","https://www.northwell.edu","40.6272171","-74.077813","SU","1","","1","","","","","","","","1","","","","","","","1","","","1","1","1","","1","","","","1","","","","","1","","","","","","","1","","","","","","","","1","1","1","1","1","","","","","","1","1","1","1","1","1","","1","","1","1","1","1","","1","","1","","1","1","1","1","1","1","1","1","","","","","","","","1","1","1","","","","1","1","","","","1","","","1","1","1","1","","","1","","","","","","1","1","1","","","1","","1","1","1","1","","1","","1","","","1","1","1","1","1","1","1","","","","1","1","1","","","1","","","","","","","1","","","","","1","","","","","","","","","","","","","1","1","1","1","","","","","","","","","","","1","1","","1","1","1","","","","1","1","","1","1","1","","","","","","","","","","","","","","","","1","","","",""
"Odyssey Manor IR 2","Adult Program","219 East 121st Street","","New York","NY","10035","","New York","212-987-5120","https://Odysseyhousenyc.org","40.8009521","-73.9364523","SU","1","","","","1","","","1","1","1","","","","","","1","","","1","","","1","1","1","","","","1","","","1","","","","","","","","","","","","","","","","","","1","","","","","","","","","","1","1","1","1","1","","1","1","","","","1","1","","","1","1","","","","1","1","1","1","1","1","","","","","","","","1","1","","","","1","","1","1","","","1","","","1","1","","1","","","","","","1","","1","1","1","1","","","","1","","","1","","","1","1","1","1","1","1","1","1","","","1","1","","1","","1","1","1","","1","","1","","","","","","1","","","1","","","","1","","","1","","","","","","","","1","","1","","1","","","1","1","1","","1","","","","","1","1","1","1","","1","","","","","","","","","","","","","","","","","","","","","","","","","","",""
"Staten Island University Hospital","Outpt Methadone Treatment Program","567 East 105th Street","","Brooklyn","NY","11236","","Kings","718-226-4930 x4944","https://www.northwell.edu","40.6510806","-73.8979301","SU","1","","1","","","","","","","","1","","","","","","","1","1","","1","1","1","1","","","","","1","","","","","1","","","1","","","","1","","","","","","","","1","","","","1","","","","","","1","1","1","1","1","","","1","","","1","1","","","","","","","","1","1","","1","","","","","","","","","","","1","1","1","","1","1","","1","1","","","1","","","1","1","1","1","","","1","","","","","1","1","1","1","","1","1","1","1","1","1","1","","1","1","1","1","1","1","1","1","1","1","1","1","","1","","1","1","1","","","1","","","","","","","1","","","","","1","","","","","","","","","","","","1","1","1","1","1","1","","","1","","","","","","","1","1","","1","1","1","","1","","","1","","1","","","","","","","","","","","","","","","","","1","","","","",""
"Harlem East Life Plan","Methadone Clinic","2369 2nd Avenue","1st and 2nd Floors","New York","NY","10035","","New York","212-876-2300 x151","https://www.harlemeastlifeplan.com","40.8006702","-73.9354999","SU","1","","1","","","","","","","","1","","","","","","","1","1","","1","1","1","1","","","","","1","","","","","1","","","1","","","","","","","","","","","","1","","1","","","1","","","","","1","1","1","","1","","","","","","1","1","1","1","","","1","","1","1","1","1","1","1","1","1","","","","","","","","1","1","","","","1","1","1","","","","1","","","1","1","1","1","","","1","","","","","","1","","1","","","","","1","1","","1","","","","1","","1","1","","1","1","1","1","","","","","1","1","1","","","1","","","","","","1","","","","","","1","","","","","","","","","","","","","1","1","1","1","","","","","","","","","","","1","1","","1","1","1","","1","","","1","","1","1","","","","","","","","","","","","","","","","1","","","","",""
"Harlem East Life Plan (HELP)","Outpatient Clinic","2369 2nd Avenue","1st Floor","New York","NY","10035","","New York","212-876-2300 x119","https://www.harlemeastlifeplan.com","40.8006774","-73.9354993","SU","1","1","","","1","","","1","1","1","","","","","","","","","1","","1","1","1","1","","","","","1","","","","1","1","","","1","","","","","","","","","","","","1","","1","","","1","","","","","1","1","1","","1","","","","","","1","1","1","","","1","1","","1","1","1","1","1","1","1","","1","1","1","","","1","","1","1","1","1","","1","1","1","1","","","1","","","1","1","1","1","1","","1","1","","1","","1","1","1","1","1","1","1","","1","1","1","1","","","1","1","","1","1","1","1","1","1","1","1","","","1","1","1","1","","1","","1","1","1","1","","1","","","","","","","","","1","1","1","1","","","","","","1","1","1","1","1","","1","1","","","","","","","","1","1","","1","1","1","","1","","","","","1","1","","","","","","","","","","","","","","","","1","","","","",""
"CTI Harlem","Outpatient Clinic","177 East 122nd Street","2nd Floor","New York","NY","10035","","New York","212-360-7116","https://sus.org","40.8020536","-73.9374976","SU","1","1","","","1","1","1","1","1","1","","","","","","1","","","1","","1","1","1","1","","","","","1","","","","1","1","","1","1","","","","","","","","","","","","1","1","1","","","1","","","","","1","1","1","1","1","","1","","","","1","1","1","1","1","1","1","1","1","1","1","1","1","1","1","1","1","1","1","","","1","","1","1","1","1","1","1","1","1","1","","","1","","1","1","1","1","1","1","","1","1","","1","","1","1","1","1","1","1","1","1","1","1","1","1","","1","1","1","1","1","1","1","1","1","1","1","1","","1","1","1","1","1","","1","","1","1","1","1","1","","1","1","","1","1","","","1","1","1","1","1","","","","","","1","1","","1","1","","1","1","1","","","","1","","","","","1","","","1","1","1","","","","","","1","","","","","","","","","","","","","","","","","","","","","1"
"Wellness Center","Exodus Transitional Comm Inc OP","2271 3rd Avenue","","New York","NY","10035","2209","New York","917-492-0990 x118","https://www.etcny.org","40.8025805","-73.9361888","SU","1","","","","1","","1","1","1","1","","","","","","1","","","1","","1","1","1","1","","","","","1","","","","","1","","","1","","","","","","","","","","","","1","","","","","","","","","","1","1","1","1","1","","1","","","","1","","","","","","","","","","","1","","","","","1","","","","","","","1","1","1","1","","1","1","1","1","1","","1","","","1","1","1","1","","","1","1","","","","","1","1","1","1","","","1","1","1","","1","","","1","1","1","1","1","1","","1","1","","1","","1","1","1","1","1","","1","","1","","1","1","1","","1","","","","1","","","1","1","1","","1","","","","","","","1","1","1","1","1","1","","1","","","","","","","","","1","","","","","1","","","","","","","","","","","","","","","","","","","","","","","","","","",""
"VA NY Harbor Healthcare System","Brooklyn Campus","800 Poly Place","","Brooklyn","NY","11209","","Kings","718-836-6600","https://","40.608792","-74.0242803","SU","1","1","","","1","","1","1","1","1","","","","1","","1","","","","","1","1","1","1","","","","1","1","1","","1","","1","1","1","1","","","","1","","1","","","","","","","","","","1","","","","","","1","","","","1","1","1","","","","","1","1","","","","","","","1","1","","1","1","1","","1","1","","","","1","","1","1","","","1","1","1","1","1","","","1","","","1","1","1","1","","","1","1","1","1","","1","1","1","1","1","1","1","1","1","1","1","1","","1","1","1","1","1","1","1","1","1","1","1","1","","1","1","1","1","1","","1","","1","","1","1","1","","","1","1","","","","","","1","","","","1","1","1","","1","","1","1","1","1","","1","1","","1","1","","1","1","1","","","","1","1","1","","1","","","","","","","","","","","","","","","","","","","","","","","","","","",""
"START Treatment and Recovery Centers","Kaleidoscope OTP","119-121 West 124th Street","2nd and 3rd Floors","New York","NY","10027","4920","New York","212-932-2810 x7252","https://www.startny.org","40.807685","-73.946794","SU","1","","","","","","","1","","","1","","","","","","","1","1","","1","1","1","1","","","","","1","","","","","1","","","1","","","","","","","","","","","","1","","1","","","1","","","","","1","1","1","","","","1","1","","1","1","","","","","","","","","","","","","","","","","","","","","","","1","1","1","1","","1","1","1","1","","","1","","","1","1","1","1","","","","","","","","1","1","1","1","","","1","1","1","1","1","","","1","1","1","","1","1","1","1","1","1","1","1","","1","","1","1","1","","","1","1","1","1","","","","1","","","","","","1","","","","","","1","1","1","","1","","1","1","1","","","","","1","1","1","","1","","","1","1","","1","1","1","1","1","","","1","","","1","","","","","","","","","","","","","","","","","","","","",""
"Dynamic Youth Community Inc","RRi","1830 Coney Island Avenue","","Brooklyn","NY","11230","","Kings","718-376-7923","https://www.dycinc.org","40.6128098","-73.9632613","SU","1","1","","","1","","1","1","1","1","","","","","","1","","","1","","1","1","1","1","","","","1","","","1","","","","","","","","","","","","","","","","","","1","","","","","","","","","","1","1","","1","1","","1","1","1","","1","","","","","","","1","","","","","","","","1","1","","","","","","1","1","1","1","","","","1","1","1","","","1","","1","1","1","1","1","","","1","","","","","","1","1","1","1","","1","1","1","1","1","1","","1","1","1","","1","1","1","1","1","1","1","1","","","1","1","1","1","","1","","1","1","","","1","","1","","","1","","","","1","1","","1","","1","1","1","1","1","","","","1","1","","1","","1","1","1","","1","1","","","","","1","1","1","1","1","","","","","1","1","","","","","","","","","","","","","","","","1","","","","",""
"Dynamic Youth Community Inc","Outpatient Clinic","1830 Coney Island Avenue","","Brooklyn","NY","11230","","Kings","718-376-7923","https://www.dycinc.org","40.6127954","-73.9632845","SU","1","1","","","1","","1","1","1","1","","","","","","1","","","1","","1","1","1","1","","","","","1","","","","","1","1","1","1","","","","","","","","","","","","1","","","","","","","","","","1","1","","1","1","","1","1","1","","1","","","","","","","1","","1","1","","","","","1","1","","","","","","1","1","1","1","","","1","1","1","1","","","1","","1","1","1","1","1","","","1","","","","","","1","1","1","1","","1","1","1","1","","1","","1","1","1","","1","1","1","","1","1","","1","","","1","1","1","1","","1","","1","1","","","1","","1","","","1","","","","1","","","1","","1","1","1","1","1","","","","1","1","1","1","","1","1","1","","1","1","","","","","1","","","1","1","","","","","1","1","","","","","","","","","","","","","","","","1","","","","",""
"Samaritan Daytop Village/Harlem","Outpatient Clinic 1","2090 Adam Clayton Powell Jr Boulevard","7th Floor","New York","NY","10027","","New York","212-864-4128 x3925","https://www.samaritanvillage.org","40.8087662","-73.948876","SU","1","","","","1","","","1","1","1","","","","","","1","","","1","","1","1","1","","1","","","","1","","","","","1","","1","1","","","","","","","","","","","","1","","","","","","","","","","1","1","1","1","1","1","1","1","1","","1","1","1","1","1","1","1","1","1","1","1","1","1","1","1","1","1","","","","","","1","1","1","1","1","","1","1","1","1","1","","1","","1","1","1","1","1","1","","1","","","1","1","1","1","1","1","","1","1","1","1","1","1","1","","1","1","1","1","1","1","1","1","1","1","1","1","","1","1","1","1","1","","1","","1","1","1","1","1","","1","1","1","1","1","","","1","","1","","1","1","","","1","1","1","1","1","1","1","1","1","","1","","","","1","","","1","","1","1","1","1","1","","","1","","","1","","","1","","1","","","","1","","","","","","","","","","","","","1"
"Harlem No 2","Methadone Clinic","103 East 125th Street","4th Floor","New York","NY","10035","","New York","212-774-3200 x3203","https://www.mountsinai.org","40.8050869","-73.9387069","SU","1","","1","","1","","","1","","","1","","","","","1","","1","1","","1","1","1","1","","","","","1","","","","","1","","","1","","","","1","","","","","","","","1","","1","1","1","","","","","","1","1","1","1","1","","1","","","1","1","1","1","1","1","","1","","1","1","1","1","1","1","1","1","","","","","","","","1","1","","","","1","","1","1","","","1","","","1","1","1","1","","","1","","","","","","1","1","1","","1","","1","1","1","1","","","1","1","1","","1","1","1","","1","1","1","1","","1","1","1","1","1","","","1","1","1","1","","","","1","","1","","","1","","","","","","","","","1","","","1","1","1","1","1","","1","","1","1","1","","","","","1","1","","1","1","1","","1","","","1","","1","1","1","","","","","","","","","","","","","","","","","","","",""
"Bailey House Inc/Housing Works","Outpatient Clinic","145 East 125th Street","4th Floor","New York","NY","10035","","New York","718-277-0386","https://healthcare.housingworks.org","40.8043939","-73.9370773","SU","1","","","","","","1","1","1","1","","","","","","1","","","1","","1","1","1","1","","","","","1","","","","","1","","","1","","","","","","","","","","","","","1","","","","","","","","","1","1","1","1","1","","1","1","1","1","","1","","","","","","","","","","","","","","","1","","","","","","","1","1","1","1","","1","","1","1","","","1","","","1","1","1","1","","","","1","","","","1","1","1","1","1","","","","1","","1","","","1","","1","","1","1","1","1","","","1","1","","","1","","1","1","","1","","1","1","1","1","1","","1","1","1","1","1","","","1","1","1","1","1","1","1","1","","1","","","1","1","","","","","","1","1","","1","1","","","","","1","1","1","","1","","","","","","","","","","","","","","","","","","","","","","","","","","",""
"Harlem No 6/7","Methadone Clinic","103 East 125th Street","2nd Floor","New York","NY","10035","","New York","212-774-3307","https://recovered.org/rehabs/harlem-no-6-7-otp-new-york-ny","40.8050967","-73.9386074","SU","1","","1","","1","","","1","","","1","","","","","1","","1","1","","1","1","1","1","","","","","1","","","","","1","","","1","","","","1","","","","","","","","1","","1","1","1","","","","","","1","1","1","1","1","","1","","","1","1","1","1","1","1","","1","","1","1","1","1","1","1","1","1","","","","","","","","1","1","","","","1","","1","1","","","1","","","1","1","1","1","","","1","","","","","","1","1","1","","1","","1","1","1","1","","","1","1","1","","1","1","1","","1","1","1","1","","1","1","1","1","1","","","1","1","1","1","","","","1","","1","","","1","","","","","","","","","1","","","1","1","1","1","1","","1","","1","1","1","","","","","1","1","","1","1","1","","1","","","1","","1","1","1","","","","","","","","","","","","","","","","","","","",""
"Clinic 1","Methadone Clinic","103 East 125th Street","8th Floor","New York","NY","10035","","New York","212-774-3230","https://","40.8050967","-73.9386074","SU","1","","1","","1","","","1","","","1","","","","","1","","1","1","","1","1","1","1","","","","","1","","","","","1","","","1","","","","1","","","","","","","","1","","1","1","1","","","","","","1","1","1","1","1","","1","","","1","1","1","1","1","1","","1","","1","1","1","1","1","1","1","1","","","","","","","","1","1","","","","1","","1","1","","","1","","","1","1","1","1","","","1","","","","","","1","1","1","","1","","1","1","1","1","","","1","1","1","","1","1","1","","1","1","1","1","","1","1","1","1","1","","","1","1","1","1","","","","1","","1","","","1","","","","","","","","","1","","","1","1","1","1","1","","1","","1","1","1","","","","","1","1","","1","1","1","","1","","","1","","1","1","1","","","","","","","","","","","","","","","","","","","",""
"Long Island Consultation Center Inc","","91-31 Queens Boulevard","2nd Floor, Suite 222","Elmhurst","NY","11373","","Queens","718-896-3400 x117","https://www.liccnewyorkcity.com","40.7336569","-73.8693423","SU","1","","","","1","","","1","1","1","","","","","","1","","","1","","1","1","1","1","","","","","1","","","","","1","","","1","","","","","","","","","","","","1","1","","","","","","","","","1","1","1","1","1","","","1","","1","1","1","1","","","1","1","1","1","1","1","","1","1","1","1","1","","","","","","1","1","1","1","1","","1","1","1","1","1","","1","","1","1","1","1","1","","","1","1","","","","1","1","1","1","1","1","","","1","1","","1","","1","1","1","","1","1","1","","1","1","","","","1","1","1","1","1","","1","","1","","1","1","1","1","","1","","","1","","","","1","","1","","1","","","","1","1","1","","1","1","","","","","","","","1","","","1","1","","","","","","1","","","","","1","","","1","","1","","","1","1","","","","","","","","1","1","","","",""
"Housing Works Community Healthcare","","2640 Pitkin Avenue","Lower Level","Brooklyn","NY","11208","2763","Kings","718-277-0386","https://healthcare.housingworks.org","40.6747831","-73.8748472","SU","1","","","","1","","1","1","1","1","","","","","","1","","","1","","1","1","1","1","","","","","1","","","","","1","","","1","","","","","","","","","","","","1","1","1","","","","","","","","1","1","1","1","1","","","1","1","1","","1","","","","1","","","","","","","","","","","1","","","","","","","1","1","1","1","","1","","1","1","1","","1","","","1","1","1","1","1","","1","1","","","","1","1","1","1","1","","1","","1","1","1","1","","1","1","1","","1","1","1","1","1","1","1","1","","","1","1","1","1","","1","","1","1","1","1","1","","1","1","1","1","1","","","1","1","1","1","1","","1","1","","","","1","","1","1","","","","","1","1","","1","1","","","","","1","1","1","","1","","","","","1","","","1","","","","","","","","","","","","","","","","","","",""
"Mary S Taylor Homeless Outreach","Residential Reintegration","2015 Madison Avenue","","New York","NY","10035","","New York","212-690-4625","https://www.arguscommunity.org","40.8077246","-73.9388753","SU","1","","","","","","1","1","1","","","","","","","1","","","1","","","1","1","","1","","","1","","","1","","","","","","","","","","","","","","","","","","1","","","","","","","","","","1","1","","1","1","","1","","","","1","1","1","","1","1","1","","","","1","1","1","1","1","","1","","","","","","","1","1","1","1","","1","1","1","1","","","1","","","1","1","","1","","","","","","1","","","1","1","1","","","1","1","1","1","1","","","","","1","1","1","1","1","1","","1","1","1","","1","1","1","1","1","","1","","1","1","","","","","1","","1","1","1","","","1","","1","1","1","","","","","","1","1","","1","1","1","","","1","","","","","","","","","","1","1","1","","1","","","","","","","","","","","","","","","","","","","","","","","","","","",""
"QSA Services Inc","DBA of Queens/The PAC Program OP","40-06 Warren Street","","Elmhurst","NY","11373","","Queens","718-729-8008","https://www.thepacprogram.com","40.74877","-73.870517","SU","1","","","","1","","","1","1","1","","","","","","","","","1","","1","1","","1","","","","","1","","","","","1","","1","1","","","","","","","","","","","","1","","","","1","1","","","","","1","1","","","1","","","1","","","1","1","","","","1","","1","","1","1","","1","","1","1","","","","","","","","1","1","","","","1","","1","1","","","1","","1","1","1","1","1","1","","1","1","","1","","1","1","1","1","1","1","","","","1","","","","1","1","1","","","1","","","1","","","1","","1","","1","1","","1","1","","1","1","1","1","1","1","","","","","","","","1","1","","","","1","","","","1","","1","","1","1","","","","1","","","","1","","","1","","","1","","","","1","","","","","","","","","","","","","","","","","","","","","","","","","","",""
"Jewish Board/Family/Child Srvcs","Brighter Pathways Brooklyn","1007 Quentin Road","","Brooklyn","NY","11223","","Kings","718-998-3235 x3","https://www.jewishboard.org","40.6080256","-73.962686","SU","1","","","","1","","1","1","1","1","","","","","","1","","","1","","1","1","1","1","","","","","1","","","","","1","","","1","","","","","","","","","","","","1","","","","","1","","","","","1","1","1","1","1","1","1","","","1","","1","","","","","","1","","","","","1","","1","","1","","","","","","1","1","1","1","1","","1","","1","1","","","1","","1","1","1","1","1","1","","1","1","","","","1","1","1","1","","","","","","","","","","","1","1","","","1","","","1","","","","","","1","1","1","1","1","1","","1","1","1","1","","","1","1","1","1","1","","","1","1","1","1","1","1","","","","1","","","","1","","","","","","","","","1","","","","","","","","","","1","","","","","","1","","","","","","","","","","","","","","","","","","","","",""
"Alpha School 822 Program","Sun River Outpatient","2400 Linden Boulevard","","Brooklyn","NY","11208","4830","Kings","844-400-1975","https://www.sunriver.org","40.6650904","-73.8743419","SU","1","","","","1","","1","1","1","1","","","","","","1","","","1","","1","1","1","1","","","","","1","","","","","1","","","1","","","","","","","","","","","","1","","","","","","","","","","1","1","1","1","1","1","1","","","","1","1","","","","1","1","","","1","1","","","","1","1","1","","","","","","1","1","1","1","","1","1","","1","1","","","1","","","1","1","1","1","1","","1","","","1","","","1","1","1","1","1","","1","1","1","1","1","","1","1","1","","1","1","1","","1","1","1","1","","1","1","1","1","1","","1","","1","1","1","1","","","1","","1","1","","","","","1","1","1","1","","","","","","1","1","","1","","","","","","","","","","","","","","","1","","","1","1","","","","","1","","","1","","","","","","","","","","","","","","","","","","",""
"Start Care","Clinic 23/Third Horizon Clinic","2191 3rd Avenue","","New York","NY","10035","","New York","212-348-5650","https://www.startcare.org","40.8084784","-73.9315131","SU","1","","1","","1","","","1","","","1","","","","","","","1","1","","1","1","1","1","","","","","1","","","","","1","","","1","","","","","","","","","","","","","","","","","1","","","","","1","1","1","","1","","1","1","","","1","","","","","","","","","","","","","","","","","","","","","","","1","1","1","","","1","","1","1","","","1","","","1","1","1","1","","","","","","","","","","1","1","","","","1","1","1","1","1","","1","1","1","","1","1","","1","1","1","1","","","","","1","1","1","","","1","1","","1","","","","1","","","","","1","","","","","","","","","1","","","","1","1","1","","","1","","1","","","","","","","1","1","","1","1","1","","1","","","1","","","","","","","","","","","","","","","","","","","","","","","",""
"Forge Health of Queens","","95-20 63rd Road","Suite K","Rego Park","NY","11374","","Queens","718-814-7600","https://forgehealth.com/location-offices/queens/","40.7305487","-73.8613341","SU","1","","","","1","","1","1","1","1","","","1","","","1","","","1","","1","1","1","1","","","","","1","","","","","1","","1","1","","","","","","","","","","","","1","","","","","","","","","","1","","","","1","","","1","","","","1","1","1","1","","","","","1","1","","","","","","","","","","","","1","1","1","1","1","","","","1","","","","1","","","1","1","1","1","","","1","1","","1","","","1","1","1","","","","","","","","","","1","1","1","1","1","1","","","","","","","","1","","1","1","1","","1","","1","","1","1","1","1","","","","1","","","1","","1","1","1","1","","","","","","","1","","1","","","","","","","","","","","","","","","","","","1","1","","","","","","1","","","","","","","","","","","","","","","","","","","","",""
"Full Circle Wellness","Outpatient Clinic","323 Oakland Avenue","","Staten Island","NY","10310","","Richmond","718-524-4045","https://www.fullcirclewellnes.com","40.6344963","-74.1108444","SU","1","","","","1","","1","1","1","1","","","","","","1","","","1","","1","1","1","","1","","","","1","","","","","1","","","1","","","","","","","","","","","","1","","","","","","","","","","1","1","","","","","","1","","","1","1","","","","1","","1","1","1","1","","1","","1","1","1","","","","","","1","1","1","","","","1","","1","1","1","","1","","1","1","1","1","1","1","","1","","","","","1","1","1","1","","1","","","","","","","","","1","1","","1","1","1","","1","","","1","","","1","1","1","1","","1","","1","1","1","1","1","1","","1","","1","1","","","1","1","1","1","1","","","","","","","","","1","","","","","","","","","1","","","","","","","","","","","","1","","","1","","","1","","","","","","","","","","","","","","1","","","","",""
"Elev8 Center New York LLC","Inpatient Rehabilitation","151 West 136th Street","","New York","NY","10030","2606","New York","833-353-8863","https://www.elev8centers.com","40.8157863","-73.9420211","SU","1","1","","","","","","1","1","1","1","","","","","1","","1","1","","1","1","1","","1","","","1","","1","","1","","","","","","","","","","","","","","","","","1","","1","","1","","","","","","1","1","","","1","","","","","1","1","1","","","","1","","","","","1","1","1","","1","1","","1","1","1","1","1","1","1","1","1","1","1","1","","1","1","","","1","","","1","1","","1","","","1","","","1","","1","1","1","1","","","","1","1","1","","1","","1","1","1","1","1","1","1","1","1","1","1","1","","1","1","1","1","1","","1","1","1","","1","1","1","1","","","","1","1","","","1","1","","1","","1","","","","1","","1","","1","1","1","","1","","1","1","","1","","","1","1","","","1","1","","1","","","","","","","","","","","","","","","","","","","","","","","","","","",""
"Elev8 Center New York LLC","Med Sup Withdrawal Inpatient","151 West 136th Street","","New York","NY","10030","","New York","917-733-6464","https://www.elev8centers.com","40.8157863","-73.9420211","SU","1","1","","","","","","1","1","1","1","","","","","1","","1","1","","1","1","","","1","","","1","","1","","1","","","","","","","","","","","","","","","","","1","","1","","1","","","","","","1","1","","1","1","1","","","","1","1","1","","","","","","","","","1","1","1","","1","1","1","1","1","1","1","1","1","1","1","","","1","1","","1","1","","","1","","","1","1","","1","","","","","","1","","1","1","1","1","","","","","1","1","1","","","1","1","1","1","1","1","","1","1","1","1","1","","","1","1","1","1","","1","1","1","1","1","1","1","1","","","1","1","1","","","1","1","1","1","1","1","","","1","1","1","1","","1","","1","","1","","1","1","","1","","","1","1","","","1","1","","1","","","","","","","","","","","","","","","","","","","","","","","","","","",""
"Rego Park Counseling LLC","Mental Health Center","63-36 99th Street","","Rego Park","NY","11374","","Queens","718-459-2558","https://www.regoparkcounseling.com","40.7318157","-73.8572769","SU","1","","","","1","","1","1","1","1","","","","","","1","","","1","","1","1","1","1","","","","","1","","","","","1","","","1","","","","","","","","","","","","1","1","","","","","","","","","1","1","1","1","1","","","","","","1","1","","","","1","1","1","","","1","","1","","","","1","","","","","","","1","1","1","1","","1","","1","1","","","1","","1","1","1","1","1","1","","1","1","","1","","1","1","1","1","1","","","1","1","1","","1","","1","1","1","1","1","1","1","","1","1","1","1","","1","1","1","1","1","1","1","","1","1","1","1","1","1","","","1","1","1","","","1","1","1","1","1","","","","","","1","1","","1","1","1","1","","1","","","","1","","","","","","","","","1","1","","","","","1","","","","","","","","1","","","","","","","","","1","","","","",""
"Rego Park Counseling LLC","Outpatient Clinic","63-36 99th Street","1st Floor","Rego Park","NY","11374","1979","Queens","718-459-2558","https://regoparkcounseling.com","40.7318157","-73.8572769","SU","1","","","","1","","1","1","1","1","","","","","","1","","","1","","1","1","1","1","","","","","1","","","","","1","","1","1","","","","","","","","","","","","1","1","","","1","","","","","","1","1","1","1","1","","","","1","","1","1","","","","1","1","","1","1","1","1","1","1","1","1","1","","","","","","","1","1","1","1","","1","1","1","1","","","1","","1","1","","1","1","1","","1","1","","1","","1","1","1","1","1","1","","","1","1","","1","","1","1","1","1","1","1","1","1","1","1","","1","","1","1","1","1","1","","1","","1","1","1","1","1","1","","","1","1","1","","","1","1","","1","","","","","","","1","1","","1","1","","","","","","","","1","","","","","","1","","","1","1","","","","","1","1","","","","","","","","","","","","","","1","","1","","","","",""
"Montefiore Medical Center","Wellness Center at Port Morris OTP","804 East 138th Street","","Bronx","NY","10454","","Bronx","718-665-7500","https://www.montefiore.org","40.8033454","-73.9105605","SU","1","","1","","1","","1","1","1","","1","","","","","","","1","1","","1","1","","1","","","","","1","","","","","1","","","1","","","","1","","","","","","","","1","","1","1","1","","","","","","1","1","1","","","","1","1","","1","1","1","","","","","","","","","","","","","","","1","","","","","","","1","1","","","","","1","1","","","","1","","","1","1","1","1","","","1","","","","","","1","1","1","","","1","1","1","1","1","","","1","1","1","1","1","1","1","1","1","1","1","","","","1","1","1","1","","1","1","1","","1","1","","1","","1","","","","1","","","","","","","1","1","1","","1","","1","1","1","","","","","1","1","1","","1","1","","","1","","1","1","1","","1","","","1","","","1","","","","","","","","","","","","","","","","","","","","",""
"Samaritan Daytop Village Inc","Methadone Clinic 2","250 Grand Concourse","1st Floor","Bronx","NY","10451","","Bronx","718-292-4455 x3029","https://www.samaritanvillage.org","40.8133682","-73.9293231","SU","1","","1","","","","","","","","1","","","","","","","1","1","","1","1","1","1","","","","","1","","","","","1","","","1","","","","","","","","","","","","1","","","","1","","","","","","1","1","1","","1","","","","","","1","1","1","","","","1","","","1","1","","","","","1","","","","","","","1","1","1","","","","1","1","1","1","","","1","","","1","1","1","1","","","1","","","1","","1","1","1","1","","","","","","1","","1","","1","1","1","","1","1","1","1","1","","1","1","","","","1","1","1","","","1","","","","","","","1","1","","","","1","","","","","","","","","","","","","1","","1","","","","","","","","","1","","","1","1","","1","1","1","","1","","","1","","1","","","","","","","","","","","","","","","","","1","","","","",""
"Fortune Society","Satellite","625 West 140th Street","","New York","NY","10203","","New York","917-617-4471","https://www.fortunesociety.org/","40.8240839","-73.95414","SU","1","","","","","","","","","","","1","","","","1","","","1","","1","1","1","","1","","","","1","","","","","1","","","1","","","","","","","","","","","","1","","","","","","","","","","","1","1","1","1","","","","","","","1","1","1","1","1","1","","1","1","1","1","1","1","1","1","","","","","","","","1","","","","","1","1","1","1","","","1","","","1","1","1","1","","","1","","","","","1","1","1","1","","","","1","","","1","1","","","1","1","","1","1","1","","","","","1","","1","","1","1","1","","","","","","","","","","1","","1","","1","","","1","","1","","1","","","","","","1","","","1","","","","","","","","","","","","","","1","","","1","","","","1","","","","","","","","","","","","","","","","","","","","","","","","",""
"Bleuler CD Recovery Services","Outpatient Clinic","104-70 Queens Boulevard","3rd Floor","Forest Hills","NY","11375","","Queens","718-275-6010","https://bleulerpc.org","40.7229758","-73.8483607","SU","1","","","","1","","","1","1","1","","","","","","1","","","1","","1","1","1","1","","","","","1","","","","","1","","","1","","","","","","","","","","","","1","1","","","","","","","","","1","1","1","1","1","","","1","","","1","1","1","1","1","1","1","1","1","1","1","1","1","1","1","1","1","","","","","","1","1","1","1","1","1","1","1","1","1","","","1","","1","1","1","1","1","1","","1","1","","1","","1","1","1","1","1","","","","1","","","1","","1","1","1","","1","1","1","","","1","","1","","","1","1","1","1","","1","","1","","1","1","","","1","","","","1","","","","1","","","","","","","","","1","1","","1","1","","1","","","","","","1","","","","","","","","","","1","","","","","","","","","","","","","","","","","","","","","","","","","","",""
"Argus Community Inc","COP","507 West 145th Street","","New York","NY","10031","","New York","646-224-7086","https://www.arguscommunity.org","40.8257975","-73.9481746","SU","1","","","","1","","1","1","1","1","","","","","","1","","","1","","1","1","1","1","","","","","1","","","","","1","","1","1","","","","","","","","","1","","","1","","1","","1","","","","","","1","1","1","1","1","","1","","","","1","","","","","1","1","","","","1","","","","","","","","","","","","1","1","1","1","1","","1","1","1","1","1","","1","","","1","1","1","1","1","","1","","","1","","1","1","1","1","","1","1","1","1","1","1","1","","1","1","1","1","1","1","1","1","1","1","1","1","","1","","1","1","1","","1","","1","1","1","1","","","","","1","1","1","","","1","1","1","1","1","","","","","","","1","1","1","","1","1","","1","","","","1","","","1","1","1","1","1","1","","","1","","","","","","","","","","","","","","","","","","","","","","","","","",""
"Alcoholism and SU Treatment OP","Emma L Bowen Community Service Center","1727 Amsterdam Avenue","","New York","NY","10031","","New York","646-340-1403 x321","https://www.bowencsc.org","40.8255981","-73.9471282","SU","1","","","","1","","","1","1","1","","","","","","1","","","1","","1","1","1","1","","","","","1","","","","","1","","","1","","","","","","","","","","","","1","1","1","","","","","","","","1","1","1","1","","","1","1","1","","1","1","1","1","1","1","1","1","1","1","1","1","1","1","1","1","1","","","","","","","1","1","1","1","1","1","","1","1","1","","1","","1","1","1","1","1","","","1","1","","1","","","1","1","1","1","1","","1","1","1","1","1","","1","1","1","","1","1","1","1","","1","1","1","","1","1","1","1","1","","1","","1","1","1","1","1","","1","1","1","1","1","","","1","1","1","1","1","","","","","","1","1","1","1","1","1","","","","","","","1","","","","1","1","1","1","1","","1","","","","","","","","","","","","","","","","","","","","","","","","","","","1"
"Mott Haven","Methadone Clinic","362 East 148th Street","","Bronx","NY","10455","","Bronx","718-292-4640 x8284","https://samaritanvillage.org","40.8156681","-73.9197125","SU","1","1","1","","","","","","","","1","","","","","","","1","1","","1","1","","1","","","","","1","","","","1","1","","","1","","","","","","","","","","","","1","","","","1","","","","","","1","1","1","","1","","","","","","1","","","","","","","","","","","","","","","","","1","1","","","1","","1","1","","","1","1","","1","1","","","1","","","1","1","1","1","","","1","","","1","","1","1","1","1","","","1","","1","1","","1","","1","1","1","1","1","1","","1","","1","1","1","","","","1","1","1","","","1","","","","","","","1","","","","","1","","","","","","","","","1","","","","1","1","1","1","","","1","","","","","1","","","1","1","","1","1","1","","1","","","1","","","1","","","","","","","","","","","","","","","","","","","","",""
"Independence OCCBHC","","362 East 148th Street","5th Floor","Bronx","NY","10455","","Bronx","718-402-9000 x4262","https://www.samaritanvillage.org","40.8156681","-73.9197125","SU","1","","","","1","","1","1","1","1","","","","","","1","","","1","","1","1","1","1","","","","","1","","","","","1","","1","1","","","","","","","","","","","","1","","","","","","","","","","1","1","1","1","1","","1","1","1","","1","1","1","1","1","1","1","1","1","1","1","1","1","1","1","1","1","","","","","","1","1","1","1","1","1","1","1","1","1","1","1","1","","1","1","1","1","1","1","","1","1","","1","","1","1","1","1","","1","1","1","1","1","","1","","1","1","1","1","1","1","1","","1","1","","1","","1","","1","1","1","1","1","","1","1","1","1","1","","1","1","1","1","","","","1","1","","1","","","","","","","1","1","1","1","1","1","1","","1","","","","1","","","","","1","","","","1","1","","","","","1","1","","1","","","","","","","","","","","","","","","","","","",""
"South Richmond Hill Recovery","Outpatient Clinic","88-08 Liberty Avenue","","Ozone Park","NY","11417","","Queens","718-785-3380 x100","https://","40.679692","-73.8501928","SU","1","","","","1","","1","1","1","1","","","","","","1","","","1","","1","1","","","1","","","","1","","","","","1","","1","1","","","","","","","","","","","","1","","","","","","","","","","1","1","1","1","1","1","","1","","","1","1","1","1","1","1","1","","1","1","1","1","1","1","1","1","","","","","","","1","1","1","1","","","1","","1","1","","","1","","","1","1","1","1","1","","1","1","","","","1","1","1","1","1","1","","","","1","","","","1","","1","","1","1","","","","","","1","","","","1","1","1","1","1","","1","1","1","1","1","1","","","1","","1","","","1","1","1","1","1","","","","","","1","1","","1","1","1","","","","","","","","","","","","","1","","","","","","1","","","1","","1","1","","","","","","1","","1","","","","","","","","","","",""
"Amethyst House","Residential Reintegration","220 Heberton Avenue","","Staten Island","NY","10302","","Richmond","718-448-1900","https://","40.6352769","-74.1327923","SU","1","","","","","","","","","","","","","","","1","","","1","","","1","1","1","","","","1","","","1","","","","","","","","","","","","","","","","","","1","","","","","","","","","","1","1","","1","1","","1","1","1","","","1","","","","1","","","","1","","1","1","1","1","","","","","","","","1","1","1","1","1","1","","1","1","1","","","1","","","1","1","1","","","","1","","","1","","1","1","1","1","","","","1","1","1","","","","1","1","1","1","1","1","1","","","1","","1","","1","","1","1","1","","","","","","","","","","1","","","1","","","","1","","","1","","","","","","","","1","","1","1","1","1","","1","","","","","","","","","1","","","","1","1","","","","","","","","","","","","","","","","","","","","","","","","","","",""
"Camelot of Staten Island Inc","Stabil Rehab Reintegration","273 Heberton Avenue","","Staten Island","NY","10302","","Richmond","718-412-3155","https://www.camelotcounseling.com","40.6339498","-74.1329422","SU","1","1","","","1","1","1","1","1","1","","","","","","1","","","1","","1","1","1","1","","","","1","","","1","1","","","","","","","","","","","","","","","","","1","","","","","","","","","","1","1","","1","1","","1","1","1","","","1","1","","","1","1","","","","1","1","1","1","1","1","1","","","1","1","1","1","1","1","1","1","1","1","1","1","1","1","","1","","","1","1","","1","","","1","1","","1","","1","1","1","1","1","","1","1","1","1","1","","","1","1","1","1","1","1","1","1","1","1","1","1","","1","1","1","1","1","","1","","1","1","1","1","","","1","","1","1","","","","1","1","","","","1","1","1","","1","1","1","1","1","1","1","1","","1","","","","1","1","","","","1","1","1","1","1","1","","","","","","1","","","","","","","","","","","","","","","","","","","","",""
"PROMESA Inc","COP4","754 East 151st Street","","Bronx","NY","10455","","Bronx","718-734-2539 x2447","https://www.acacianetwork.org","40.8146238","-73.9072819","SU","1","","","","1","","","1","1","1","","","","","","1","","","1","","1","1","1","1","","","","","1","","","","","1","","","1","","","","","","","","","","","","1","1","","","1","","","","","","1","1","1","1","1","1","","1","","1","1","1","","","","","","","","1","1","","1","","1","","1","","","","","","","1","1","","","","1","","1","1","","","1","","","1","1","1","1","1","","1","1","","1","","1","1","1","1","1","","","","1","1","1","1","","1","1","1","","1","1","","1","1","1","1","1","","1","1","1","1","1","","1","","1","1","1","1","","","1","1","1","1","1","","","1","1","","1","","1","","","","1","","1","1","1","","1","1","","","","","","1","","","1","1","","1","1","1","","1","","","","","","","","","","","","","","","","","","","","","","","","","","",""
"VNS Health Behavioral Health Inc","Outpatient Clinic","489 East 153rd Street","2nd Floor","Bronx","NY","10455","","Bronx","646-217-1896","https://","40.81842","-73.913764","SU","1","","","","1","","1","1","1","1","","","","","","","","","1","","1","1","1","1","","","","","1","","","","","1","","","1","","","","","","","","","","","","1","1","","","","","","","","","1","1","1","","1","","1","1","1","1","1","","","","","","","","","","","","","","","","1","","","","","","1","1","1","1","1","","1","1","1","","","","1","","1","1","1","1","1","","","","","","","","1","1","1","1","1","","","","1","1","","","","1","1","1","","1","1","1","","","1","","1","","","1","1","1","1","1","1","","1","","1","1","","","1","","","","","","","","1","1","","1","1","","","","1","","1","","1","1","1","","","","","","","1","","","","","1","","","","1","1","","","","","","","","","","","","","","","","","","","","","","","","","","",""
"Advanced Human Services Inc","Med Sup Withdrawal Outpatient","112-15 72nd Road","Suite  LL-1","Forest Hills","NY","11375","","Queens","718-261-3437","https://ADVANCEDHUMANSERVICES.COM","40.7212686","-73.8380927","SU","1","1","","","1","1","","1","1","1","","","","","","1","","","1","","1","1","1","1","","","","","1","","","","1","1","","","1","","","","","","","","","","","","1","","","","","","","","","","1","1","","1","1","1","","","1","","","1","","","","1","1","","","1","1","","1","1","1","","","1","1","","","1","","1","1","1","1","1","1","","1","1","","","1","","","1","1","1","1","1","","1","1","","1","","1","1","1","1","1","1","","","1","1","","","","1","","1","","1","1","1","","","1","1","1","","","","","1","1","","1","","1","1","1","1","","1","","1","1","","","","","","1","","","","","","","","","1","","1","1","1","1","1","1","","","","","1","","","","","","1","","","","1","","","","","1","1","","","","","","","1","","","","","","","1","","1","","","","","1"
"Advanced Human Services Inc","SUD Outpatient Program","112-15 72nd Road","Basement, Suite LL-1","Forest Hills","NY","11375","","Queens","718-261-3437","https://ADVANCEDHUMANSERVICES.COM","40.7212686","-73.8380927","SU","1","1","","","1","1","","1","1","1","","","","","","1","","","1","","1","1","1","1","","","","","1","","","","1","1","","","1","","","","","","","","","","","","1","","","","","","","","","","1","1","","1","1","","","","1","","","1","","","","1","1","","","1","1","","1","1","1","","","1","1","","","1","","1","1","1","1","1","1","","1","1","","","1","","","1","1","1","1","1","","1","1","","1","","1","1","1","1","1","1","","1","1","1","","","","1","","1","1","1","1","1","","1","1","1","1","","1","","1","1","1","","1","","1","1","1","1","","1","","1","1","","","","","","1","","","","","","","","","1","","","1","1","1","1","1","","","","","1","","","","","","1","","","","1","","","","","1","1","","","","","","","1","","","","","","","1","","1","","","","","1"
"Camelot of Staten Island Inc","Outpatient Depatrment","1268 Forest Avenue","","Staten Island","NY","10302","2312","Richmond","718-981-8117","https://www.camelotcounseling.com","40.6261838","-74.132224","SU","1","","","","1","","1","1","1","1","","","","","","1","","","1","","1","1","1","1","","","","","1","","","","","1","","","1","","","","","","","","","","","","1","","","","","","","","","","1","1","1","1","1","","1","1","1","","1","1","","","","","","","","1","1","","1","","1","","1","","","","","","","1","1","1","1","","1","","1","1","1","","1","","","1","1","1","1","","","1","1","","","","1","1","1","1","1","1","1","1","1","1","","1","","1","1","1","","1","1","1","","1","1","","1","","1","1","1","1","1","","1","","1","1","1","1","1","","1","","1","","","","","1","1","","","","1","","","","1","","1","","1","1","1","1","","1","","","","1","","","","","1","1","","","","1","","","","","","1","","","","","","","","","","","","","","","","","","","","",""
"Montefiore Medical Center","Wellness Center at Melrose","260 East 161st Street","C Level","Bronx","NY","10451","","Bronx","718-993-3397 x5032","https://www.montefiore.org","40.8256001","-73.9190204","SU","1","","1","","1","","","1","","","1","","","","","1","","1","1","","1","1","1","1","","","","","1","","","","","1","","","1","","","","1","","","","","","","","1","1","1","","1","","","","","","1","1","1","1","1","","","1","","1","1","1","","","","","","","","1","1","1","1","","","","1","","","","","","","1","1","","","","","","1","1","","","1","","","1","1","1","1","","","1","","","","","1","1","1","1","","","1","1","1","1","1","1","","1","1","1","","1","1","","1","1","1","1","","","","1","1","1","1","","","1","1","1","1","","","","1","","1","","","1","","","","","","","","1","1","","","","1","1","1","","","1","","","1","1","","1","1","","1","1","","1","1","1","","1","","","1","","1","","","1","","1","","","","","","","","","","","","","","","","",""
"Wellness Center","Melrose/Next Steps South OP","260 East 161st Street","B Level","Bronx","NY","10451","","Bronx","718-993-3397 x5047","https://www.montefiore.org","40.8256001","-73.9190204","SU","1","","","","","","1","1","1","1","","","","","","1","","","1","","1","1","1","1","","","","","1","","","","","1","","1","1","","","","1","","","","","","","","1","","","","1","","","","","","1","1","1","1","1","","","1","","1","1","1","","","","","","","","1","1","","","","","","","","","","","","","1","1","","","","1","","1","1","","","1","","","1","1","1","1","1","","1","1","","","","1","1","1","1","1","","","1","","","","","","1","1","1","","1","1","","","","","1","","","","1","1","","1","","1","","","","1","1","1","","1","","1","","1","","","1","1","","","","","","","","","","1","","1","","","1","","","","","","1","","","","","","1","1","1","","1","","","","","","","","","","","","","","","","","","","","","","","","","","",""
"United Bronx Parents Inc (UBP)","Lorraine Montenegro Women and Children","773 Prospect Avenue","","Bronx","NY","10455","","Bronx","718-292-9808","https://www.acacianetwork.org","40.817951","-73.9028707","SU","1","","","","1","","","1","","","","","","","","1","","","1","","","1","1","","","1","","1","","","1","","","","","","","","","","","","","","","1","","","1","","1","","","","","","","","1","1","","1","1","","1","1","","","1","","","","","","","","","1","","","","","","","","","","","","","","1","1","1","","","","1","1","1","1","","1","1","","1","1","1","","","","","","","1","1","1","1","1","1","","1","","1","1","1","1","1","","","1","1","","1","1","1","1","1","1","1","1","","","1","1","1","1","","1","","1","","1","","","","","","1","1","1","","","1","1","1","1","1","1","1","1","","1","","1","","1","","1","","","","","","","1","","","","","","1","","","","1","","","","","","","","","","","","","","","","","","","","","","","","","","",""
"South Bronx OTP","","880 Morris Avenue","","Bronx","NY","10451","","Bronx","646-437-7580","https://","40.8258742","-73.9181276","SU","1","","","","","","1","","1","","","","","","","","","","1","","1","1","1","1","","","","","1","","","","","1","","","","","","","","","","","","","","","1","","","","","1","","","","","1","1","1","","1","","1","1","1","1","1","","","","","","","","","","","","","","","","","","","","","","1","1","1","","","","1","1","1","1","1","","1","","","1","1","1","1","","","1","","","","","","1","1","1","","","1","1","1","1","1","","","","1","1","","1","1","1","1","1","1","1","1","","1","1","1","1","1","","1","","","","","1","","","1","","","","","1","","","","","","","","","","","","","","","1","1","","1","","1","","","","","","","1","1","","1","1","1","1","1","","","1","","","","","","","","","","","","","","","","","","","","","","","",""
"Counseling Services of New York LLC","Outpatient Clinic","911 Walton Avenue","Suite 1-B","Bronx","NY","10452","9554","Bronx","718-590-1790","https://csofny.com","40.8283458","-73.9238127","SU","1","","","","","","","","","","","","","","","1","","","1","","1","1","1","1","","","","","1","","","","","","","","1","","","","","","","","","","","","1","","1","","","","","","","","1","1","1","","","","","","","","1","1","1","","","1","1","","","1","1","1","1","1","1","","","","","","","","1","1","1","","","","1","1","1","1","1","","1","","","1","1","1","1","1","","1","","","1","","1","1","1","1","","","1","","1","1","1","","","","1","1","","1","1","1","","1","1","","1","","","","1","1","1","","","","","","","","","1","","","","1","1","","","1","","1","1","1","","","","","","1","","","1","1","","","","","","","","","","","","","","","","1","","1","","","","","1","","","","","","","","","","","1","","","","","1","","","","","",""
"Camelot of Staten Island Inc","Prospect","730 Kelly Street","","Bronx","NY","10455","","Bronx","718-542-4127","https://www.camelotcounseling.com","40.8164036","-73.8995837","SU","1","","","","1","","1","1","1","1","","","","","","1","","","1","","1","1","1","1","","","","","1","","","","","1","","","1","","","","","","","","","","","","1","","","","","","","","","","1","1","1","1","1","","","1","1","","","1","","","","1","1","","1","1","1","1","1","1","1","1","1","","","","","","1","1","1","1","1","1","1","1","1","1","","","1","","","1","1","1","1","","","1","1","","1","","1","1","1","1","1","1","1","1","1","1","1","1","","1","1","1","1","1","1","1","1","1","1","1","1","","1","1","1","1","1","","1","","1","1","1","1","1","","1","","1","","","","","1","1","","","","1","","","","1","1","1","1","1","1","1","1","","","","","","1","","","","","","1","1","1","1","1","","","","","","1","","","","","","","","","","","","","","","","","","","","",""
"Elizabeth L Sturz Outpatient Center","Outpatient Clinic","830 Forest Avenue","","Bronx","NY","10456","","Bronx","718-401-5700","https://www.arguscommunity.org","40.820122","-73.905169","SU","1","","","","1","","1","1","1","","","","","","","","","","1","","","1","1","","1","","","1","1","","","","","1","","1","1","","","","","","","","","","","","1","","","","","","","","","","","1","","1","","","1","","","","","1","1","","1","1","1","","1","1","1","1","1","1","1","","1","","","","","","1","1","1","1","1","1","1","1","1","1","","","1","","","1","1","1","1","","","1","","","1","","1","1","1","1","","","","1","1","1","1","","","1","","1","1","1","1","1","1","","1","1","1","","1","","1","1","1","","1","","","1","1","1","","","1","","","","","","1","","","","","","","","","","","1","","","1","1","1","","","1","","","","1","","","","","","1","1","1","","1","","","","","","","","","","","","","","","","","","","","","","","","","","",""
"Bridge Back to Life Center Inc","","1688 Victory Boulevard","","Staten Island","NY","10314","","Richmond","516-520-6600","https://www.bridgebacktolife.com","40.6130148","-74.1200045","SU","1","1","","","1","1","1","1","1","1","","","","","","","","","1","","1","1","1","1","","","","","1","","","","1","1","","1","1","","","","","","","","","","","","1","","","","","","","","","","1","1","1","","1","1","","","","","1","1","1","1","1","1","1","1","1","1","1","1","1","1","1","1","1","1","1","1","1","1","","1","1","1","1","1","1","1","1","1","1","","1","","1","1","","1","1","1","","1","1","","1","","1","1","1","1","1","1","","","1","1","","","","1","1","1","","1","1","1","","1","1","1","1","","1","1","1","1","1","","1","","1","1","1","1","1","1","","","","","","","","1","1","1","1","1","1","","","1","1","1","1","","1","1","1","","1","","1","1","","1","","","","","","1","1","1","","1","","","","","1","1","1","","","","","1","1","","","","","","","1","","1","","","","",""
"Casa Washington Heights","Outpatient Clinic","2036 Amsterdam Avenue","Ground Floor, Back Parking Lot","New York","NY","10032","","New York","212-645-0875 x710","https://www.alliance.nyc","40.8355038","-73.9410266","SU","1","","","","1","","1","1","1","1","","","","","","","","","1","","","1","","","1","","","","1","","","","","1","","","1","","","","","","","","","","","","1","","","","","","","","","","","1","","","","","","1","","","1","1","1","","","1","1","","","1","1","1","1","1","1","1","","","","","","","","1","1","","","","","","1","1","","","1","","","1","1","1","1","","","1","1","","","","1","1","1","1","","","","","1","","1","1","","1","1","1","","1","1","","","1","","","1","","1","","1","1","1","","1","","1","","1","1","1","","1","","","","","","","1","1","","","","","","","","","1","","","1","","1","1","","","","","","1","","","","","","","1","1","","","","1","","","","","","","","","","","","","","","","","","","","","","","","",""
"Outreach Development Corporation","Other Licensed Practioners","11711 Myrtle Avenue","","Richmond Hill","NY","11418","1751","Queens","718-847-9233","https://www.opiny.org","40.700275","-73.832012","SU","1","","","","","","1","1","1","1","","","","","","1","","","1","","1","1","1","1","","","","","1","","","","","1","","1","1","","","","","","","","","","","","1","1","","","","","","","","","1","1","1","1","1","1","1","1","1","1","1","1","","","","","","1","","1","","","1","","","1","1","","","","","","1","1","1","1","1","","1","1","1","1","1","","1","","1","1","1","1","1","1","","1","1","","1","","1","1","1","1","1","","","1","1","1","1","1","","1","1","1","","1","1","1","1","1","1","1","1","","1","1","1","1","1","","1","","1","1","1","1","1","","1","1","1","1","1","","","1","1","1","1","1","","","","","","","1","1","1","1","","","","","1","1","","1","","","","","1","1","1","1","1","1","","","","","1","","","1","","","","","","","","","","","","","","","","","","","1"
"New Horizon Counseling Center","Howard Beach Clinic","156-28 Crossbay Boulevard","","Howard Beach","NY","11414","","Queens","718-738-6800","https://www.nhcc.us","40.6633317","-73.8412682","SU","1","","","","1","","1","1","1","1","","","","","","1","","","1","","1","1","1","1","","","","","1","","","","","1","","1","1","","","","","","","","","","","","1","1","","","","","","","","","1","1","1","1","1","1","","","","1","1","1","1","1","1","1","1","1","1","1","1","1","1","1","1","1","1","","","","","","","1","1","1","1","","1","1","1","1","","","1","","1","1","1","1","1","","","","1","","","","1","1","1","1","1","1","","1","1","1","","1","","1","1","1","","1","1","1","","1","1","","1","","1","1","","1","1","","1","","1","1","1","1","1","","1","1","1","","","","","1","1","","","","1","","","","1","1","1","","1","1","","1","","1","","","","1","","","","","","1","","","","1","","","","","","","","","","","","","","","","","","","","","","","","","","","1"
"Bridge Back to Life Center Inc","","3044 Coney Island Avenue","3rd Floor","Brooklyn","NY","11235","5660","Kings","516-520-6600","https://www.bridgebacktolife.com","40.5822382","-73.9602746","SU","1","1","","","1","1","1","1","1","1","","","","","","","","","1","","1","1","1","1","","","","","1","","","","1","1","","1","1","","","","","","","","","","","","1","","","","","","","","","","1","1","1","","1","1","","","","","1","1","1","1","1","1","1","1","1","1","1","1","1","1","1","1","1","1","1","1","1","1","","1","1","1","1","1","1","1","1","1","1","","1","","1","1","","1","1","1","","1","1","","1","","1","1","1","1","1","1","","","1","1","","","","1","1","1","1","1","1","1","","1","1","1","1","","1","1","1","1","1","","1","","1","1","1","1","1","1","","","","","","","","1","1","1","1","1","1","","","1","1","1","1","","1","1","1","","1","","1","1","","1","","","","","","1","1","1","","1","","","","","1","1","1","","","","","1","1","","","","","","","1","","1","","","","",""
"BASICS Inc","Franklin House","1064 Franklin Avenue","","Bronx","NY","10456","6704","Bronx","718-764-1560","https://www.acacianetwork.org","40.8269392","-73.9069557","SU","1","","","","1","","1","1","1","1","","","","","","1","","","1","","","1","1","","1","","","1","","","1","","","","","","","","","","","","","","","","","","1","","","","","","","","","","1","1","","1","1","1","1","1","","","1","1","1","","","1","","","","","1","","1","1","1","","1","","","","","","","1","1","","","1","1","","1","1","1","","1","","","1","1","","1","","","1","1","","1","","1","1","1","1","1","","","1","1","1","1","1","","1","1","1","1","1","1","1","1","1","1","1","1","","1","1","1","1","1","1","1","","1","1","1","1","1","","1","1","1","","","","","1","1","","","","1","1","1","1","1","1","","1","1","1","1","1","","1","1","1","","1","","","","","","1","1","1","1","1","","","","","","","","","","","","","","","","","","","","","","","","","","",""
"Coney Island Hospital","CD/Dept Behav Health Clinic Component","Ida G Israel Community Health Center","2932 West 16th Street","Brooklyn","NY","11224","","Kings","718-616-6020","https://","40.5758659","-73.9855927","SU","1","1","","","1","1","1","1","1","1","","","","","","1","","1","1","","1","1","","1","","","","","1","","","","1","1","","","1","","","","1","","","","","1","","","1","","1","1","1","","","","","","1","1","1","1","1","","1","","","1","1","1","1","1","1","1","1","","1","1","1","1","1","1","1","1","1","1","1","1","1","1","1","1","1","1","","","1","1","1","1","","","1","","","1","1","1","1","1","","1","","","1","","1","1","1","1","1","1","1","1","1","1","1","1","","1","1","1","1","1","1","1","1","1","1","1","1","","1","1","1","1","1","","1","","1","1","1","1","","","","","1","1","1","","","","1","","1","","1","1","1","1","1","1","","1","1","1","","1","1","1","1","1","","1","","","","","1","1","1","1","1","","1","","","","1","1","","","","","","","","","","","","","","","","1","","","","",""
"Odyssey House Inc","Outpatient Services","953 Southern Boulevard","Suite 301","Bronx","NY","10459","","Bronx","718-860-2994","https://www.odysseyhousenyc.org","40.8215386","-73.8917235","SU","1","","","","1","","1","1","1","1","","","","","","1","","","1","","1","1","1","","1","","","","1","","","","","1","","1","1","","","","","","","","","","","","1","","","","","","","","","","1","1","1","","1","","1","1","","","1","1","","","","1","1","1","1","1","1","","1","","1","1","1","","","","","","","1","1","1","","","1","1","1","1","","","1","","1","1","1","1","1","","","1","1","","1","1","1","1","1","1","1","1","1","1","1","1","1","1","","1","1","1","","1","1","1","","1","1","","1","","1","1","1","1","1","","1","","1","1","1","1","1","","1","1","1","1","1","","","1","1","1","1","1","1","","","","1","","1","","1","1","1","1","","","","","","1","","","","","1","1","1","","","","","1","","","","","","","","","","","","","","","","","","","","","","","","",""
"Surfpoint Recovery LLC","Med Sup Withdrawal/Inpatient","2316 Surf Avenue","Left Wing, 2nd Floor","Brooklyn","NY","11224","","Kings","347-727-4800 x540","https://www.surfpointrecovery.com","40.5735411","-73.9901563","SU","","1","","","","","","1","1","1","1","","","","","1","","1","1","","","1","1","","1","","","1","","","","1","","","","","","","","","","","","","","","","","1","","","","","1","","","","","1","1","1","","1","","","","","","1","1","","","","1","1","","","","1","1","1","1","1","1","1","1","1","","","1","","1","1","1","","1","1","","1","1","","","1","","","1","1","","1","","","1","1","","1","","","1","1","1","1","","","","1","1","1","","","","1","1","1","1","1","","1","1","1","1","1","","","1","1","1","1","","1","1","1","1","1","1","1","1","","","","1","1","","","1","1","1","1","1","1","1","1","1","1","1","","","1","1","1","","1","1","","","","1","1","","","1","","1","1","1","","1","","","","","1","","","","","","","","","","","","","","","1","","1","","","","",""
"Surfpoint Recovery LLC","Inpatient Rehab","2316 Surf Avenue","Right Wing, 2nd Floor","Brooklyn","NY","11224","","Kings","347-727-4800 x553","https://www.surfpointrecovery.com","40.5735411","-73.9901563","SU","1","","","","","","","1","1","1","","","","","","1","","1","1","","","1","1","","1","","","1","","1","","","","","","","","","","","","","","","","","","","1","","","","","1","","","","","1","1","1","","1","","","","","","1","1","","","","1","1","","","","1","1","1","1","1","1","1","","","","","","","1","1","1","","1","1","","1","1","","","1","","","1","1","","1","","","1","1","","1","","","1","1","1","1","","","","1","1","1","","","","1","1","1","1","1","","1","1","1","1","1","","","1","1","1","1","","1","","1","1","1","1","1","1","","","","1","1","","","1","1","1","1","1","1","1","1","1","1","1","","","1","1","1","","","1","","","","1","1","","","1","","1","1","1","","1","","","","","1","","","","","","","","","","","","","","","1","","1","","","","",""
"Success Counseling Servs","CD Outpt Servs","139 West 168th Street","","Bronx","NY","10452","5911","Bronx","718-538-6112","https://www.success-counseling.com","40.8390746","-73.9251896","SU","1","1","","","1","","1","1","1","","","","","","","1","","","1","","1","1","1","1","","","","","1","","","","1","1","","","1","","","","","","","","","","","","1","","","","","","","","","","1","1","","","1","","","1","","1","1","1","","","","1","","","","1","1","","1","","1","1","1","1","1","1","1","1","","1","1","1","1","1","1","","1","1","1","","1","","","1","1","1","1","1","","1","1","","","","1","1","1","1","1","1","","1","1","1","1","1","","1","1","1","","1","1","1","","1","1","","1","","1","1","1","1","1","","1","","1","","1","1","","1","","1","1","1","1","","","1","1","1","","1","","","","","","","","","1","1","1","","1","","","","","1","","","","","","","1","1","","1","","","","","","1","","","","","","","","","","","","","","","","","","","","",""
"Samaritan Daytop Village Inc","","1915 Forest Avenue","","Staten Island","NY","10303","","Richmond","718-981-3136 x3531","https://samaritanvillage.com","40.6259031","-74.1527892","SU","1","1","","","1","1","1","1","1","1","","","","","","1","","","1","","1","1","1","1","","","","","1","","","","1","1","","1","1","","","","","","","","","","","","1","1","","","","1","","","","","1","1","1","1","1","1","1","1","","","1","1","1","1","1","1","1","1","1","1","1","1","1","1","1","1","1","","","","","1","1","1","1","1","1","1","1","1","1","1","1","","1","","1","1","1","1","1","1","","1","1","","1","1","1","1","1","1","1","1","1","1","1","1","","1","","1","1","1","1","1","1","1","","1","1","1","1","","1","1","1","1","1","","1","","1","1","1","1","1","","1","","1","1","","","","","1","","","","1","","","1","1","1","1","1","1","1","1","1","1","1","","","","1","","","","","1","1","","","1","1","","","","","1","","","1","","","","","","","","","","","","","","","","","","",""
"Samaritan Daytop Village Inc","Methadone Clinic 4","1915 Forest Avenue","Basement, Suite 1","Staten Island","NY","10303","","Richmond","718-981-3136","https://www.samaritanvillage.org","40.6259031","-74.1527892","SU","1","","","","1","","1","1","1","1","","","","","","1","","","1","","1","1","1","1","","","","","1","","","","","1","","1","1","","","","","","","","","","","","1","1","","","","1","","","","","1","1","1","1","1","1","1","1","","","1","1","1","","1","1","1","1","1","1","1","1","1","1","1","1","1","","","","","","1","1","1","1","","1","","","1","1","1","","1","","1","1","1","1","1","1","","1","1","","1","1","1","1","1","1","1","1","1","1","1","1","","1","","1","1","1","1","1","1","1","","1","1","1","1","","1","1","1","1","1","","1","","1","1","1","1","1","","1","","1","1","","","","","1","","","","1","","","1","1","1","1","1","1","1","1","1","","1","","","","1","","","1","1","1","1","","","1","1","","","","","","","","","","","","","","","","","","","","","","","","","","",""
"Samaritan Daytop Village Inc","820 Stabil Rehab Reintegration","130-20 89th Road","","Richmond Hill","NY","11418","3301","Queens","718-441-8913","https://","40.699531","-73.8202887","SU","1","","","","","","","1","","","","","","1","","1","","","1","","","1","1","1","","","","1","","1","1","","","","","","","","","","","","","","","","","","","","","","","1","","","","","1","1","1","1","1","","1","","1","","1","1","","","","","","","","","","","","","","","","","","","","","","1","","","","","1","1","1","1","","","1","","","1","1","1","1","","","","","","1","","1","1","1","1","","","","1","","","","","","","","1","1","","1","1","","","","","1","","1","","1","1","1","","","","1","","","","","","1","","1","1","","1","","","","","","","","","","","","1","1","","1","","1","1","","","","","","","","","","","","1","","","1","1","","","1","","","","","","","","","","","","","","","","","","","","","","","",""
"Asian Community Alcohol Counseling","Asian American Mental Health","39-01 Main Street","Suite 508","Flushing","NY","11354","","Queens","718-445-0111","https://","40.7601645","-73.8300113","SU","1","","","","","","","","","","","","","","1","","","","","","","1","1","1","","","","","1","","","","","","","","1","","","","","","","","","","","","1","","","","","","","","","","1","1","1","","1","1","","","","","","1","1","","1","1","1","1","1","1","1","","1","1","1","1","","","","","","","1","1","1","1","1","","1","","","1","","","1","","1","1","1","1","1","1","","1","","","1","","1","1","1","","","1","","","","","","1","","1","","1","","1","1","1","","","","","1","","","","","","1","","","","","","","","","1","","","","","","","1","","","","","","","","","","","1","","","","1","1","1","","","","","","","","","","1","","","","","1","1","","","","","1","","1","","","","","","","","","","","","1","","","","","","","","1"
"South Beach ATC","Inpatient Rehabilitation","777 Seaview Avenue, 1st Floor","South Beach Psychiatric Ctr, Bldg 6","Staten Island","NY","10305","","Richmond","718-667-2867 x2867","https://oasas.ny.gov","40.5824462","-74.0802223","SU","1","","","","1","","1","1","1","1","","","","","","1","","","1","","1","1","1","1","","","","1","","1","","","","","","","","","","","","","","","","1","","","1","","1","","","1","","","","","1","1","","1","1","","","1","1","1","1","1","","","","1","","","","1","1","","1","","","","1","","","","","","1","1","1","1","","1","","","1","","","","1","","","1","1","1","1","","","1","1","","1","","1","1","1","1","1","","1","","1","1","1","1","","1","1","1","1","1","1","1","1","1","1","1","1","","1","1","1","1","1","","1","","1","1","1","1","","","","1","1","1","1","","","1","1","1","1","1","1","1","1","1","1","","","1","1","1","1","","","","1","1","","1","","","","","1","1","1","1","","1","","","","","1","","","","","","","","","","","","","","","1","","1","","","","",""
"Bronx Lebanon Hospital Center","Inpatient Rehabilitation Program","1285 Fulton Avenue","4th Floor","Bronx","NY","10456","","Bronx","718-518-3700","https://www.bronxcare.org/","40.8321771","-73.9038783","SU","1","","","","1","","","1","1","1","","","","1","","","","","1","","","1","","1","","","1","","","","","","","","","","","","1","","1","","","","","","","","1","","","1","1","","","","","","","1","1","1","1","1","","","","1","","1","1","1","1","1","1","","1","1","1","1","1","1","1","","1","","","","","","","1","1","","","1","","","","","","","","","","1","1","1","1","","","","1","","1","","1","1","1","1","1","","","","1","","1","","","","1","1","1","1","1","","1","","1","1","","","","1","","1","1","1","1","","1","1","1","1","1","","1","","","","","","","","1","1","","1","1","1","1","1","1","1","1","1","1","","","1","","","1","1","","1","1","","","","1","1","1","1","","1","","","","","","","","","","","","","","","","","","","","","","","","","","",""
"Life Recovery Center","Detoxification Unit","1285 Fulton Avenue","3rd Floor","Bronx","NY","10456","","Bronx","718-518-3700","https://www.bronxcare.org","40.8321771","-73.9038783","SU","1","1","","","1","1","","1","1","1","","","","","","1","","","","","","1","","1","","","1","","","","","","","","","","","1","1","","1","","","","","","","","1","","","1","1","","","","","","","1","1","1","1","1","","","","1","","1","1","1","1","1","1","","1","1","1","1","1","1","1","","1","1","1","1","1","1","","1","","","","","","","","","","","","","","1","1","1","1","","","","1","","1","","1","1","1","1","1","","","","1","","1","","","","1","1","1","1","1","","1","","1","1","","","","1","","1","1","1","1","","1","1","1","1","1","","1","","1","","","","","1","1","","","","1","1","1","1","1","1","1","1","1","","","1","1","","1","1","","1","1","","","","1","1","1","1","","1","","","","","","1","","","","","","","","","","","","","","","","","","","","",""
"BronxCare Health System","Methadone Clinic","1276 Fulton Avenue","","Bronx","NY","10456","3402","Bronx","718-503-7750","https://www.bronxcare.org","40.8315806","-73.9023625","SU","1","","1","","","","","","","","1","","","","","","","1","1","","1","1","1","1","","","","","1","","","","","1","","","1","","","","","1","","","","","","","1","","","1","1","","","","","","1","1","1","1","","","1","1","","1","1","1","1","1","1","1","1","","1","1","1","1","1","1","1","","1","","","","","","","1","1","","","","1","","1","1","1","","1","","","1","1","1","1","","","1","","","1","","1","1","1","1","","","1","1","1","1","1","","","1","1","1","1","1","1","1","1","","1","1","1","","","1","1","1","1","","","1","","","","","","","1","","","","","1","","","","","","","","","","","","1","","","1","","","1","","1","","","","1","","","1","1","","1","1","1","","1","","","1","","","1","","","","","","","","","","","","","","","","","","","","",""
"Staten Island University Hospital","Outpatient Clinic","450 Seaview Avenue","","Staten Island","NY","10305","","Richmond","718-226-2752","https://www.northwell.edu","40.5840163","-74.0877939","SU","1","1","","","1","1","1","1","1","1","","","","","","","","","1","","1","1","1","1","","","","","1","","","","1","1","","","1","","","","1","","","","","","","","1","","","","1","","","","","","1","1","1","1","1","1","1","","","1","","1","","","","","","","","","","","","","","","1","1","1","1","1","1","","1","1","1","1","","1","","1","","","","1","","","1","1","1","1","","","1","1","","1","","1","1","1","1","1","","","1","1","1","","1","","1","1","1","","1","1","","","1","","","1","","","1","1","1","1","","1","","1","1","1","1","1","","1","1","","","","","","","1","1","1","1","","","","","","","","","1","","","","1","1","","","","1","","","","","","1","","","","1","","","","","","1","","","","","","","","","","","","","","","","","","","","","1"
"SCAN Harbor Inc","Outpatient","1377 Jerome Avenue","Basement, 1st Floor","Bronx","NY","10452","3325","Bronx","718-293-2230","https://www.scan-harbor.org","40.8400088","-73.9186595","SU","1","","","","","","","","","","","","","","","1","","","1","","","1","1","1","","","","","1","","","","","","","","1","","","","","","","","","","","","1","","","","","","","","","","1","1","","","","","","1","","","1","1","","","","1","","","","1","1","","","","","","","","","","","","1","1","1","","","1","1","","1","1","","","1","","","1","1","1","1","","","1","","","","","1","1","1","1","","1","","1","","1","","1","","1","","1","","1","1","","","1","","","1","","1","","","1","1","","","","","","","","","","1","","","","1","","","1","","1","","1","","","","","","","","","","","","","","1","","","","1","","","","","","1","","","","1","","","","","","","","","","","","","","","","","","","","","","","","","","",""
"Odyssey House Family ReEntry","Residential Reintegration","1328 Clinton Avenue","","Bronx","NY","10456","","Bronx","212-987-5120","https://www.odysseyhousenyc.org","40.8319997","-73.900043","SU","1","","","","","","","","","","","","","","","1","","","1","","","","","","1","","","1","","","1","","","","","","","","","","","","","","","","","","1","","","","","","","","","","1","1","1","","1","","1","1","","","","","","","","","1","","","1","1","","","","","","","","","","","","","","1","","","","","","1","","","","","","","1","1","1","1","","","","","","1","","","","1","1","","","","1","","","","","","","","","","","","","","","","","1","","","","","","","","","","","","","","","","1","","","1","","","","1","","","1","","","","","","","","1","","1","","1","","","1","","","","","","","","","1","","","","","1","","","","","","","","","","","","","","","","","","","","","","","","","","",""
"START Treatment and Recovery Centers","Methadone Clinic","2406 Amsterdam Avenue","2nd and 3rd Floors","New York","NY","10033","","New York","212-543-2782","https://www.startny.org","40.8472869","-73.9317361","SU","1","","1","","1","","","1","","","1","","","","","","","1","1","","1","1","1","1","","","","","1","","","","","1","","","","","","","","","","","","","","","1","","","","","1","","","","","1","1","1","","","","","1","","","1","1","1","","","1","1","","1","1","1","1","1","1","1","1","","","","","","","","1","1","","","","1","","1","","","","1","","","1","1","1","1","","","1","","","","","","1","1","1","","","1","1","1","1","1","1","","","1","1","","1","1","1","","1","1","1","","","","","1","1","1","","","1","1","","1","","","","1","","","","","1","","","","","","","","","1","","","1","1","","1","1","1","","","1","","","","","","","","1","","1","1","1","","1","","","1","","","","","","","","","","","","","","","","","","","","","","","",""
"Samaritan Daytop Village Inc","","14410 Jamaica Avenue","","Jamaica","NY","11435","","Queens","718-206-1990","https://www.samaritanvillage.org","40.7019527","-73.8110739","SU","1","","","","1","","1","1","1","1","","","","","","1","","","1","","1","1","1","1","","","","","1","","","","","1","","1","1","","","","","","","","","","","","1","","","","","","","","","","1","1","1","1","1","1","1","1","1","","","1","1","1","1","1","1","1","1","1","1","1","1","1","1","1","","","","","","","","1","1","","","","1","1","1","1","1","1","1","","1","1","1","1","1","1","","1","1","","1","","1","1","1","1","1","1","1","1","1","1","","1","","1","1","1","1","1","1","1","","1","1","","1","","","","1","1","1","","1","","1","1","1","1","1","","1","1","1","1","1","","","1","1","1","1","1","","","","1","","1","1","","1","1","1","1","","1","","","","1","","","1","1","1","1","","","1","1","","","","","1","","","","","1","","","","","","","","","","","","","","","","",""
"Flushing Hospital and Medical Center","Medical Managed Detoxification","4500 Parsons Boulevard","Unit 2 West","Flushing","NY","11355","2205","Queens","718-670-4416","https://www.flushinghospital.org","40.7553379","-73.8170937","SU","1","1","1","1","1","1","1","1","1","1","1","","","","","1","","1","1","","","1","1","1","","","1","","","","","","","","","","","1","","","1","","","","","","","","1","","1","","1","","","","","","1","1","1","1","1","1","1","","","1","1","1","","","","","","","1","1","1","","1","","","","1","1","1","","","1","","1","1","1","","1","1","","1","1","","","1","","","1","1","1","1","","","1","1","","1","","1","1","1","1","1","","","","1","1","1","1","","1","1","1","1","1","1","1","1","1","1","1","1","","1","1","1","1","1","","1","1","1","1","1","1","","","1","1","1","1","","","","1","1","1","","1","1","1","1","1","1","1","1","1","1","1","1","1","1","","1","1","","1","","","1","1","1","1","1","1","","1","","","","","1","1","1","","1","","","","","1","","","","","1","","","","1","","","",""
"Cornerstone of Medical Arts Center","Rehabilitation","159-05 Union Turnpike","2nd Floor","Fresh Meadows","NY","11366","","Queens","718-906-6700 x3008","https://www.cornerstoneny.com","40.7207915","-73.8078571","SU","1","","1","","1","","1","1","1","1","1","","","","","1","","1","1","","","1","1","","1","","","1","","1","","","","","","","","","","","","","","","","","","","1","","","","","1","","","","","1","1","","1","1","","","1","","","","","","","","1","","","","1","1","","1","","","1","","","","","","","","1","1","","","1","1","1","1","1","","","1","","","1","1","1","1","","","1","","","1","","","1","1","1","","","","","1","1","1","","","","1","1","1","1","1","1","1","1","1","1","1","","1","1","1","1","1","","1","1","1","","1","1","","1","","","","","1","","","1","1","1","","1","1","1","1","","1","","","","1","1","1","","","","","","","1","","","","1","","1","1","1","","1","","","","","","","","","","","","","","","","","","","","","","","","","","",""
"Cornerstone of Medical Arts Center","Detoxification","159-05 Union Turnpike","3rd and 4th Floor","Fresh Meadows","NY","11366","","Queens","718-906-6700","https://www.cornerstoneny.com","40.7207915","-73.8078571","SU","1","1","1","","1","","","1","","","1","","","","","1","","1","1","","","1","1","","1","","","1","","1","","1","","","","","","","","","","","","","","","","","1","","","","","1","","","","","1","1","","1","1","","","1","","","1","","","","","1","","","","","","","","","","","","1","1","1","1","1","","1","1","","","1","1","1","1","1","","","1","","","1","1","1","1","","","1","","","1","","","1","1","1","","","","","1","1","1","","","","1","1","1","1","1","1","1","1","1","1","1","","1","1","1","1","1","","1","1","1","1","1","","","1","","","","","1","","","1","","1","","1","1","1","1","","1","","","","1","1","1","","1","","","","","1","","","","1","","1","1","1","","1","","","","","","","","","","","","","","","","","","","","","","","","","","",""
"PAC Program of the Bronx Inc","Outpatient Clinic","1215-1217 Stratford Avenue","","Bronx","NY","10472","2501","Bronx","347-494-0828","https://www.thepacprogram.com","40.8296464","-73.8759292","SU","1","","","","1","","","1","1","","","","","","","","","","1","","1","1","","1","","","","","1","","","","","1","","1","1","","","","","","","","","","","","1","","","","","","","","","","1","1","","","1","","","1","","","1","1","","","","1","","1","","1","1","","1","","1","1","","","","","","","","1","1","","","","1","","1","1","","","1","","1","1","1","1","1","1","","1","1","","","","1","1","1","1","1","1","","","","1","","","","1","1","1","","","1","","","1","","","1","","1","","1","1","","","1","","1","1","1","1","1","1","","","","","","","","1","1","","","","1","","","","1","","1","","1","1","","","","1","","","","1","","","","","","1","","","","1","","","","","","","","","","","","","","","","","","","","","","","","","","",""
"PROMESA Inc","MSW IP Comprehensive Outpt Prog","1776 Clay Avenue","","Bronx","NY","10457","","Bronx","347-649-3011","https://www.acacianetwork.org","40.8461493","-73.9042441","SU","1","","1","","1","","","1","1","1","1","","","","","","","1","1","","1","1","1","1","","","","","1","","","","","1","","","1","","","","","","","","","","","","1","","","","1","","","","","","1","1","1","","1","","1","1","1","","1","1","","","","1","","","","1","1","1","1","","1","","1","","","","","","","1","1","","","","1","1","1","1","","","1","","","1","1","1","1","1","","1","1","","1","","1","1","1","1","1","1","1","","1","","1","","","1","1","1","","1","1","1","1","","1","1","1","","","","1","1","1","","1","1","1","","1","1","","","1","","","","","","","1","1","","1","","","","","","","1","1","1","1","1","","","","","1","1","","1","","","1","","","1","1","1","","1","","","","","","","","","","","","","","","","","","","","","","","","","","",""
"Promesa Inc","Inpatient Rehabilitation","1776 Clay Avenue","2nd Floor","Bronx","NY","10457","","Bronx","347-867-5438 x7663","https://www.acacianetwork.org","40.8462578","-73.9042458","SU","1","1","1","1","1","1","1","1","1","1","1","","","","","1","","1","1","","","1","1","1","","","","1","","1","","1","","","","","","","","","","","","","","","","","1","","","","","","","","","","1","1","1","1","1","1","1","1","","","1","1","1","","","1","","","","","1","","1","1","1","","1","1","1","1","1","1","","1","1","","","1","1","","1","1","1","","1","","","1","1","1","1","","","1","1","","1","","1","1","1","1","1","","","","","","1","1","","","1","1","1","1","1","1","1","","","1","1","","","1","1","1","1","1","1","1","1","1","1","1","1","","1","1","1","","","","","1","1","","","","1","1","1","1","1","1","1","1","1","","1","1","1","","","","","1","1","","1","","","1","1","1","1","1","","","","","","","","","","","","","","","","","","","","","","","","","","",""
"Camelot of Staten Island Inc","Stabil Rehab Reintegration","460 H Brielle Avenue","","Staten Island","NY","10314","","Richmond","718-816-6589","https://www.camelotcounseling.com","40.5912064","-74.1324714","SU","1","1","","","1","1","1","1","1","1","","","","","","1","","","1","","1","1","1","1","","","","1","","","1","1","","","","","","","","","","","","","","","","","1","","","","","","","","","","1","1","","1","1","","1","1","1","","","1","1","","","1","1","","","","1","1","1","1","1","1","1","","","1","1","1","1","1","1","1","1","1","1","1","1","1","1","","1","","","1","1","","1","","","1","","","1","","1","1","1","1","1","","1","1","1","1","1","","","1","1","1","1","1","1","1","1","1","1","1","1","","1","1","1","1","1","","1","","1","1","1","1","","","1","","1","1","","","","1","1","","","","1","1","1","","1","1","1","1","1","1","1","1","1","1","","","","1","1","","","","1","1","1","1","1","1","","","","","","1","","","","","","","","","","","","","","","","","","","","",""
"VIP Community Services OCCBHC","","770 East 176th Street","","Bronx","NY","10460","4617","Bronx","718-583-5150 x8418","https://www.vipservices.org","40.8420226","-73.8903059","SU","1","","","","1","","1","1","1","1","","","","","","1","","","1","","1","1","1","1","","","","","1","","","","","1","","1","1","","","","","","","","","","","","1","1","","","","","","","","","1","1","1","1","1","1","1","1","1","1","1","1","1","1","1","1","1","1","1","1","1","1","1","1","1","1","1","","","","","","1","1","1","1","1","","","1","1","1","","","1","","1","1","1","1","1","","","1","","","","","1","1","1","1","","","","1","","1","","1","","1","1","1","","1","1","1","","1","","1","1","","1","","1","1","1","","1","","1","","1","1","","","1","1","","","1","","","1","1","1","","1","","","","","","1","1","1","1","1","1","1","","1","","","","1","","","","","1","1","","","","1","","","","","","","","","","","","","","","","","","","","","","","","","","","1"
"VIP Community Services Inc","CCBHC","1825 Prospect Avenue","Rooms 205-207","Bronx","NY","10457","","Bronx","718-583-5150","https://www.vipservices.org","40.8425996","-73.8909985","SU","1","","","","1","","1","1","1","1","","","","","","1","","","1","","1","1","1","1","","","","","1","","","","","","","","1","","","","","","","","","","","","1","1","","","","","","","","","1","1","1","1","1","1","1","1","1","1","1","1","","","","","","","","","","1","1","1","1","","","","","","","","","1","1","1","","","","1","1","1","","","1","","1","","","1","1","","","1","","","","","1","1","","1","","","","1","","","","1","","1","1","","","1","1","1","","1","","","1","","1","","1","1","","","1","","1","","1","1","","","1","1","","","1","","","1","1","1","","1","","","","","","1","","1","1","1","1","1","","","","","","1","","","","","1","1","","","","1","","","","","","","","","","","","","","","","","","","","","","","","","","","1"
"My Hope 2020 at MIH Experience Ltd","","4580 Broadway","","New York","NY","10040","2105","New York","212-928-2020","https://","40.860081","-73.930558","SU","1","1","","","1","1","1","1","1","1","","","","","","1","","","1","","1","1","","1","","","","","1","","","","1","1","","","1","","","","","","","","","","","","1","","","","","","","","","","1","1","1","1","1","","","1","","","1","","","","","","","","","","","","","","","","1","1","1","","","1","","1","1","1","1","","1","1","1","1","1","","1","","","1","1","1","1","1","","1","","","","","1","1","1","1","1","","","","1","1","","","","1","","1","","1","1","","","1","1","","","","","1","","1","","","1","","1","1","1","1","","1","","","","","1","","","1","1","","","","1","","","1","1","","","","1","1","","","1","","","","","1","","","","","","","","","","1","","","","","","1","","","","","","","","","","","","","","","","","","","","",""
"New York Therapeutic Communities Inc","","162-24 Jamaica Avenue","","Jamaica","NY","11432","4910","Queens","718-657-2021 x1301","https://www.staynout.org","40.7044211","-73.7970689","SU","1","","","","","","","","","","","","","","","1","","","1","","1","1","1","","1","","","","1","","","","","","","1","1","","","","","","","","","","","","1","","","","","","","","","","1","1","1","1","1","","","","1","","1","1","1","1","1","1","1","1","1","1","1","1","1","1","1","1","","","","","","","1","1","1","","","1","1","1","1","1","1","1","1","","1","1","1","1","1","","","1","","","1","","","1","1","1","","","","1","1","1","1","","","1","1","1","","1","1","1","1","1","1","1","1","","1","","1","1","1","","","","","","","","","","1","","1","1","1","","","1","","","1","","","","","","","1","1","","1","1","1","1","","1","","","","","","","","","","1","1","1","","","1","","","","","","","","","","","","","","","","","","","","","","","","","",""
"Montefiore Medical Center","SATP UNIT III","2058 Jerome Avenue","1st and 2nd Floors","Bronx","NY","10453","","Bronx","917-564-8700 x8728","https://www.montefiore.org/psychiatry","40.8540848","-73.9067261","SU","1","","1","","1","","","1","","","1","","","","","","","1","1","","1","1","1","1","","","","","1","","","","","1","","","1","","","","1","","","","","","","","1","","1","","1","","","","","","1","1","1","1","1","1","1","1","","1","1","","","","","","","","","","","","","","","","1","","","","","","","1","1","1","1","","1","1","1","","","","1","","","1","1","1","1","","","1","1","","","","1","1","1","1","1","","1","","1","1","1","","","1","1","1","","1","1","1","1","1","1","1","1","","","1","1","1","1","","","1","1","","1","","","","1","","","","","","","1","1","1","1","1","1","1","1","","1","","1","1","1","","1","","","","1","1","","1","1","","1","1","","1","1","1","","1","","","1","","","1","","","","","","","","","","","","","","","","","","","","",""
"Saint Barnabas Hospital","Chemical Dependency Outpatient Servs","4451 3rd Avenue","2nd Floor","Bronx","NY","10457","","Bronx","718-960-6170","https://www.sbhny.org","40.852661","-73.892855","SU","1","","","","1","","","1","1","1","","","","","","1","","","1","","1","1","1","1","","","","","1","","","","","1","","","1","","","","1","","","","","","","","1","","1","1","1","","1","","","","1","1","1","1","1","1","","1","1","1","1","1","","","","1","","","1","1","1","1","1","","1","","","","","","","","1","1","1","","","1","1","1","1","1","","","1","","","1","1","1","1","1","","1","","","1","","1","1","1","1","","1","1","1","1","1","1","1","","1","1","1","1","1","1","1","1","1","1","1","1","","","1","1","1","1","","1","","1","1","","","1","","1","","1","","","","","","1","","","","","1","1","","","1","","1","1","1","","1","","","1","1","","1","1","","1","","","1","1","1","","1","","","","","","","","","","","","","","","","","","","","","","","","","","",""
"RUMC Silberstein Clinic","Med Sup Withdrawal Outpatient Clinic","1130 South Avenue","2nd Floor","Staten Island","NY","10314","","Richmond","718-818-6970","https://www.rumcsi.org","40.6125938","-74.1775673","SU","1","","","","1","","1","1","1","1","","","","","","1","","","1","","1","1","1","","1","","","","1","","","","","1","","","1","","","","1","","","","","","","","1","","1","1","1","","","","","","1","1","1","1","1","1","1","","","1","1","1","","","","","","","","1","1","","","","","1","1","","","","","","1","1","1","1","1","","1","1","1","1","","","1","","","1","1","1","1","1","","1","1","1","1","","1","1","1","1","1","","","1","1","1","1","1","","1","1","1","","1","1","1","1","1","1","1","1","","1","1","1","1","1","1","1","","1","1","1","1","1","","1","1","1","","1","","","1","1","1","","1","1","1","","1","1","","1","1","1","","1","","","","","","","1","","","","","","1","1","1","1","","","1","","","","1","","","","","","","","","","","","","","","","","","","","",""
"Grand Union Holistic Solutions LLC","Outpatient Clinic","1150 South Avenue","Suite 200","Staten Island","NY","10314","","Richmond","929-487-0003 x205","https://www.grandunionholistic.com","40.6120216","-74.1777585","SU","1","","","","1","","1","1","1","1","","","","","","1","","","1","","1","1","1","","1","","","","1","","","","","1","","1","1","","","","","","","","","","","","1","","1","","","","","","","","1","1","1","","1","1","","","","","1","1","1","1","1","1","1","1","1","1","1","1","1","1","1","1","1","","","","","","1","1","1","1","1","1","1","1","1","1","1","1","1","","1","1","1","1","1","1","","1","1","","1","","1","1","1","1","1","","","","1","1","1","1","","1","1","1","1","1","1","1","1","1","1","1","1","","1","1","1","1","1","","1","","1","1","1","1","1","1","","1","1","1","1","","","1","1","1","1","1","1","","","1","1","1","1","1","1","1","1","1","","","","","","1","","","","1","","1","1","1","1","","","1","","","1","","","","","","","","1","1","","","","","","","","","","","","","1"
"J CAP SRR","","116-30 Sutphin Boulevard","","Jamaica","NY","11434","","Queens","718-322-2500","https://","40.6819487","-73.7927982","SU","1","","","","1","","1","1","1","1","","","","","","1","","","1","","","1","1","","1","","","1","","","1","","","","","","","","","","","","","","","","","","1","","1","","","","","","","","1","1","1","1","1","1","1","","","1","1","1","1","","1","1","1","","","","1","1","1","1","1","1","1","","","","","","1","1","1","1","1","1","1","1","1","1","1","1","1","","","1","1","","1","","","1","1","","1","","1","1","1","1","1","1","1","1","1","1","1","1","","1","1","1","1","1","1","1","1","1","1","1","1","","1","1","1","1","1","1","1","","1","1","1","1","1","","1","1","1","1","1","","","1","1","1","1","1","1","1","1","1","1","1","1","1","1","1","1","1","","1","1","1","","1","1","","","","1","1","1","1","","","","1","","","","1","","","","","","","","","","","","","","","","","","","","",""
"Queens Village Committee for MH","JCAP Inc","116-30 Sutphin Boulevard","","Jamaica","NY","11434","","Queens","718-322-2500 x637","https://Acacianetwork.org","40.6819487","-73.7927982","SU","1","","","","1","","1","1","1","1","","","","","","1","","","1","","1","1","1","","1","","","1","","","1","","","","","","","","","","","","","","","","","","1","1","1","","","1","1","1","1","","1","1","","1","1","","1","1","1","","1","1","1","","","1","1","","","","1","1","1","1","1","1","1","","","","","","","1","1","1","","1","1","1","1","1","1","1","1","","","1","1","","1","","","1","1","","1","1","1","1","1","1","1","1","1","1","1","1","1","1","","1","1","1","1","1","1","1","1","1","1","1","1","","1","1","1","1","1","1","1","","1","1","1","1","1","","1","1","1","1","1","","","1","1","1","1","1","1","1","1","1","1","1","1","1","1","1","1","1","","1","1","1","","1","1","","1","1","","1","1","1","","1","","","","","","","","","","","","","","","","","","","","","","","","","","",""
"Saint Barnabas Hospital","Inpatient Detox","4422 3rd Avenue","4th Floor","Bronx","NY","10457","","Bronx","718-960-6401","https://www.sbhny.org","40.8533764","-73.8907008","SU","","1","","","1","1","1","1","1","1","","","","","","1","","","","","","1","","1","","","1","","","","","","","","","","","1","","","1","","","","","","","","1","1","1","1","1","","1","","","","1","1","1","1","1","1","","1","1","1","1","","","","","","","","","","","1","","","","","","1","","","","1","","1","1","","","","1","1","","1","","","1","","","1","1","1","1","","","1","","","1","","1","1","1","1","","","1","","1","1","1","","","1","","1","","1","1","","1","1","1","1","1","","1","1","1","1","1","","1","","1","1","1","1","1","","1","","1","","","","","","1","","","","1","1","1","1","1","1","","1","1","1","","1","1","","1","1","","1","1","","1","1","","1","1","1","","1","","","","","","1","","","","","","","","","","","","","","","","","","","","",""
"Wellness In Inwood LLC","Outpatient Clinic","148 Post Avenue","1st Floor","New York","NY","10034","","New York","845-267-1400","https://www.wellnessininwood.com","40.8653582","-73.9190511","SU","1","","","","1","","1","1","1","1","","","","","","1","","","1","","1","1","1","1","","","","","1","","","","","1","","1","1","","","","","","","","","","","","1","","","","","","","","","","1","1","1","1","1","","","1","","","1","1","1","1","1","1","1","","1","1","1","1","1","1","1","","1","","","","","","","1","1","1","1","","1","1","1","1","","","1","","","1","1","1","1","1","","1","1","","1","","1","1","1","1","1","1","","1","1","1","","1","","1","1","1","","1","1","1","","1","1","","1","","1","1","1","1","1","","1","","1","1","1","1","1","1","","1","","","1","","","1","1","1","","1","","","","1","","1","1","","1","1","","1","","1","","","","1","","","","","","1","","","","1","","","","","","1","","","","","","","","","","","","","","","","","","","","",""
"Saint Barnabas Hospital","Opioid Treatment Program","4535 3rd Avenue","","Bronx","NY","10458","","Bronx","718-960-6214","https://www.sbhny.org","40.8543779","-73.8908776","SU","1","","1","","1","","1","1","1","1","1","","","","","1","","1","1","","1","1","1","1","","","","","1","","","","","1","","","1","","","","1","","","","","","","","1","","1","1","1","","1","","","","1","1","1","1","1","1","","1","1","1","1","1","","","","1","1","","1","1","1","1","1","","1","","1","","","","","","1","1","1","1","","1","1","1","1","1","","","1","","","1","1","1","1","","","1","","","1","","1","1","1","1","","1","1","1","1","1","1","1","","1","1","1","1","1","1","1","1","1","1","1","1","","","1","1","1","1","","1","1","1","1","1","1","1","","1","","1","","","","","","1","","","","","1","1","","","1","","1","1","1","","1","","","1","1","","1","1","","1","1","","1","1","1","","1","","","","","","1","","","","","","","","","","","","","","","","","","","","",""
"Queens Comprehensive Outpatient Prog","COP","175-20 Hillside Avenue","2nd, 3rd and 4th Floors","Jamaica","NY","11432","","Queens","718-558-7230 x5812","https://www.saintjosephs.org","40.7116422","-73.7869182","SU","1","","","","1","","","1","","","","","","","","","","","1","","","1","1","1","","","","","1","","","","","1","","","1","","","","1","","","","","","","","1","1","","","1","","","","","","1","1","1","","","","","1","","","","1","1","","1","1","1","","1","1","1","1","1","1","1","","","","","","","","","1","1","","","","1","1","1","","","","1","","","1","1","1","1","","","1","","","","","1","1","1","1","","","","1","1","1","1","","","1","","1","","1","1","1","1","1","1","1","1","","","","1","","","","","","1","","1","","","","1","1","","","","1","","","","","","","","","","","","1","1","1","1","1","","","","1","","","","1","","","","1","","1","1","1","","1","","","","","","1","","","","","","","","","","","","","","","","","","","","",""
"TRI Center Inc","Drug Abuse Treatment","2488 Grand Concourse Avenue","","Bronx","NY","10458","","Bronx","718-584-7204","https://www.tricenter.com","40.8620633","-73.8969605","SU","1","","","","1","","1","1","1","1","","","","","","1","","","1","","1","1","1","","1","","","","1","","","","","1","","1","1","","","","","","","","","","","","1","","","","","","","","","","1","1","","1","1","","","1","","","","1","","","","1","1","","1","1","1","1","1","1","1","1","","","","","","","","1","1","1","1","","","1","1","1","1","","1","","","1","1","1","1","","","1","","","1","","1","1","1","1","1","","","1","1","1","","","","","1","1","","1","1","1","","1","1","","1","","1","","1","1","1","","1","","1","","1","1","","1","","1","1","1","","","","1","1","","","","","","","","","1","1","","1","","1","","","","","","","1","","","","","","1","","1","1","1","","","","","","","","","","","","","","","","","","","","","","","","","","",""
"Bronx Outreach Center","OCCBHC","750 Astor Avenue","","Bronx","NY","10467","","Bronx","718-518-9007 x7901","https://www.samaritanvillage.org","40.8593069","-73.8652734","SU","1","","","","1","","1","1","1","1","","","","","","1","","","1","","1","1","1","1","","","","","1","","","","","1","","1","1","","","","","","","","","","","","1","","","","","","","","","","1","1","1","1","1","1","1","1","1","","1","1","1","1","1","1","1","1","1","1","1","1","1","1","1","1","1","","","","","","1","1","1","1","1","1","1","1","1","1","1","1","1","","1","1","1","1","1","1","","1","1","","1","","1","1","1","1","1","1","1","1","1","1","1","1","","1","1","1","1","1","1","1","1","1","1","1","1","","1","1","1","1","1","","1","","1","1","1","1","1","","1","1","1","1","1","","","1","1","","1","","1","1","1","1","1","1","1","1","1","1","1","1","","1","1","1","","1","1","","","","1","1","1","1","1","1","","","","","1","1","","","","1","","","","","","","","","","","","","","","","","1"
"Next Steps North","Outpatient Clinic 1","1510 Waters Place","","Bronx","NY","10461","","Bronx","718-409-9433","https://www.montefiore.org","40.8458875","-73.8408173","SU","1","","","","1","","1","1","1","1","","","","","","1","","","1","","1","1","1","1","","","","","1","","","","","1","","","1","","","","1","","","","","","","","1","","","1","1","","","","","","1","1","","","1","","1","","","1","1","1","","","1","1","","1","","","","1","1","1","1","1","1","","","","","","1","1","1","1","","","1","1","1","1","","","1","","1","1","","1","1","","","1","1","","","","1","1","1","1","1","","","1","1","1","1","1","","1","1","1","","1","1","1","1","","1","1","1","","","1","1","1","1","","1","","1","1","","1","1","","1","1","1","","","","","","1","1","1","1","","","","","","1","1","","1","1","","1","","1","","","","1","","","","","","","1","1","1","1","","","","","","","","","","","","","","","","","","","","","","","","","","",""
"Next Steps North","Outpatient Clinic 2","1510 Waters Place","","Bronx","NY","10461","","Bronx","718-597-3888 x8553","https://www.montefiore.org","40.8458875","-73.8408173","SU","1","","","","1","","1","1","1","1","","","","","","1","","","1","","1","1","1","1","","","","","1","","","","","1","","1","1","","","","1","","","","","","","","1","1","1","1","1","","","","","","1","1","","","1","","1","","","1","1","1","1","1","1","1","1","","1","1","1","1","1","1","1","1","1","","","","","","1","1","1","","","","1","1","1","1","","","1","","","1","1","1","1","","","1","1","","","","1","1","1","1","1","","1","1","1","1","1","1","","1","1","1","","1","1","1","1","1","1","1","1","","","1","1","1","1","","1","","1","1","1","1","1","","1","1","1","","","","","","1","1","1","1","1","1","1","","1","1","1","","1","1","","1","","1","1","1","","1","","","","","","1","1","1","1","1","","","","","","","","","","","","","","","","","","","","","","","","","","",""
"Wellness Center at Waters Place OTP","","1510 Waters Place","","Bronx","NY","10461","","Bronx","718-829-3440 x8578","https://www.montefiore.org","40.8458875","-73.8408173","SU","1","","1","","1","","1","1","1","1","1","","","","","","","1","1","","1","1","1","1","","","","","1","","","","","1","","","1","","","","1","","","","","","","","1","1","1","1","1","","","","","","1","1","","","1","","1","","","1","1","1","1","1","1","1","1","","1","1","1","1","1","1","1","1","1","","","","","","1","1","1","","","","1","1","1","1","","","1","","","1","1","1","1","","","1","1","","","","1","1","1","1","1","","1","1","1","1","1","1","","1","1","1","","1","1","1","1","1","1","1","1","","","1","1","1","1","","1","1","1","1","","","1","","1","1","","","","","","","1","1","1","1","1","1","1","","1","1","1","","1","1","","1","","1","1","1","","1","","","1","1","","1","1","1","1","1","","","1","","","","","","","","","","","","","","","","","","","","","","","",""
"Comp Addiction Treatment Center (CATC)","Comprehensive Outpatient Program","1400 Pelham Parkway","S Building 1, 9th Floor, Suite 9W2","Bronx","NY","10461","","Bronx","718-918-4465","https://","40.8554628","-73.8458118","SU","1","1","","","1","1","1","1","1","1","","","","","","","","","","","1","1","1","1","","","","","1","","","","1","1","","1","1","","","","1","","","","","1","","","1","","","","1","","","","","","1","1","1","1","1","","1","1","","1","1","1","","","","","","","","1","1","","","","","","","1","1","1","1","1","","1","1","1","","","1","1","1","1","","","1","","","1","1","1","1","1","","1","1","","1","","1","1","1","1","1","1","1","1","1","1","1","1","","1","","1","","1","1","1","","1","1","1","1","","1","1","1","1","1","","1","","1","1","1","1","1","","","","","","","","","","1","","","","1","","","","1","1","","1","1","1","","1","1","1","","","","","","","1","","","1","1","1","","1","","","","","","1","","","","","","","","","","","","","","","","","","","","",""
"Camelot Counseling Services","Saratoga","175-15 Rockaway Boulevard","","Jamaica","NY","11434","","Queens","718-632-3275","https://www.camelotcounseling.com","40.6579223","-73.7693896","SU","1","","","","1","","1","1","1","1","","","","","","1","","","1","","1","1","1","1","","","","","1","","","","","1","","","1","","","","","","","","","","","","1","","","","","","","","","","1","1","1","1","1","","","1","1","","","1","","","","1","1","","1","1","1","1","1","1","1","1","1","","","","","","1","1","1","1","1","1","1","1","1","1","","","1","","","1","1","1","1","","","1","1","","1","","1","1","1","1","1","1","1","1","1","1","1","1","","1","1","1","1","1","1","1","1","1","1","1","1","","1","1","1","1","1","","1","","1","1","1","1","1","","1","","1","","","","","1","1","","","","1","","","","1","1","1","1","1","1","1","1","","","","","","1","","","","","","1","1","1","1","1","","","","","","1","","","","","","","","","","","","","","","","","","","","",""
"Bronx Outreach Center","Outpatient Clinic","900 Arnow Avenue","","Bronx","NY","10469","3906","Bronx","718-518-9007 x2100","https://www.samaritanvillage.org","40.867598","-73.861054","SU","1","","","","1","","1","1","1","1","","","","","","1","","","1","","1","1","1","1","","","","","1","","","","","1","","1","1","","","","","","","","","","","","1","","","","","","","","","","1","1","1","1","1","1","1","1","1","","1","1","1","1","1","1","1","1","1","1","1","1","1","1","1","1","1","","","","","","1","1","1","1","1","1","1","1","1","1","1","1","1","","1","1","1","1","1","1","","1","1","","1","","1","1","1","1","1","1","1","1","1","1","1","1","","1","1","1","1","1","1","1","1","1","1","1","1","","1","1","1","1","1","","1","","1","1","1","1","1","","1","1","1","1","1","","","1","1","","1","","1","1","1","1","1","1","1","1","1","1","1","1","","1","1","1","","1","1","","","","1","1","1","1","1","1","","","","","1","1","","","","1","","","","","","","","","","","","","","","","","1"
"NYC/HHC North Central Bronx Hospital","Inpatient Psychiatric Unit","3424 Kossuth Avenue","","Bronx","NY","10467","","Bronx","718-519-4864 x2081","https://www.nychealthandhospitals.org/","40.8804138","-73.8810488","SU","1","","","","1","","","1","","","","","","","","","","","1","","","1","1","1","","","1","","1","","","","","1","1","","1","","1","","1","","","","","","1","","","","","1","1","","","","","","1","1","1","","1","","1","1","1","1","1","1","1","1","1","1","1","","1","1","1","1","1","1","1","1","1","","","","","","","1","1","","","","1","","1","1","","","1","","1","1","","1","1","","","1","","","1","","1","1","1","1","","1","","","1","1","1","1","","1","","1","","1","1","","1","","1","1","1","","1","1","1","1","1","","","","1","","1","","","","","1","","","","1","","","","","","","","1","1","","","1","1","1","1","1","1","1","","","1","1","","1","1","","","","","1","1","1","","1","","","","","","","","","","","","","","","","","","","","","","","","","","",""
"Montefiore Medical Center","SATP UNIT 1","3550 Jerome Avenue","","Bronx","NY","10467","","Bronx","718-920-4067","https://www.montefiore.org/psychiatry","40.8840105","-73.8798664","SU","1","","1","","1","","","1","","","1","","","","","","","1","1","","1","1","1","1","","","","","1","","","","","1","","","1","","","","1","","","","","","","","1","","1","","1","","","","","","1","1","1","1","1","1","1","1","","1","1","","","","","","","","","","","","","","","","1","","","","","","","1","1","1","1","","1","1","1","","","","1","","","1","1","1","1","","","1","1","","","","1","1","1","1","1","","1","","1","1","1","","","1","1","1","","1","1","1","1","1","1","1","1","","","1","1","1","1","","","1","1","","1","","","","1","","","","","","","1","1","1","1","1","1","1","1","","1","","1","1","1","","1","","","","1","1","","1","1","","1","1","","1","1","1","","1","","","1","","","1","","","","","","","","","","","","","","","","","","","","",""
"VERTEX LLC","Bronx Outpatient","1080 East Gun Hill Road","","Bronx","NY","10469","3742","Bronx","718-653-1117","https://www.vertexllc.org","40.8738443","-73.8561565","SU","1","1","","","","","","1","1","1","","","","","","1","","","1","","1","1","1","1","","","","","1","","","","","","","","1","","","","","","","","","","","","1","1","1","","","","","","","","1","1","","1","1","","","1","1","1","1","1","1","","","1","1","1","1","1","1","1","1","1","1","1","1","1","1","1","1","1","1","1","1","1","1","1","1","1","1","1","1","","1","","1","1","1","1","1","1","","1","1","","1","","1","1","1","1","1","1","1","1","1","1","1","1","","1","1","1","1","1","1","1","","1","1","1","1","","1","1","1","1","1","","1","","1","","","","","1","","","1","1","1","","","1","1","1","1","1","","","","","","1","1","","1","1","1","1","","1","","","","1","","","","","","1","","","1","1","","","","","1","","","","","","","","","","","","","","","","","1","","","","",""
"Camelot Counseling Centers","Williamsbridge","946 East 211 Street","","Bronx","NY","10469","","Bronx","718-412-3170","https://www.camelotcounseling.com","40.8753824","-73.8588244","SU","1","","","","1","","1","1","1","1","","","","","","1","","","1","","1","1","1","1","","","","","1","","","","","1","","","1","","","","","","","","","","","","1","","","","","","","","","","1","1","1","1","1","","","1","1","","","1","","","","1","1","","1","1","1","1","1","1","1","1","1","","","","","","1","1","1","1","1","1","1","1","1","1","","","1","","","1","1","1","1","","","1","1","","1","","1","1","1","1","1","1","1","1","1","1","1","1","","1","1","1","1","1","1","1","1","1","1","1","1","","1","1","1","1","1","","1","","1","1","1","1","1","","1","","1","","","","","1","1","","","","1","","","","1","1","1","1","1","1","1","1","","","","","","1","","","","","","1","1","1","1","1","","","","","","1","","","","","","","","","","","","","","","","","","","","",""
"Staten Island YMCA Counseling Service","Outpatient Clinic","3911 Richmond Avenue","","Staten Island","NY","10312","","Richmond","718-948-3232","https://www.ymcanyc.org/counseling","40.5430811","-74.1635707","SU","1","","","","1","","1","1","1","1","","","","","","1","","","1","","1","1","1","1","","","","","1","","","","","1","","","1","","","","","","","","","","","","1","","","","","","","","","","1","1","","1","1","1","1","1","1","1","1","","","","","","","1","","1","1","","","","","","1","","","","","","","1","1","1","1","1","1","1","1","1","1","","1","","1","1","","1","1","","","1","1","","","","1","1","1","1","1","","","","1","1","1","1","","1","1","1","","1","1","1","1","1","1","1","1","","1","1","1","1","1","","1","","1","1","1","1","1","","1","1","","","1","","","1","1","1","","1","1","","","","1","","","","1","","1","","","","","","","1","","","","","1","","1","1","1","1","","","","","1","1","","","","","","","","1","","1","","","","","","","","","","",""
"Westchester Jewish Community Services","(WJCS) OCCBHC","487 South Broadway","","Yonkers","NY","10705","","Westchester","914-761-0600","https://www.wjcs.com","40.9164503","-73.8971264","SU","1","","","","","","1","1","1","1","","","","","","1","","","1","","1","1","1","1","","","","","1","","","","","1","","","1","","","","","","","","","","","","1","1","","","","","","","","","1","1","1","1","1","","1","1","1","1","1","1","1","","","","1","1","","1","1","","1","1","1","1","1","","","","","","","1","1","1","","","1","1","1","1","","1","1","","1","1","1","1","1","","","","1","","1","","1","1","1","1","1","1","","1","1","1","","","","1","","1","1","1","1","1","","1","1","","1","","1","1","1","1","1","","1","","1","1","1","1","1","","1","","","1","","","","","1","1","","1","1","","","1","1","","1","","1","","1","","","1","","","","1","","","","","1","","","","","1","","","","","","","","","","","","","","","","","","","","","","","","","","",""
"New Day Treatment Center LLC","Outpatient Clinic","1050 Beach 21st Street","","Far Rockaway","NY","11691","","Queens","718-799-4999","https://newdaytreatment.org","40.6036147","-73.7535625","SU","1","","","","","","1","1","1","1","","","","","","1","","","1","","1","1","1","","1","","","","1","","","","","1","","","1","","","","","","","","","","","","1","","","","","","","","","","1","1","","","","","","1","","","1","1","1","","","1","1","","","1","1","1","1","1","1","1","1","","","","","","","1","1","1","1","1","1","1","1","1","","","1","","","1","1","1","1","1","","1","1","1","1","1","1","1","1","1","1","1","1","1","1","1","","1","","1","1","1","","1","1","1","","1","1","","1","","1","1","1","1","1","1","1","","1","1","1","1","1","1","","","1","","1","","","1","1","1","1","1","","","","","","1","1","","1","1","","1","","","","","","1","","","","","","1","","","","","","1","","","","","","","","","","","","","","","","","","","","","","","","",""
"Northwell Hlth LI Jewish Med Ctr","Hillside Hosp/Far Rockaway Trt Ctr OP2","1600 Central Avenue","2nd Floor","Far Rockaway","NY","11691","2844","Queens","718-868-1400","https://www.northwell.edu","40.6052465","-73.7523243","SU","1","1","","","1","1","1","1","1","1","","","","","","1","","","1","","1","1","1","1","","","","","1","","","","1","1","","","1","","","","","1","","","","","","","1","","","","1","","","","","","1","1","1","1","1","","1","1","","","1","1","","","","1","","","","1","1","","1","","","","1","","","","","1","","1","1","1","1","","1","","1","1","","","1","","1","1","1","1","1","1","","1","1","1","1","","1","1","1","1","1","","","1","1","1","1","1","","1","1","1","","1","1","1","1","1","1","1","","","1","1","","1","1","","1","","1","1","1","1","1","","1","","","","1","","","1","1","1","","1","","","","","","","1","1","1","1","","1","1","1","","","","1","","","","","","1","1","1","","1","","","","","","1","","","","","","","","","","","","","","","","","","","","",""
"Platinum Recovery Center","Methadone Clinic","712 Beach 20th Street","1st Floor","Far Rockaway","NY","11691","","Queens","347-897-0077","https://","40.601956","-73.75332","SU","1","1","","","","","","","","","","","","","","1","","","1","","","1","1","1","","","","","1","","","","1","1","","","","","","","","","","","","","","","1","","","","","","","","","","1","1","1","1","1","1","","1","","","","1","1","1","1","1","1","","1","1","1","1","1","1","1","1","","","","","","1","","1","1","1","1","1","1","1","1","1","1","","1","","","1","1","1","1","","","1","","","1","","1","1","1","1","","","1","","1","1","1","1","","1","1","1","1","1","1","1","1","1","1","1","1","","","1","1","1","1","","","","","","","","","1","","1","1","1","","","1","","","","","","","1","1","","","1","1","1","1","1","1","1","1","","1","1","","1","","","1","1","","1","1","1","","1","","","1","","","","","","","","","","","","","","","","","","","","","","","",""
"Saint Josephs Medical Center","Positive Directions Clinic","317 South Broadway","2nd Floor","Yonkers","NY","10705","","Westchester","914-378-7566","https://www.saintjosephs.org","40.9227132","-73.8961616","SU","1","","","","1","","","1","1","","","","","","","1","","","1","","1","1","","1","","","","","1","","","","","1","1","","1","","","","1","","","","","1","","","1","","","","1","","","","","","1","1","1","","1","","1","","","1","1","","","","","","","","","","","","","","","","","","","","","","1","1","1","1","","1","1","","1","1","","","1","","","1","1","1","1","1","1","1","","","1","","1","1","1","1","","","","","1","1","1","","","1","","1","","1","1","","","1","1","1","1","","","1","1","1","1","","1","","1","1","1","1","","","","","1","","1","","","1","1","","","","","","","","","1","1","","1","","","","","","","","","1","","","","","","","","1","","1","","","","","","","","","","","","","","","","","","","","","","","","","","",""
"WellLife Network Elmont Clinic OP","Elmont Behavioral Health Clinic","40 Elmont Road","","Elmont","NY","11003","","Nassau","347-625-9985","https://www.welllifenetwork.org","40.7093146","-73.7089492","SU","1","","","","1","","","1","","","","","","","","1","","","1","","1","1","1","1","","","","","1","","","","","1","","","1","","","","","","","","","","","","1","","","","","","","","","","1","1","1","1","1","","1","1","","","1","1","1","","","1","1","1","1","1","1","1","1","1","1","1","1","","","","","","","1","1","1","1","","1","1","1","1","1","","1","","1","1","1","1","1","1","","1","","","1","","1","1","1","","","","","1","","","","1","","1","1","1","","1","1","","","1","","","1","","","1","1","1","1","","1","","","1","1","","","","1","1","1","1","1","","","1","1","1","1","1","","","","","","","1","","1","1","","","","1","","","","1","","","","","","","","","","1","","","","","","","","","","","","","","","","","","","","","","","","","","","1"
"Zucker Hillside Hospital Northwell","Addiction Recovery Services/Daehrs","7559 263rd Street","Littauer Building Zucker Hillside Hosp","Glen Oaks","NY","11004","","Queens","718-470-8950","https://zucker.northwell.edu/","40.7511841","-73.7116515","SU","1","","","","","","1","1","1","1","","","","","","","","","1","","1","1","1","1","","","","","1","","","","","1","","","1","","","","","1","","","","","","","1","","1","","1","","","","","","1","1","1","1","1","1","","1","","1","","1","","","","","1","","1","1","1","","1","1","1","1","1","","","","","","1","1","1","1","1","1","1","","1","1","","","1","","","1","1","1","1","1","","1","1","","1","","1","1","1","1","1","","1","","1","1","1","","","1","1","1","","1","1","1","1","","1","","","","","1","1","1","1","","1","","1","","1","1","1","","1","1","","","","","","","1","","","","1","","","","1","1","1","","1","","","","","","1","1","","1","","","","","","1","1","1","1","1","","","","","","","","","","","","","","","","","","","","","","","","","","",""
"Friends of Bridge Inc","Outpt Substance Abuse Treatment Prog","5 Pflug Place","Suite 11","Valley Stream","NY","11580","","Nassau","516-825-4242","https://www.friendsofbridge.org","40.6676958","-73.7061802","SU","1","1","","","1","1","1","1","1","1","","","","","","1","","","1","","1","1","1","1","","","","","1","","","","1","1","","","1","","","","","","","","","","","","1","","","","","","","","","","1","1","","1","1","","1","1","1","","","1","","","","1","","1","","1","1","","","","","1","1","1","1","1","1","1","","1","1","1","","1","1","1","1","1","1","1","1","","1","1","1","1","1","1","","1","1","","1","","","1","1","1","1","","","1","1","1","","1","","1","","1","","1","1","1","","1","1","1","1","","1","1","1","1","1","","1","","1","1","1","1","1","","1","","1","","","","","","1","","1","","","","","","","1","1","","1","1","","","1","1","","","","1","","","","","","","","","1","1","","","","","","1","","","","","","","","","","","","","","","","","","","","",""
"Montefiore Mount Vernon Hospital","Methadone Maintenance Treatment Prog","3 South 6th Avenue","3rd Floor","Mount Vernon","NY","10550","","Westchester","914-361-6239","https://","40.9109397","-73.8386441","SU","1","","1","","","","","","","","1","","","","","1","","1","1","","1","1","1","1","","","","","1","","","","","1","","","1","","","","1","","","","","","","","1","","1","","1","","","","","","1","1","1","1","1","","1","1","","1","1","1","","","","","","","","","","","","","","","","","","","","","","1","1","","","","1","1","1","","","","1","","","1","1","1","1","","","","","","","","","1","1","1","","","1","","1","1","","1","","","1","1","","1","1","1","1","1","1","1","1","","","","1","1","1","","1","1","","","","","","","1","","1","1","","1","","","","","","","","","","","","","1","1","1","","","","","","","","","","","","1","1","","1","","1","","1","","","1","","","","","","","","","","","","","","","","","","","","","","","",""
"New Horizon Counseling Center Inc","Valley Stream Clinic","50 West Hawthorne Avenue","Suite 314","Valley Stream","NY","11580","","Nassau","516-872-9698 x6319","https://www.nhcc.us","40.6610155","-73.7010342","SU","1","","","","1","","1","1","1","1","","","","","","1","","","1","","1","1","1","1","","","","","1","","","","","1","","1","1","","","","","","","","","","","","1","","","","","","","","","","1","1","1","1","1","1","1","1","1","1","1","1","","","","1","1","1","","1","1","","1","","","1","1","","","","","","","1","1","1","1","","1","1","1","1","","","1","","1","1","1","1","1","1","","1","1","","1","","1","1","1","1","1","1","","","1","1","","1","","1","1","1","","1","1","1","","1","1","","1","","","1","1","1","1","1","1","","1","1","1","1","1","","1","1","1","","","","","1","1","","","","","","","","","","1","","1","1","","1","","","","","","1","","","","","","1","","","","1","","","","","","","","","","","","","","","","","","","","","","","","","","","1"
"Tempo Group Inc","Outpatient Drug Treatment Program","112 Franklin Place","","Woodmere","NY","11598","","Nassau","516-374-3671","https://www.tempogroup.org","40.6330026","-73.7078312","SU","1","","","","1","","1","1","1","","","","","","","1","","","1","","1","1","1","1","","","","","1","","","","","1","","","1","","","","","","","","","","","","1","","","","","","","","","","1","1","1","1","1","","1","1","","","","1","","","","","","1","","1","1","","1","","","1","1","","","","","","","1","1","1","1","1","1","","1","1","","","1","","1","1","1","1","1","","","1","1","","","","1","1","1","1","1","","","","1","1","","1","","1","1","1","1","1","1","","","","1","","","","","1","1","1","1","","1","","1","1","1","1","","","1","","1","1","1","","","1","1","1","1","1","1","","","1","1","","1","","1","1","","","","","","","","1","","","","","1","","","","","1","","","","","","1","","","","","","","","","","","","","","","","","","","","",""
"Comprehensive Recovery Center","COP","2 Park Avenue","Wellness Center and Lab, 1st Floor","Yonkers","NY","10703","","Westchester","914-964-7714","https://","40.9402044","-73.8916407","SU","1","","","","1","","1","1","1","1","","","","","","","","","1","","1","1","1","1","","","","","1","","","","","1","1","1","1","","","","1","","","","","","","","1","","1","1","1","","","","","","1","1","1","1","1","","1","1","","","1","1","","","","1","","1","","1","1","","1","1","1","","","","","","","","1","1","1","1","","","1","1","1","1","","","1","","1","1","1","1","1","1","","1","1","","1","","1","1","1","1","","","","","1","1","1","","","1","1","1","","1","1","1","1","","1","1","","","1","1","1","1","1","","1","","1","","1","1","1","","1","","","","","","","","1","","","","1","","","","1","","1","","1","1","","","","","","","","1","","","1","1","1","1","","1","","1","","","","","","","","","","","","","","","","","","","","","","","","","","",""
"Saint Johns Riverside Hospital","Inpatient Rehabilitation","2 Park Avenue","3rd Floor, West Wing, Rooms 3W, 3E, 5N","Yonkers","NY","10703","","Westchester","914-964-4000","https://www.riversidehealth.org","40.9402044","-73.8916407","SU","1","","1","","1","","1","1","1","1","1","","","","","1","","1","","","","1","","1","","","1","","","","","","","","","","","","1","","1","","","","","","1","","1","","1","","1","","","","","","1","1","1","1","1","","","","","","","1","1","","","1","1","","","1","1","1","1","1","1","","1","","","","","","","1","1","1","","1","1","1","1","1","","","1","","","1","1","1","1","","","1","1","","1","","1","1","1","1","1","","","","","1","1","1","","","1","1","1","1","1","","1","1","","1","","","","1","","1","1","","1","1","1","","1","1","1","","","","1","","","","","1","1","","","","1","1","1","1","1","1","","1","1","","","1","","","1","1","","1","","","","","","1","1","1","","1","","","","","","","","","","","","","","","","","","","","","","","","","","",""
"Staten Island University Hospital","Methadone Maintenance Treatment Prog","392 Seguine Avenue","","Staten Island","NY","10309","","Richmond","718-226-2808 x3819","https://www.northwell.edu","40.5163721","-74.1973651","SU","1","","1","","","","","","","","1","","","","","","","1","","","1","1","1","1","","","","","1","","","","","1","","","","","","","1","","","","","","","","1","1","1","1","1","","","","","","1","1","1","1","1","1","","1","","1","1","1","1","1","1","1","1","","1","1","1","1","1","1","1","1","","","","","","","","1","1","1","","","","1","1","","","","1","","","1","1","1","1","","","1","","","","","1","1","1","1","","","1","","1","1","1","1","","1","","1","","","1","1","1","1","1","1","1","","","","1","1","1","","","1","","","","","","","1","","","","","1","","","","","","","","","","","","1","1","1","1","1","1","","","","","","","","","","1","1","","1","1","1","","1","","","1","","","1","","","","","","","","","","","","","","","","","","","","",""
"Christophers Reason","Outpatient Clinic","4521 Arthur Kill Road","","Staten Island","NY","10309","","Richmond","718-605-1989","https://www.christophersreason.org","40.5331277","-74.2390641","SU","1","1","","","1","","1","1","1","1","","1","","","","","","","1","","1","1","1","","1","","","1","1","1","1","","1","1","1","1","1","","","","","","","","","","","","1","","1","","","","","","","","1","1","","1","1","","","","","","1","1","","","","1","","1","","1","1","","1","1","1","1","1","","","1","1","1","1","1","1","1","1","","1","1","1","1","","","1","","1","1","","1","1","1","","1","","","1","","1","1","1","1","","1","","1","1","1","1","1","","1","1","1","1","1","1","1","1","1","1","1","1","","1","1","1","1","1","","1","","1","1","1","1","1","","1","","","","","","","1","1","1","1","1","1","","1","1","1","","1","1","1","1","1","","1","1","","","","1","","","","","","","1","1","","","","1","","","1","1","","","","","","","","","","","","","","","","1","","","","",""
"Crossroads RRi","","395 Webster Avenue","","New Rochelle","NY","10801","","Westchester","914-636-8689","https://","40.9165453","-73.7952374","SU","1","","","","","","","","","","","1","","","","1","","","1","","","1","","1","","","","1","","","1","","","","","","","","","","","","","","","","","","","","","","","","","","","","1","1","","","","","","","","","","1","1","","","1","1","","","","1","1","1","1","1","","","","","","","","","1","1","","","","","","1","","","","1","","","1","1","","1","","","1","","","","","","1","","1","","","","1","1","","","","","","","1","","1","1","1","","","","","","","1","","","1","1","","","","","","","","","","1","","","","1","","","1","","1","","1","","","","","","1","","","1","1","","","","","","","","","","","","","","","","","","1","","","","","","","","","","","","","","","","","","","","","","","","","","",""
"Northwell Health","Project Outreach/Outpatient Drug Free","600 Hempstead Turnpike","","West Hempstead","NY","11552","","Nassau","516-481-2890 x11024","https://www.northwell.edu/doctors-offices/northwell-health-project-outreach","40.7067648","-73.66245","SU","1","","","","1","","1","1","1","1","","","","","","","","","1","","1","1","1","1","","","","","1","","","","","1","","","1","","","","","1","","","","","","","1","","1","1","1","","","","","","1","1","1","1","1","","1","1","","","1","1","","","","1","","","","","","","1","","","","1","","","","","","","1","1","1","1","","1","","1","1","1","","1","","","1","1","1","1","1","","1","1","","1","","1","1","1","1","1","","","1","1","1","1","","","1","1","1","","1","1","1","1","","1","1","","","","1","1","1","1","","1","","1","","1","1","1","","1","1","","","","","","","1","","","","","","","","","","1","1","1","","1","","","1","1","1","","1","","","","","","1","1","1","","1","","","","","","","","","","","","","","","","","","","","","","","","","","",""
"Guidance Center of Westchester","Metro Opioid Treatment Program","20 Sickles Avenue","","New Rochelle","NY","10801","4030","Westchester","914-297-3459 x3459","https://www.theguidancecenter.org","40.9151545","-73.786066","SU","1","1","1","","1","","1","1","1","","1","","","","","","","1","1","","1","1","1","","1","","","","1","","","","","1","","","1","","","","","","","","","","","","1","1","","","1","","","","","","1","1","1","1","1","","1","1","1","","1","1","","","","","1","","1","1","","","1","","","","","","","","","1","","1","1","1","1","","1","1","1","1","","","1","","","1","1","1","1","","","1","","","1","","1","1","1","1","","","","1","1","1","1","1","","1","1","1","1","1","1","","1","1","1","1","1","","1","","1","1","1","","1","1","1","","1","1","","","1","1","","","","","","","1","1","","1","1","","","","1","1","1","1","1","1","","","","","","","","1","","","1","1","","1","1","1","1","","","1","1","","","","","","","","","","","","","","","","","","","","","","","",""
"Port Counseling Center Inc","Division of Long Beach Reach","225 Main Street","","Port Washington","NY","11050","","Nassau","516-767-1133","https://www.portcounseling.org","40.8316337","-73.69572","SU","1","","","","1","","1","1","1","1","","","","","","1","","","1","","1","1","1","1","","","","","1","","","","","1","","","1","","","","","","","","","","","","1","","","","","","","","","","1","1","1","1","1","1","1","1","1","","1","","","","","1","","1","","","","","","","","","1","","","","","","1","1","1","1","1","1","1","","1","1","","","1","","1","1","1","1","1","1","","1","1","","","","1","1","","1","","","","1","1","1","","1","","","1","1","","1","1","1","","","1","","1","","1","1","","1","1","","1","","1","1","1","1","1","","1","","1","","1","","","1","1","1","","1","","","","","","","","","1","1","","1","","1","","","","1","","","","","1","1","","","1","1","","","","","","","","","","","","","","","","","","","","","","","","","","",""
"Lexington Center for Recovery","Outpatient Clinic","3 Cottage Place","2nd Floor","New Rochelle","NY","10801","","Westchester","914-235-6633 x1514","https://www.lexingtonctr.org","40.9148399","-73.7820164","SU","1","","","","","","1","1","1","1","","","","","","1","","","1","","1","1","1","","1","","","","1","","","","","1","1","","1","","","","","","","","","","","","1","","","","","","","1","","","1","1","","1","1","","1","1","","","1","1","","","","1","","1","","","","","1","","","1","1","","","","","","1","1","1","1","1","1","1","","1","1","","","1","","1","1","1","1","1","","","1","1","","1","1","1","1","1","1","1","1","1","1","1","1","1","1","","1","1","1","1","1","1","1","1","1","1","1","","","1","","1","1","1","","1","","1","1","1","1","1","","1","","","","1","","","","1","1","","1","1","","","1","1","","1","","1","1","1","","","1","","","","1","","","","","1","","1","1","","","","1","","","","","","","","","","","","","","","","","","","","","","","","",""
"Nassau Alternative Advocacy Program OP","SUD Treatment and Patient Advocacy","151 Herricks Road","Suite 102","New Hyde Park","NY","11040","5200","Nassau","516-741-3110","https://www.nassaualternative.com","40.7414011","-73.6554232","SU","1","1","","","1","1","1","1","1","1","","","","","","1","","","1","","1","1","1","1","","","","","1","","","","1","1","","1","1","","","","","","","","","","","","1","","1","","","","","","","","1","1","1","1","1","","","1","1","","1","1","1","1","","1","1","1","1","1","1","1","1","1","1","1","1","1","1","1","1","1","1","1","1","1","1","1","1","1","1","1","1","1","1","","1","1","1","1","1","1","","1","1","1","1","","1","1","1","1","1","1","","","1","1","","1","","1","1","1","","1","1","1","","1","1","","1","","","1","1","1","1","1","1","","1","1","1","1","1","","1","1","","1","","","","","1","","1","","1","","1","1","1","1","1","","1","1","1","1","1","","","","","1","","","","","","1","","","1","1","","","","","","1","","","","","","","","","","","","","","","","","","","","",""
"Maxwell Inst of Saint Vincents Hosp","Westchester Div of St Josephs Med Ctr","92 Yonkers Avenue","","Tuckahoe","NY","10707","","Westchester","914-337-6033","https://www.stvincentswestchester.org/outpatient-programs/","40.9509376","-73.8295946","SU","1","","","","1","","1","1","1","1","","","","","","1","","","1","","1","1","1","","","1","","","1","","","","","1","","1","1","","","","","1","","","","","","","1","","1","1","1","","","","","","1","1","1","1","1","1","","1","","","","1","","","","","","1","","","","","","","","","1","","","","","","","1","1","1","","","1","","1","","","","1","","1","1","1","1","1","","","1","1","","1","","1","1","1","1","1","","","","1","1","","","","1","1","1","","1","1","","","","1","","1","","","1","1","1","1","","1","","1","1","1","1","","","1","1","","","1","","","1","1","1","","1","1","","","","1","","1","","1","","","","","","","","","1","","","","","","","","","","","1","","","","","","","","","","","","","","","","","","","","","","","","","",""
"Rockville Ctr Drug and Alcohol Abuse","CONFIDE/Outpatient Clinic","30 Hempstead Avenue","1st Floor, Suite 142","Rockville Centre","NY","11570","4034","Nassau","516-764-5522","https://www.confidecounselingcenter.com","40.661951","-73.6474101","SU","1","","","","1","","1","1","1","1","","","","","","1","","","1","","1","1","1","","1","","","","1","","","","","1","","","1","","","","","","","","","","","","1","","","","","","","","","","1","1","","","1","","1","","","","1","1","1","","","1","","","","1","1","","","","","1","1","","","","","","","1","1","1","1","1","1","","1","1","","","1","","1","1","1","1","1","1","","1","1","","1","","1","1","1","1","","","","","1","1","","1","","","1","1","","1","1","1","","","1","","","","","1","1","1","1","","1","","1","","1","1","","","1","","","1","1","","","1","1","1","1","1","1","","","","1","","1","","1","1","","1","","","","","","1","","","","","","","","","","","","1","","","","","","","","","","","","","","","","","","","","","","","","",""
"Seafield Services Inc","Outpatient","110 Main Street","","Mineola","NY","11501","","Nassau","516-747-5644","https://www.seafieldcenter.com","40.7423723","-73.6386968","SU","1","","","","","","1","1","1","1","","","","","","1","","","1","","1","1","1","","1","","","","1","","","","","1","","1","1","","","","","","","","","","","","1","","","","1","","","","","","1","1","","1","1","","","1","","","","","","","","1","","","","1","1","","","","","","1","","","","","","1","1","1","1","1","1","1","","1","1","","","1","","1","1","1","1","1","1","","1","1","","1","","","1","1","1","1","1","","1","1","1","","1","1","1","","1","1","1","1","1","","1","1","1","1","","1","1","1","1","1","1","1","","1","1","1","1","1","1","","1","1","1","1","","","1","1","1","1","1","","","1","","","","1","","1","1","","","","","","","","1","","","","","","","1","1","1","","","1","","","","","","","","","","","","","","","","","","","","","","","","","1"
"Triumph Treatment LLC","","309 West Park Avenue","","Long Beach","NY","11561","","Nassau","516-854-5400","https://","40.5888081","-73.6731655","SU","1","","1","","1","","","1","","1","1","","","","","","","1","1","","1","1","1","1","","","","","1","","","","","1","","","1","","","","","","","","","","","","1","","","","","","","1","","","1","1","1","","1","1","","","","","1","","","","","","","","","","","","","","","","","","","","","","","1","1","1","","1","1","1","1","1","","","1","","","1","1","1","1","","","1","","","1","","1","1","1","1","","","","","1","1","","","","","1","1","1","1","1","1","1","1","1","1","","","1","","1","1","1","","1","1","1","1","","1","","1","","","","","","1","","","","","","","","","","","","","1","1","1","1","1","","","","1","1","","","","","1","1","","1","1","1","","1","","","1","","1","","","","","","1","","","","","","","","","","","","","","","",""
"Counseling Service of EDNY","Hempstead Outpatient Clinic 3","175 Fulton Avenue","Suite 300","Hempstead","NY","11550","","Nassau","516-481-0052","https://www.arguscommunity.org/","40.7081554","-73.6296377","SU","1","1","","","1","1","1","1","1","1","","","","","","1","","","1","","1","1","1","1","","","","","1","","","","1","1","","","1","","","","","","","","","","","","1","","","","","","","","","","1","1","1","1","1","1","1","1","1","","1","1","","","","1","","","","1","1","","1","","1","1","1","1","1","","","1","1","1","1","1","1","","1","1","1","1","","","1","","","1","1","1","1","1","","1","1","","1","","1","1","1","1","1","1","","1","1","1","1","1","","1","1","1","","1","1","1","","1","1","1","1","","1","1","1","1","1","","1","","1","1","1","1","1","","1","1","","","1","","","1","1","1","","1","1","","","1","1","","1","","1","1","1","","1","1","","","","1","","","","","","1","","","","1","","","","","","1","","","","","","","","","","","","","","","","","","","","",""
"EAC Network","New Path Treatment Center","175 Fulton Avenue","Suite 403","Hempstead","NY","11550","","Nassau","516-486-3222","https://eac-network.org/new-path-treatment-center/","40.7077712","-73.6294981","SU","1","","","","1","","1","1","1","1","","","","","","1","","","1","","1","1","1","1","","","","","1","","","","","1","","1","1","","","","","","","","","","","","1","","","","","","","","","","1","1","","1","1","","1","1","","","","1","","","","","","","","1","1","","1","","1","","","","","","","","","1","1","1","1","1","1","","1","1","1","","1","","","1","1","1","1","1","","1","","","","","1","1","1","1","","1","","1","1","1","","1","","1","1","1","","1","1","1","","1","1","","1","","1","1","1","1","1","","1","","1","","1","1","","","1","","","","1","","","","1","","","","","","","","","","1","","1","1","","","","1","","","","1","","","","","","","","","","1","","","","","","","","","","","","","","","","","","","","","","","","","","",""
"Long Beach Reach Inc","Outpatient Clinic","2-12 West Park Avenue","2nd and 3rd Floors","Long Beach","NY","11561","","Nassau","516-889-2332","https://www.longislandreach.org","40.5880909","-73.6643834","SU","1","","","","1","","1","1","1","1","","","","","","1","","","1","","1","1","1","1","","","","","1","","","","","1","","1","1","","","","","","","","","","","","1","1","","","","","","","","","1","1","1","1","1","1","1","1","1","","1","1","","","","1","1","1","","1","1","","","","","","1","","","","","","1","1","1","1","1","1","1","","1","1","","","1","","1","1","1","1","1","1","","1","1","","","","1","1","","1","","","","1","1","1","","1","","1","1","1","","1","1","1","","","1","","1","","1","1","","1","1","","1","","1","1","1","1","1","","1","1","1","","1","","","1","1","1","","1","","","","","","","","","1","1","","1","","1","","","","1","","","","","1","1","","","1","1","","","","","","","","","","","","","","","","","","","","","","","","","","","1"
"Victory Recovery Partners","Outpatient Clinic 4","250 Fulton Avenue","Suite 607","Hempstead","NY","11550","3917","Nassau","631-696-4357","https://victoryrp.com","40.707365","-73.6261339","SU","1","","","","1","","1","1","1","1","","","","","","1","","","1","","1","1","1","1","","","","","1","","","","","1","","1","1","","","","","","","","","","","","1","","1","","","","","","","","1","1","1","1","1","1","","","","","1","1","1","1","1","1","1","","1","1","1","1","1","1","1","1","1","","","","","","1","1","1","1","","1","1","1","1","1","1","1","1","","","1","1","1","1","1","","1","1","","1","","1","1","1","1","1","1","1","","1","1","1","1","1","1","1","1","","1","1","1","1","1","1","1","1","","1","1","1","1","1","","1","","1","1","1","1","1","1","","1","1","1","1","","","1","1","1","1","1","1","1","1","1","1","1","1","1","1","1","1","","","1","1","1","","1","1","","","","","1","1","1","","1","","","","","","1","","","","","","","","","","","","","","","","","","","","",""
"Central Park Recovery LLC","Outpatient Clinic","2176 Central Park Avenue","","Yonkers","NY","10710","1826","Westchester","914-619-5242","https://www.centralparkrecovery.com","40.9724151","-73.8345043","SU","1","","","","","","","1","1","1","","","","","","1","","","1","","1","1","1","1","","","","","1","","","","","1","","1","1","","","","","","","","","","","","1","","","","","","","","","","1","1","","1","1","","","","","","1","1","1","","","1","1","1","","1","1","","1","1","1","1","1","","","","","","","1","1","1","1","","1","1","1","1","","","1","","1","1","1","1","1","1","","1","1","","1","","1","1","1","1","1","","","","1","1","","1","","1","1","1","1","1","1","1","","1","1","","1","","1","1","1","1","1","1","1","","1","1","1","1","1","1","","","1","1","1","","","1","1","1","1","1","1","","","","1","","1","","1","1","1","","","","","","","1","","","","","","","","","","1","","","","","","","","","","","","","","","","","","","","","","","","","","",""
"Hispanic Counseling Center Inc","Outpatient Clinic","344 Fulton Avenue","","Hempstead","NY","11550","3932","Nassau","516-538-2613 x262","https://www.hispaniccounseling.org","40.7085865","-73.6218397","SU","1","","","","","","","","","","","","1","","","","","","1","","1","1","1","1","","","","","1","","","","","","","","1","","","","","","","","","","","","1","1","","","","","","","","","1","1","1","1","1","","1","1","1","","1","1","1","","1","1","1","1","1","1","1","1","1","1","1","1","","","","","","","","1","1","1","","","1","1","1","1","","","1","","1","1","1","1","1","1","","1","1","","1","","1","1","1","1","","1","","","1","1","","","","1","1","1","1","1","1","1","","1","1","","1","","","1","1","1","1","","","","","","","","","","1","1","","","","","","1","1","","1","","","","","","","1","1","","1","","1","","","","","","","1","","","","","","","","","","1","","","","","","","","","","","","","","","","","","","","","","","","","","",""
"Center for Rapid Recovery Inc","Outpatient Clinic","312 Greenwich Street","1st Floor","Hempstead","NY","11550","","Nassau","516-292-6449 x100","https://www.rapidrecovery.org","40.6991533","-73.6137441","SU","1","","","","","","","","","","","","","","","1","","","1","","1","1","1","1","","","","","1","","","","","1","","","1","","","","","","","","","","","","1","","","","","","","","","","1","1","1","1","1","","1","1","","","1","1","1","1","1","1","1","","1","1","1","1","1","1","1","1","","","","","","","","1","1","1","1","","1","","1","1","","","1","","","1","1","1","1","1","","1","","","1","","1","1","1","1","","1","","","1","1","1","1","","1","1","1","","1","1","1","1","1","1","1","1","","1","","1","1","1","","","","","","","","","","1","1","","1","","","","1","","1","1","1","","","","","","1","","1","1","1","1","","","","","1","","","","","","","1","1","1","1","","1","","","","","","","","","","","","","","","","","","","","","","","","","","",""
"Northwell Health System","Garden City Treatment Center","711 Stewart Avenue","Suite 140","Garden City","NY","11530","4757","Nassau","516-742-4015","https://www.northwell.edu","40.7326598","-73.6090851","SU","1","","","","1","","1","1","1","1","","","","","","1","","","1","","1","1","1","1","","","","","1","","","","","1","","","1","","","","","1","","","","","","","1","","1","","1","","","","","","1","1","1","1","1","1","1","1","","","1","1","","","","","1","1","","1","1","","1","1","1","1","1","","","","","","1","1","1","1","1","","","","1","","","","1","","1","1","1","1","1","","","1","1","","1","","1","1","1","1","1","","","","1","1","1","","","1","","1","","1","1","","1","1","1","1","","","","1","1","1","1","","1","","1","1","1","1","1","","1","1","1","","1","","","1","1","1","","1","1","","","","1","","1","1","1","","","","","","","","","1","","","","","","1","1","1","","1","","","","","","1","","","","","","","","","","","","","","","","","","","","","1"
"Integrity Treatment Partners LLC","","2250 Grand Avenue","","Baldwin","NY","11510","","Nassau","516-200-1669","https://Integritytreatmentpartners.Com","40.6559894","-73.6100872","SU","1","","","","1","","1","1","1","1","","","","","","","","","1","","1","1","1","","1","","","","1","","","","","1","","1","1","","","","","","","","","","","","1","","","","1","","","","","","1","1","1","1","1","1","","","","","","1","1","1","1","1","1","","1","1","1","1","1","1","1","1","1","","","","","","1","1","1","1","1","1","1","1","1","1","1","","1","","","1","1","1","1","1","","1","","","1","","1","1","1","1","","1","","","1","1","1","1","","1","1","1","","1","1","1","1","1","1","1","1","","1","1","1","1","1","1","1","","1","1","1","1","1","1","","1","","","","","","","1","1","1","1","1","","1","1","1","1","1","","1","1","1","","","","","","","1","","","","","","1","","","1","","","1","","","","1","","","","","","","","","","","","","","","","","","","","",""
"Childrens Village Inc","","1 Echo Hills Road","","Dobbs Ferry","NY","10522","","Westchester","332-373-4460 x4460","https://childrensvillage.org","41.0020201","-73.8635395","SU","1","","","","","","1","1","1","","","","","","","","","","","","1","1","1","1","","","","","1","","","","","1","","","1","","","","","","","","","","","","1","","","","","","","1","","","","1","","1","","","","","","","","1","","","","","","1","","","","1","1","1","1","1","1","","","","","","","1","1","1","","","1","1","1","1","","","","","1","1","","1","1","","","","","","","","1","1","1","1","","1","","","1","1","1","","","1","","1","","1","1","1","1","","1","1","1","","","1","1","1","1","","1","","1","1","1","","1","","1","","","","","","","","1","","","","1","1","1","","1","","","1","1","","","","","","1","1","","1","","","","","","1","1","1","","1","","","","","","","","","","","","","","","","","","","","","","","","","","","1"
"CEC Health Care","Outpatient Clinic","113 Glen Cove Avenue","","Glen Cove","NY","11542","","Nassau","516-622-8888 x4111","https://charlesevanscenter.org/","40.8575231","-73.6346724","SU","1","","","","1","","1","1","1","1","","","","","","","","","1","","1","1","1","1","","","","","1","","","","","1","","","1","","","","","","","","","","","","1","1","1","","","","","","","","1","1","1","1","1","","1","1","","1","1","1","","","","1","","","","1","1","","1","","","","1","","","","","","","1","1","1","1","","1","","1","1","","","1","","1","1","1","1","1","1","","1","1","","1","","1","1","1","1","1","","","1","1","1","1","1","","1","1","1","1","1","1","1","1","1","1","1","1","","1","1","1","1","1","","1","","1","1","1","1","1","","1","1","","","","","","","1","","","","1","","1","","1","","1","1","1","","1","","","1","1","1","","1","","","","","1","1","1","1","","1","","","","","1","","","","","","","","","","","","1","","","","","","","","","","1"
"Outreach REACT Center","Outpatient Clinic","27 A Washington Place","","Roosevelt","NY","11575","1454","Nassau","516-623-7741","https://www.opiny.org","40.6794807","-73.5886456","SU","1","","","","1","","1","1","1","1","","","","","","1","","","1","","1","1","1","1","","","","","1","","","","","1","","","1","","","","","","","","","","","","1","","","","","","","","","","1","1","1","1","1","1","1","1","1","","1","1","","","","1","","","","","1","","1","1","1","1","1","","","","","","","1","1","1","","","","1","1","1","","","1","","","1","1","1","1","1","","1","1","","1","","1","1","1","1","1","1","","1","1","1","","1","","1","1","1","","1","1","1","","1","1","","1","","1","1","1","1","1","","1","","1","1","1","1","1","","1","1","1","1","1","","","1","1","1","1","1","","","","","","1","1","","1","1","1","","","1","","","","1","","","","","1","1","","","","1","","","","","","","","","","","","","","","","","","","","","","","","","","",""
"CARE Center","Outpatient Clinic 1","114 Church Street","","Freeport","NY","11520","","Nassau","516-868-3030","https://www.southshorechildguidance.org","40.6533174","-73.582009","SU","1","","","","1","","1","1","1","1","","","","","","1","","","1","","1","1","1","1","","","","","1","","","","","1","","","1","","","","","","","","","","","","1","","","","","","","","","","1","1","1","1","1","","1","1","","","1","1","","","","1","","1","","1","1","","1","","1","1","1","","","","","","","1","1","1","1","","","","1","1","1","","1","","1","1","1","1","1","1","","1","","","1","","1","1","1","1","","","","","","","","1","","1","1","1","","1","1","","","1","","","1","","1","","1","1","1","1","1","","1","1","1","1","1","","1","1","","1","1","","","1","1","1","","1","","","","","","","1","","1","","","","","","","","","1","","","","","","","","","","1","","","","","1","","","1","","","","","","","","","","","","","","","","","","",""
"Tempo Group Inc","Outpatient","1260 Meadowbrook Road","","Merrick","NY","11566","","Nassau","516-374-3671","https://www.tempogroup.org","40.6876013","-73.569283","SU","1","","","","1","","1","1","1","","","","","","","1","","","1","","1","1","1","1","","","","","1","","","","","1","","","1","","","","","","","","","","","","1","","","","","","","","","","1","1","1","1","1","","1","1","","","","1","","","","","","1","","1","1","","1","","","1","1","","","","","","","1","1","1","1","1","1","","1","1","","","1","","1","1","1","1","1","","","1","1","","","","1","1","1","1","1","","","","1","1","","1","","1","1","1","1","1","1","","","","1","","","","","1","1","1","1","","1","","1","1","1","1","","","1","","1","1","1","","","1","1","1","1","1","1","","","1","1","","1","","1","1","","","","","","","","1","","","","","1","","","","","1","","","","","","1","","","","","","","","","","","","","","","","","","","","",""
"New Hope","Residential Stabilization","150 Buffalo Avenue","","Freeport","NY","11520","","Nassau","516-546-7070","https://","40.6504261","-73.5714672","SU","1","","","","1","","1","1","1","1","","","","","","1","","","1","","","1","1","1","","","","1","","1","","","","","","","","","","","1","","","","","","","","1","","","","","","","","","","1","1","","","","","1","","","","","1","1","1","1","1","1","","1","1","1","1","1","1","1","1","1","","","","","","","1","1","","","1","1","1","1","1","","","1","","","1","1","1","1","","","1","1","","1","","1","1","1","1","","","","1","1","1","","1","","1","1","1","1","1","1","1","","1","1","1","1","","1","1","1","1","1","","1","","1","1","1","1","1","","1","","1","","","","","","1","","","","1","1","1","","1","1","1","","1","1","","","","","","","","1","1","","","","","1","","","","1","","","","","","1","","","","","","","","","","","","","","","","","","","","",""
"Russell E Blaisdell","Addiction Treatment Center","Rockland Psychiatric Center Campus","Building 57","Orangeburg","NY","10962","","Rockland","845-475-2250","https://www.oasas.ny.gov","41.0492276","-73.9681362","SU","1","","","","1","","1","1","1","","","","","","","1","","","1","","","1","1","1","","","","1","","1","","","","","","","","","","","","","","","","1","","","1","","","","","1","","","","1","1","1","1","1","1","","1","","","","1","1","1","","1","1","1","","","","1","1","1","1","1","","","","","","","","1","1","1","","","1","","","1","1","","","1","","","1","1","","1","","","1","","","","","1","1","1","1","1","","","1","1","1","1","","","1","","1","1","1","1","1","","1","1","1","1","","","1","","1","1","","1","","1","1","1","","","","","1","","1","","","","","1","","1","","1","1","1","","1","1","1","","1","1","1","","","","","","","1","","","","","","1","","1","","1","","","","","1","","","","","","","","","1","","","","","","1","","1","","","","",""
"Nassau University Medical Center","Department of Psychiatry","2201 Hempstead Turnpike","","East Meadow","NY","11554","","Nassau","516-572-6511","https://www.numc.edu","40.7262136","-73.5542573","SU","1","1","","","1","1","1","1","1","1","","","","","","","","","1","","","1","1","1","","","1","1","","1","","1","","","","","","1","1","","1","","","","","","1","","1","1","1","","1","","","","","","1","1","1","","","","1","","","","","","","","","","","","","","","","","","","","1","1","1","","","1","1","1","1","1","","1","1","","1","1","1","1","1","","","1","1","1","1","","","1","1","","","","1","1","1","1","1","","1","","1","1","1","1","","1","","1","1","1","1","","1","","1","1","","","1","1","1","1","1","","1","","1","","1","1","","","","1","","","","","","","1","","","","1","1","1","","1","","","1","1","1","","1","1","","1","1","","1","","","1","1","","1","1","1","","1","","","","","","","","","","","","","","","","","","","","","","","","","","",""
"Nassau County Office of MH CD and","DD Servs OTP","2201 Hempstead Turnpike","Nassau County Medical Center, Bldg K","East Meadow","NY","11554","","Nassau","516-572-5906","https://www.nassaucountyny.gov","40.72761","-73.553812","SU","1","","1","","1","","1","1","","1","1","","","","","","","1","1","","1","1","1","","1","","","","1","","","","","1","","","1","","","","","","","","","","1","","1","","1","","1","","","","","","1","1","1","","","","1","1","","","1","1","","","","","1","","1","1","1","","","","","","","","","","","","","1","1","","","1","1","","1","","","","1","","","1","1","1","1","","","1","","","1","","1","1","1","1","","1","1","","1","1","1","","","1","","1","","1","1","1","1","1","1","1","","","","","1","1","1","","1","1","1","","1","1","","","","","","","","1","","","","","","","","","","","","","1","1","1","","","","","","","","","1","","","1","1","","1","1","1","","","","1","1","","1","1","","","","","","","","","","","","","","","","1","","","","",""
"Saint Vincents Hospital Westchester","Adolescent IOP","275 North Street","1st Floor","Harrison","NY","10528","","Westchester","914-925-5320","https://www.stvincentswestchester.org/","40.9886651","-73.7093495","SU","1","","","","1","","1","1","1","1","","","","","","1","","","1","","1","1","1","1","","","","","1","","","","","1","","1","1","","","","","1","","","","","","","1","","1","1","1","","","","","","1","1","1","1","1","1","","1","","","","1","","","","","","1","","","","","","","","","1","","","","","","","1","1","1","","","","1","1","","","","1","","1","1","","1","1","","","1","1","","1","","1","1","1","1","","","","1","","","1","","","1","1","1","","1","1","1","1","1","","1","1","","1","1","1","1","1","","1","","1","1","1","1","1","","1","","","","1","","","1","1","1","","1","1","","","","1","","1","1","1","","","1","","1","","","","1","","","","","","","1","1","","1","","","","","","","","","","","","","","","","","","","","","","","","","","","1"
"Saint Vincents Westchester Divison of","St Josephs Med Ctr Alc IP Rehab Prog","275 North Street","","Harrison","NY","10528","","Westchester","914-967-6500","https://saintjosephs.org/","40.9890352","-73.7091687","SU","1","","","","","","1","1","1","1","","","","","","1","","","1","","","1","1","1","","","1","","1","","","","","1","1","1","1","","1","","","1","","","","","","","1","1","1","1","1","","1","","1","","1","1","1","1","1","","","","","1","","1","","","","","","","","1","1","","1","","","","1","","","","","","","1","1","1","","1","1","","1","1","1","","1","","","1","1","1","1","","","1","1","","1","","1","1","1","1","1","","1","","1","1","1","","","1","1","1","1","1","1","1","1","1","1","1","1","","","1","1","1","1","","1","","1","1","1","1","","","1","1","1","1","1","","","1","1","1","1","1","1","","","","1","","","1","1","1","","","","","","","","1","","","","","","1","1","1","","1","","","","","","","","","","","","","","","","","","","","","","","","","","",""
"Greater Mental Health of New York Inc","White Plains Clinic","360 Mamaroneck Avenue","","White Plains","NY","10605","","Westchester","914-345-5900","https://greatermentalhealth.org","41.023962","-73.7633165","SU","1","","","","","","","","1","","","","1","","","","","","1","","1","1","1","1","","","","","1","","","","","1","","","1","","","","","","","","","","","","1","1","","","","","","","","","1","1","1","1","1","","","","","","1","","","","","","","","","","","","","","","","1","","","","","","1","1","1","1","1","1","1","1","1","1","","","1","","1","1","1","1","1","1","","","","","","","1","1","","1","1","","","","","","","","","1","1","1","","1","1","","","1","","","1","","","1","1","1","1","","1","","","","","","","","1","","","","","","","","1","1","","1","","","","","","","","","1","","","","","","","","","1","","","","","","","","","","1","","","","","","","","","","","","","","","","","","","","","","","","","","",""
"YES Community Counseling Center","","152 Center Lane","","Levittown","NY","11756","","Nassau","516-719-0313","https://www.yesccc.org","40.7163169","-73.5245747","SU","1","","","","1","","1","1","1","","","","","","","1","","","1","","1","1","1","1","","","","","1","","","","","1","","","1","","","","","","","","","","","","1","","","","","","","","","","1","1","","1","1","","1","1","1","","1","1","","","","1","","1","","1","1","","1","1","1","1","1","","","","","","","1","1","1","1","","1","","1","1","","","1","","1","1","","1","1","1","","1","","","1","","1","1","1","1","","1","","","1","1","","1","","1","1","1","1","1","1","1","","1","1","","","","1","1","1","1","1","","1","","1","","1","1","","","1","1","1","1","1","","","1","1","1","1","1","","","","","","1","1","","1","","1","","","","","","","1","","","","","","","","","","1","","","","","","","","","","","","","","","","","","","","","","","","","","","1"
"Saint Johns Riverside Hospital","Greenburgh Addiction Treatment Servs","30 Manhattan Avenue","","White Plains","NY","10607","","Westchester","914-683-5311","https://www.riversidehealth.org","41.0442605","-73.7983973","SU","1","","","","1","","1","1","1","1","","","","","","1","","","1","","1","1","1","1","","","","","1","","","","","1","1","1","1","","","","1","","","","","","","","","","","1","1","","","","","","1","1","1","1","1","1","1","1","","","1","1","","","","1","","1","","1","1","","1","","","1","1","","","","","","1","1","1","1","","1","1","1","1","1","","","1","","1","1","1","1","1","","","1","1","","1","","1","1","1","1","1","","","","1","1","1","","","1","1","1","1","","1","1","","1","1","","","","1","","1","1","1","","1","","1","1","1","1","1","","1","1","","","1","","","1","1","1","","1","1","","","","1","","1","","1","","","","","","","","","1","","","","","","1","","1","","1","","","","","","","","","","","","","","","","","","","","","","","","","","",""
"Innovative Health Systems Inc","Outpatient Clinic and Day Rehab","20 Church Street","2nd Floor","White Plains","NY","10601","1901","Westchester","914-683-8050","https://www.innovativehealthsystemsinc.com","41.0334284","-73.766577","SU","1","","","","1","","1","1","1","1","","","","","","1","","","1","","1","1","1","","1","","","","1","","","","","1","","1","1","","","","","","","","","","","","1","","","","","","","","","","1","1","","1","1","1","","1","","","1","1","","","","1","","1","","1","1","","1","","1","1","1","","","","","","","1","1","1","1","","1","1","1","1","","","1","","1","1","1","1","1","1","","1","1","","1","","1","1","1","1","1","1","","1","1","1","","1","","1","1","1","","1","1","1","","1","1","","1","","1","1","1","1","1","1","1","","1","1","1","1","1","1","","","","1","1","","","1","1","1","1","1","1","","","","1","1","1","","1","1","1","1","","1","","","","1","","","","","","1","","","1","","","1","","","","","","","","","","","","","","","","","","","","","","","","",""
"LITC BH LLC","Outpatient Clinic","100 West Nicholai Street","","Hicksville","NY","11801","","Nassau","516-788-5470 x8390","https://www.longislandtreatmentcenters.com","40.7647776","-73.5259569","SU","1","1","","","","1","1","1","1","1","","","","","","1","","","1","","1","1","1","1","","","","","1","","","","1","1","1","1","1","","","","","","","","","","","","1","","1","","1","","","","","","1","","","1","1","1","","","","","","","","","","","","","","","","","","","","","1","1","1","1","1","1","","1","1","1","1","1","1","1","1","1","1","","1","","","1","1","1","1","","","1","1","","1","","1","1","1","1","1","","","1","1","1","1","1","","1","1","1","1","1","1","1","1","1","1","1","1","","1","1","1","1","1","1","1","","1","1","1","1","1","1","","","1","1","1","","","1","1","1","1","1","1","1","1","1","1","","1","1","1","1","1","1","1","","","","","1","1","","","","","1","1","1","","1","","","","","","","","","","","","","","","","","","","","","","","","","","",""
"Victory Recovery Partners","COP2","120 Bethpage Road","Suite 101","Hicksville","NY","11801","","Nassau","631-696-4357","https://www.victoryrp.com","40.7763603","-73.5255924","SU","1","","","","1","","1","1","1","1","","","","","","1","","","1","","1","1","1","1","","","","","1","","","","","1","","1","1","","","","","","","","","","","","1","","1","","1","","","","","","1","1","1","1","1","1","","","","","","1","1","1","1","1","1","","1","1","1","1","1","1","1","1","1","","","","","","1","1","1","1","","1","1","1","1","1","1","1","1","","","1","1","1","1","1","","1","1","","1","","1","1","1","1","1","1","1","","1","1","1","1","1","1","1","1","","1","1","1","1","1","1","1","1","","1","1","1","1","1","","1","","1","1","1","1","1","1","","1","1","1","1","","","1","1","1","1","1","1","1","1","1","1","1","1","1","1","1","1","","","1","1","1","","1","1","","1","1","","1","1","1","","1","","","","","","1","","","","","","","","","","","","","","","","","","","","",""
"Samaritan Daytop Village Inc","OTP3","620 Route 303","1st and 2nd Floors","Blauvelt","NY","10913","","Rockland","845-353-2730","https://www.samaritanvillage.org","41.0814331","-73.9490915","SU","1","","","","1","","1","1","1","1","","","","","","","","","1","","1","1","1","","1","","","","1","","","","","1","1","1","1","","","","","","","","","","","","1","1","1","","","1","","","","","1","1","1","1","1","1","1","","","","1","1","1","1","1","1","1","","1","1","1","1","1","1","1","1","1","","","","","","1","1","1","1","1","","1","","1","1","","","1","","1","1","","1","1","1","","1","","","1","","1","1","1","1","","1","","1","1","1","1","","","1","1","1","1","1","1","1","1","1","1","1","1","","1","1","1","1","1","","1","","1","1","1","1","1","","1","1","","","","","","","1","","1","","1","","","","1","1","1","","1","1","1","","","","","","","1","","","1","1","1","1","1","1","1","","","1","","","","1","","","","","","","","","","","","","","","","","","","","","1"
"Rockland Outreach Center","COP","620 Route 303","1st and 2nd Floors","Blauvelt","NY","10913","","Rockland","845-353-2730","https://www.samaritanvillage.org","41.0814439","-73.9491625","SU","1","","","","1","","1","1","1","1","","","","","","","","","1","","1","1","1","","1","","","","1","","","","","1","1","1","1","","","","","","","","","","","","1","1","1","","","1","","","","","1","1","1","1","1","1","1","","","","1","1","1","1","1","1","1","1","1","1","1","1","1","1","1","1","1","","","","","","1","1","1","1","1","","1","","1","1","","","1","","1","1","","1","1","1","","1","","","1","","1","1","1","1","","1","","1","1","1","","","","1","1","1","1","1","1","1","","1","1","","1","","1","1","1","1","1","","1","","1","1","1","1","1","","1","1","","","","","","","1","","1","","1","","","","1","1","1","","1","1","1","","","1","","","","1","","","","","1","1","","","1","","","1","","","","1","","","","","","","","","","","","","","","","","","","","","1"
"Rockland Outreach Center","","620 Route 303","1st and 2nd Floors","Blauvelt","NY","10913","1170","Rockland","845-353-2730","https://Samaritandaytop.org","41.081444","-73.9491627","SU","1","","","","1","","1","1","1","1","","","","","","","","","1","","1","1","1","","1","","","","1","","","","","1","1","1","1","","","","","","","","","","","","1","1","1","","","1","","","","","1","1","1","1","1","1","1","","","","1","1","1","1","1","1","1","1","1","1","1","1","1","1","1","1","1","","","","","","1","1","1","1","1","","1","","1","1","","","1","","1","1","","1","1","1","","1","","","1","","1","1","1","1","","1","","1","1","1","","","","1","1","1","1","1","1","1","","1","1","","1","","1","1","1","1","1","","1","","1","1","1","1","1","","1","1","","","","","","","1","","1","","1","","","","1","1","1","","1","1","1","","","1","","","","1","","","","","1","1","","","1","","","1","","","","1","","","","","","","","","","","","","","","","","","","","","1"
"Saint Vincents Hospital Westchester","Port Chester Recovery Center","132 Pearl Street","","Port Chester","NY","10573","","Westchester","914-939-2700","https://www.stvincentswestchester.org","40.9979391","-73.6685847","SU","1","","","","1","","1","1","1","1","","","","","","1","","","1","","1","1","1","","","1","","","1","","","","","1","","","1","","","","","1","","","","","","","1","","","","","","","","","","1","1","1","1","1","1","1","1","1","","1","1","","","","","","1","","","","","","","","","1","","","","","","","1","1","1","","","1","","1","","","","1","","1","1","1","1","1","","","1","1","","1","","1","1","1","1","1","","","","1","1","","","","1","1","1","","1","1","","","","1","","1","","","1","1","1","1","","1","","1","1","1","1","","","1","1","","","1","","","1","1","1","","1","1","","","","1","","1","","1","","","","","","","","","1","","","","","","","","","","","1","","","","","","","","","","","","","","","","","","","","","","","","","",""
"Central Nassau Guidance Srvs","OCCBHC","950 South Oyster Bay Road","","Hicksville","NY","11801","","Nassau","516-822-6111","https://www.cnguidance.org/","40.7572758","-73.5005009","SU","1","1","","","1","1","1","1","1","1","","","","","","1","","","1","","1","1","1","","1","","","","1","","","","1","1","","","1","","","","","","","","","","","","1","1","","","","","","","","","1","1","1","1","1","1","1","1","1","1","","1","1","1","1","1","1","","","1","1","","1","","","1","1","1","1","","","1","","1","1","1","1","","1","","1","1","","","1","","1","1","1","1","1","1","","1","1","","1","","1","1","1","1","1","","","1","1","1","","1","","1","1","1","","1","1","1","","1","1","","1","","1","1","1","1","1","1","1","","1","1","1","1","1","","1","1","","1","","","","1","1","","1","","1","","","","1","","1","1","1","1","1","","1","1","","","","1","","","","","1","","","","1","","","1","","","","1","","","","","","","","","","","","","","","","","","","","","1"
"Bridge Back to Life Center Inc","","1065 Stewart Avenue","Suite 101","Bethpage","NY","11714","3637","Nassau","516-520-6600","https://www.bridgebacktolife.com","40.7595609","-73.490156","SU","1","1","","","1","1","1","1","1","1","","","","","","","","","1","","1","1","1","1","","","","","1","","","","1","1","","1","1","","","","","","","","","","","","1","","","","","","","","","","1","1","1","","1","1","","","","","1","1","1","1","1","1","1","1","1","1","1","1","1","1","1","1","1","1","1","1","1","1","","1","1","1","1","1","1","1","1","1","1","","1","","1","1","","1","1","1","","1","1","","1","","1","1","1","1","1","1","","","1","1","","","","1","1","1","","1","1","1","","1","1","1","1","","1","1","1","1","1","","1","","1","1","1","1","1","1","","","","","","","","1","1","1","1","1","1","","","1","1","1","1","","1","1","1","","1","","1","1","","1","","","","","","1","1","1","","1","","","","","1","1","1","","","","","1","1","","","","","","","1","","1","","","","",""
"Tempo Group Inc","Outpatient","23 Willis Avenue","Suite 2","Syosset","NY","11791","","Nassau","516-374-3671","https://www.tempogroup.org","40.8223679","-73.5029107","SU","1","","","","1","","1","1","1","","","","","","","1","","","1","","1","1","1","1","","","","","1","","","","","1","","","1","","","","","","","","","","","","1","","","","","","","","","","1","1","1","1","1","","1","1","","","","1","","","","","","1","","1","1","","1","","","1","1","","","","","","","1","1","1","1","1","1","","1","1","","","1","","1","1","1","1","1","","","1","1","","","","1","1","1","1","1","","","","1","1","","1","","1","1","1","1","1","1","","","","1","","","","","1","1","1","1","","1","","1","1","1","1","","","1","","1","1","1","","","1","1","1","1","1","1","","","1","1","","1","","1","1","","","","","","","","1","","","","","1","","","","","1","","","","","","1","","","","","","","","","","","","","","","","","","","","",""
"YES Community Counseling Center","","75 Grand Avenue","","Massapequa","NY","11758","","Nassau","516-799-3203","https://www.yesccc.org","40.677872","-73.4722798","SU","1","","","","1","","1","1","1","","","","","","","1","","","1","","1","1","1","1","","","","","1","","","","","1","","","1","","","","","","","","","","","","1","","","","","","","","","","1","1","","1","1","","1","1","1","","1","1","","","","1","","1","","1","1","","1","1","1","1","1","","","","","","","1","1","1","1","","1","","1","1","","","1","","1","1","","1","1","1","","1","","","1","","1","1","1","1","","1","","","1","1","","1","","1","1","1","1","1","1","1","","1","1","","","","1","1","1","1","1","","1","","1","","1","1","","","1","1","1","1","1","","","1","1","1","1","1","","","","","","1","1","","1","","1","","","","","","","1","","","","","","","","","","1","","","","","","","","","","","","","","","","","","","","","","","","","","","1"
"Phelps Hospital","Behavioral Rehabilitation Unit","701 North Broadway","2 South","Tarrytown","NY","10591","","Westchester","914-366-3027","https://phelps.northwell.edu","41.1089338","-73.8646515","SU","1","","","","1","","1","1","1","1","","","","","","","","","1","","","1","","1","","","1","","","","","","","","","","","","1","","1","","","","","","","","1","","1","","1","","","","","","1","1","1","1","1","1","","","","","","1","","","","","","","","","","","","","","","1","","","","","","","1","1","","","1","","","1","1","","","1","","","1","1","1","1","","","1","1","","","","1","1","1","1","1","","","","1","1","1","","","1","","1","1","1","1","1","1","","1","1","","","","1","","1","1","","1","","1","1","1","1","1","","1","1","","","","","","","1","","","","1","1","1","","1","","","1","1","1","","","","","","","","1","1","","","","","1","1","1","","1","","","","","","","","","","","","","","","","","","","","","","","","","","",""
"Lexington Center for Recovery","","100 Route 59","Suite 111","Suffern","NY","10901","","Rockland","845-369-9701","https://www.lexingtonctr.org","41.1132275","-74.1260288","SU","1","","","","1","","1","1","1","1","","","","","","1","","","1","","1","1","1","1","","","","","1","","","","","1","1","","1","","","","","","","","","","","","1","","","","","","","","","","1","1","","1","1","","1","1","1","1","","1","1","","","1","1","1","1","1","1","","1","1","1","1","1","","","","","","1","1","1","1","1","1","1","1","1","1","1","","1","","1","","","1","1","1","","1","1","","1","","1","1","1","1","1","1","","","1","1","","1","","1","1","1","1","1","1","1","","1","1","","1","","1","1","1","1","1","","1","","1","1","1","1","1","","1","","1","1","1","","","1","1","1","1","1","1","","","","1","1","1","","1","","1","","","","","","","1","","","","","1","","","","1","1","","","","","","","","","","","","","","","","","","","","","","","","","","",""
"Rockland Opioid Treatment Program","Methadone Clinic","706 Executive Boulevard","Suite D","Valley Cottage","NY","10989","2038","Rockland","845-362-3904 x1700","https://www.Lexingtonctr.org","41.1299742","-73.9431378","SU","1","","1","","1","","1","1","","1","1","","","","","1","","1","1","","1","1","1","1","","","","","1","","","","","1","","","1","","","","","","","","","","","","1","","1","","","1","","1","","","1","1","1","","1","1","1","1","","","1","1","","","","","","","","1","1","","","","","","","","","","","","","1","1","","","","1","1","1","1","","","1","","1","1","","1","1","1","","1","","","1","","1","1","1","1","","","1","","1","1","1","1","","1","1","1","1","1","1","1","1","1","1","1","1","","","","1","1","1","","1","1","1","1","1","1","1","","1","","1","","","1","","","","","","","","","","","","","1","","1","","1","","","","","","","1","","","1","1","1","1","1","1","","1","","","1","","","","","","","","","","","","","","","","","","","","","","","",""
"Inter Care Ltd","Outpatient Clinic 1","7 West Cross Street","","Hawthorne","NY","10532","","Westchester","914-437-6800","https://www.inter-care.com","41.1065783","-73.7969879","SU","1","","","","1","","1","1","1","1","","","","","","1","","","1","","1","1","1","1","","","","","1","","","","","1","","1","1","","","","","","","","","","","","1","","","","","","","","","","1","","","","1","","","","","","","1","","","","","","","","","1","","1","","","","1","","","","","","","1","1","1","1","1","1","","1","","","","1","","","1","1","1","1","","","1","1","","1","","1","1","1","1","1","","","","","1","","1","","1","","1","1","1","1","1","","","","","1","","","1","1","1","1","","1","","1","1","1","1","1","1","","","1","","1","","","1","1","1","","1","1","","","1","1","","1","","1","","","1","","","","","","1","","","","","","1","","","","1","","","","","","1","","","","","","","","","","","","","","","","","","","","",""
"Victory Recovery Partners","Outpatient Clinic 3","5100 Sunrise Highway","2nd Floor","Massapequa Park","NY","11762","","Nassau","631-696-4357","https://victoryrp.com","40.6777016","-73.4443505","SU","1","","","","1","","1","1","1","1","","","","","","1","","","1","","1","1","1","1","","","","","1","","","","","1","","1","1","","","","","","","","","","","","1","","1","","","","","","","","1","1","1","1","1","1","","","","","","1","1","1","1","1","1","1","1","1","1","1","1","1","1","1","1","","","","","","1","1","1","1","","1","1","1","1","1","1","1","1","","1","1","1","1","1","1","","1","1","","1","","1","1","1","1","1","1","1","","1","1","1","1","1","1","1","1","","1","1","1","1","1","1","1","1","","1","1","1","1","1","","1","","1","1","1","1","1","1","","1","1","1","1","","","1","1","1","1","1","1","1","1","1","1","1","1","1","1","1","1","","","1","1","1","","1","1","","","","","1","1","1","","1","","","","","","1","","","","","","","","","","","","","","","","","","","","",""
"South Oaks Hospital","Inpatient Detox","400 Sunrise Highway","Jennings Hall, 2nd Floor","Amityville","NY","11701","","Suffolk","631-264-4000","https://southoaks.northwell.edu","40.6859012","-73.4231776","SU","1","1","1","1","1","1","1","1","1","1","1","","","","","1","","1","1","","","1","1","1","","","1","","","","","","","","","","","1","1","","","1","","","","","","","1","","","","1","","","","","","1","1","1","1","1","1","","","","1","","","","","","","","","","","","","","","","","1","1","1","1","1","1","","1","1","1","1","1","1","","1","1","","","1","","","1","1","1","1","","","1","1","","1","","1","1","1","1","1","","","","1","1","1","","","1","1","1","1","1","1","1","1","","1","1","","","","1","1","1","1","","1","1","1","1","1","1","1","","1","","1","1","1","","","1","1","","","","1","1","1","","1","","","1","1","1","","","1","","1","1","","1","","","1","1","","1","1","1","","1","","","","","","1","","","","","","","","","","","","","","","","","","","","",""
"Phelps Memorial Hospital Center","Addiction Treatment Services (ATS)","22 Rockledge Avenue","","Ossining","NY","10562","","Westchester","914-944-5220","https://phelpshospital.org/","41.1442287","-73.8630385","SU","1","","","","1","","1","1","1","1","","","","","","1","","","1","","1","1","","1","","","","","1","","","","","1","","","1","","","","1","","","","","","","","1","","1","1","1","","","","","","1","1","1","1","1","","","1","","","1","1","","","","","","","","","","","","","","","1","","","","","","","1","1","1","","","1","","1","","1","","1","","","1","1","1","1","","","1","1","","1","","1","1","1","1","1","","","1","1","1","","1","","1","","1","","1","1","1","","1","1","","","","","1","","1","1","","1","","1","1","1","1","","","1","","1","","1","","","1","1","1","","1","1","","","","1","","","","1","","","","","","","","","1","","","","","","","","","","1","","","","","","","","","","","","","","","","","","","","","","","","","","",""
"South Oaks Hospital","Inpatient Rehabilitation","400 Sunrise Highway","Jennings Hall, 1st Floor","Amityville","NY","11701","","Suffolk","631-264-4000","https://southoaks.northwell.edu/","40.6846694","-73.422587","SU","1","1","1","1","1","1","1","1","1","1","1","","","","","1","","1","1","","","1","1","1","","","1","","","","","","","","","","","1","1","","","1","","","","","","","1","","","","1","","","","","","1","1","1","1","1","1","","","","1","","","","","","","","","","","","","","","","","1","1","1","1","1","1","","1","1","1","1","1","1","","1","1","","","1","","","1","1","1","1","","","1","1","","1","","1","1","1","1","1","","","","1","1","1","","","1","1","1","1","1","1","1","1","","1","1","","","","1","1","1","1","","1","1","1","1","1","1","1","","1","","1","1","1","","","1","1","","","","1","1","1","","1","","","1","1","1","","","1","","1","1","","1","","","1","","","1","1","1","","1","","","","","","1","","","","","","","","","","","","","","","","","","","","",""
"WellLife Network Inc","Outpatient Clinic 2/ARS Huntington","55 Horizon Drive","","Huntington","NY","11743","","Suffolk","631-920-8000","https://www.welllifenetwork.org","40.8580922","-73.4225277","SU","1","","","","1","","1","1","1","1","","","","","","1","","","1","","1","1","1","1","","","","","1","","","","","1","","","1","","","","","","","","","","","","1","","","","","","","","","","1","1","1","1","1","","1","1","","","","1","","","","1","1","1","1","1","1","1","1","1","1","1","1","","","","","","1","1","1","1","1","","1","1","1","1","1","","1","","1","1","1","1","1","1","","1","","","1","","1","1","1","1","","","","1","","","","1","","1","1","1","","1","1","","","1","","","1","","","1","1","1","1","","1","","1","1","1","1","1","","1","1","1","1","1","","","1","1","1","1","1","","","","","","","1","","1","1","","","","1","","","","1","","","","","","","","","1","1","","","","","","","","","","","","","","","","","","","","","","","","","","","1"
"Samaritan Daytop Village Inc","Suffolk Outreach Center OP","2075 New York Avenue","","Huntington Station","NY","11746","3238","Suffolk","631-351-7112 x5070","https://www.samaritanvillage.org","40.831599","-73.4111863","SU","1","","1","","1","","1","1","1","1","1","","","","","","","1","1","","1","1","1","1","","","","","1","","","","","1","","1","1","","","","","","","","","","","","1","","","","","1","","","","","1","1","1","1","1","","1","1","1","","1","1","","","","1","1","1","1","1","1","","1","","1","1","1","","","","","","1","1","1","1","","1","1","1","1","1","1","","1","","1","1","1","1","1","1","","1","1","","1","","1","1","1","1","1","1","","1","","1","","","","1","1","1","","1","1","1","","1","1","","1","","1","1","1","1","1","","1","1","1","1","1","1","1","","1","1","","","","","","1","1","","","","1","","1","","1","","1","","1","","","1","","1","","","","1","","","1","1","","1","","1","1","1","","","","","","","","","","","","","","","","","","","","","","","","","","","1"
"Huntington Youth Bureau","Huntington Drug and Alcohol Project","423 Park Avenue","","Huntington","NY","11743","","Suffolk","631-271-3591","https://hdacc.org","40.8734581","-73.4147521","SU","1","","","","1","","","1","1","","","","","","","","","","1","","1","1","1","1","","","","","1","","","","","1","","","1","","","","","","","","","","1","","1","","","","","","","","","","1","1","","","1","","1","1","1","","1","","","","","1","","1","","1","1","","","","","","","","","","","","","1","1","1","","","1","","1","","","","1","","1","1","","1","1","1","","1","1","","1","","1","1","1","1","1","","","1","1","1","","1","","1","1","1","1","1","1","1","","","1","","","","","","1","1","1","","1","","1","","1","1","","","","","","","","","","","1","1","1","1","","","","","","","1","","1","","","","","","","","","1","","","","","","","","","","1","","","","","","","","","","","","","","","","","","","","","","","","","","",""
"Lexington Center for Recovery Inc","RRi1","74 Hudson Avenue","","Haverstraw","NY","10927","","Rockland","845-786-9227 x2401","https://www.lexingtonctr.org","41.1960175","-73.9697885","SU","1","","","","","","","","","","","1","","","","1","","","1","","1","1","1","","1","","","1","","","1","","","","","","","","","","","","","","","","","","1","","","","","","","","","","1","1","","1","","","1","1","","","","","","","","","","","","1","1","","1","","","","","","","","","","1","1","1","1","1","1","1","","1","1","","","1","","","1","1","1","1","","","1","","","1","","1","1","1","1","","","","1","1","1","1","","","","","1","1","1","1","1","1","","1","","1","","1","","1","1","1","","","","","","","","","","1","","1","1","1","","","1","","1","1","1","","","","","","","","","1","1","","","","1","","","","","","","","","","1","","","1","1","","","","","","","","","","","","","","","","","","","","","","","","","","",""
"Mountainside Huntington","Outpatient Clinic","141 East Main Street","Floor 2","Huntington","NY","11743","2852","Suffolk","631-760-1889","https://Mountainside.com","40.8800583","-73.4043583","SU","1","","","","1","","1","1","1","1","","","","","","","","","1","","1","1","1","1","","","","","1","","","","","1","","1","1","","","","","","","","","","","","1","","1","","1","1","","","","","1","","","","1","","","1","","","","1","","","","","","","","1","1","","1","","","","1","","","","","","","1","1","1","","1","1","","1","1","","","1","","","1","1","1","1","","","1","1","","1","","1","1","1","1","1","","","","","","","","","","","1","","1","1","","","","","","1","","","1","1","1","","1","1","","1","1","1","1","1","1","","1","","","","","","","1","1","","1","1","","","","1","","1","","1","1","1","","","","","","","1","","","","","","1","","","","1","","","","","","1","","","","","","","","","","","","","","","","","","","","",""
"WellLife Network Inc","Outpatient Clinic/ARS Wyandanch","234 Long Island Avenue","","Wyandanch","NY","11798","","Suffolk","631-920-8250","https://www.welllifenetwork.org","40.7526329","-73.3659097","SU","1","","","","1","","1","1","1","1","","","","","","1","","","1","","1","1","1","1","","","","","1","","","","","1","","","1","","","","","","","","","","","","1","","","","","","","","","","1","1","1","1","1","","1","1","","","","1","","","","1","1","1","1","1","1","1","1","1","1","1","1","","","","","","1","1","1","1","1","","1","1","1","1","1","","1","","1","1","1","1","1","1","","1","","","1","","1","1","1","1","","","","1","","","","1","","1","1","1","","1","1","","","1","","","1","","","1","1","1","1","","1","","1","1","1","1","1","","1","1","1","1","1","","","1","1","1","1","1","","","","","","","1","","1","1","","","","1","","","","1","","","","","","","","","1","1","","","","","","","","","","","","","","","","","","","","","","","","","","","1"
"RiseWell Community Services Inc","CCBHC","240-A Long Island Avenue","","Wyandanch","NY","11798","","Suffolk","631-782-6200","https://www.risewell.org","40.7526648","-73.3656581","SU","1","","","","","","","","","","","","","","","1","","","1","","1","1","1","","1","","","","1","","","","","","","","1","","","","","","","","","","1","","1","","","","","","","","","","1","1","1","1","1","1","1","","1","","1","","","","","","","","","","","","","","","","1","","","","","","","1","1","1","1","","1","1","1","1","","","1","","1","1","1","1","1","","","1","","","","","1","1","","1","","","","1","1","1","","1","","1","1","1","","1","1","1","","1","1","","1","","","","1","1","1","","","","","","","","","","","1","1","1","1","","","1","","1","1","1","1","","","","1","","","","1","","1","1","","","","","","1","","","","","","1","","","1","","","1","","","","","","","","","","","","","","","","","","","","","","","","","1"
"Town of Babylon","Beacon Family Wellness Center","281 Phelps Lane","","North Babylon","NY","11703","4005","Suffolk","631-422-7676","https://www.townofbabylonny.gov/182/Drug-Alcohol-Services","40.7280342","-73.330649","SU","1","","","","1","","1","1","1","1","","","","","","1","","","1","","1","1","1","1","","","","","1","","","","","1","","","1","","","","","","","","","","1","","1","","","","","","","","","","1","1","","1","1","","1","1","1","","1","","","","","","","","","1","1","","","","","","1","","","","","","","1","1","1","","1","1","1","1","","1","","1","","1","1","1","1","1","1","","1","1","","1","","1","1","1","1","1","1","","","1","1","","1","","1","1","1","","1","1","","","","1","","","","","1","1","1","1","","1","","1","1","1","1","","","","1","","","1","","","1","1","1","","1","1","","","1","1","","1","","1","","1","","","","","","","1","","","","","","1","","","","1","","","","","1","1","","","","1","","","","","","","1","","","","","","","","","",""
"Lexington Center for Recovery","Outpatient Clinic","24 Smith Avenue","","Mount Kisco","NY","10549","2814","Westchester","914-666-6740 x1901","https://www.lexingtonctr.org","41.1995893","-73.7265299","SU","1","","","","1","","1","1","1","1","","","","","","1","","","1","","1","1","1","1","","","","","1","","","","","1","1","","1","","","","","","","","","","","","1","","","","","","","1","","","1","1","","1","1","","1","1","1","","1","1","","","","1","1","1","","","","","1","","","1","1","","","","","","","1","1","1","","","1","","1","1","1","","1","","1","1","1","1","1","1","","1","1","","1","","1","1","1","1","1","","1","1","1","1","","1","","1","1","1","","1","1","1","","1","1","","1","","1","1","1","1","1","1","1","","1","1","1","1","1","","1","","","","1","","","1","1","1","","1","1","","","","1","","1","","1","","","","","","","","","1","1","","","","1","","","","","1","","","","","","","","","","","","","","","","","","","","","","","","","","",""
"Outreach Development Corporation","","998 Crooked Hill Road","Building 5, 1st and 2nd Floors","Brentwood","NY","11717","","Suffolk","631-521-8400","https://www.opiny.org","40.7945854","-73.2898095","SU","1","","","","1","","1","1","1","1","","","","","","1","","","1","","1","1","1","1","","","","","1","","","","","1","","","1","","","","","","","","","","","","1","","","","","1","","","","","1","1","1","1","1","1","1","1","1","1","1","1","1","1","","1","","","1","1","1","","1","","","1","1","","","","","","","1","1","1","1","","1","","1","1","","","1","","","1","1","1","1","","","1","1","","1","","1","1","1","1","1","","","1","","","","1","","1","1","1","","1","1","","","1","","","1","","1","1","1","1","1","","1","","1","1","1","1","1","","1","","","","1","","","","1","1","1","1","1","","","","1","","1","","1","1","1","","","1","","","","1","","","1","1","","","","","","1","","","","","","","","","","","","","","","","","","","","","","","","","","",""
"Charles K Post Addiction Treatment Ctr","Inpatient Rehabilitation Program","998 Crooked Hill Road","Building 1, PPC Campus","Brentwood","NY","11717","","Suffolk","631-434-7554","https://www.oasas.ny.gov","40.7945854","-73.2898095","SU","1","","","","1","","1","1","1","1","","1","","","","1","","","1","","","1","1","1","","","","1","","1","","","","","","","","","","","","","","","","1","","","1","","1","","","1","","","","","1","1","","1","1","","1","1","","","","1","","","","","","","1","1","1","","1","","1","1","","","","","","","1","1","1","1","","1","1","","1","1","","","1","","","1","1","1","1","","","1","1","","1","","","1","1","1","1","1","1","","1","1","1","","","1","1","1","1","1","1","1","1","1","1","1","1","","1","1","1","1","1","","1","","1","","1","1","","","","","1","","","","","","1","","1","","","1","1","","","","","","1","1","1","","","","1","1","","1","","","","","","1","1","1","","1","","","","","","1","","","","","","","","","","","","","","","","","","","","",""
"Outreach Development Corporation RR","Pilgrim Psychiatric Center","998 Crooked Hill Road","1st and 2nd Floors, Building 5","Brentwood","NY","11717","","Suffolk","631-521-8400 x5102","https://opiny.org","40.7944967","-73.2880037","SU","1","","","","1","","1","1","1","","","","","","","1","","","1","","","1","1","1","","","","1","","1","1","","","","","","","","","","","","","","","","","","1","","","","","","","","","","1","1","1","1","","1","1","","","","","","1","","","","","","","","1","","","","","","1","","","","","","","1","1","","","1","","1","1","1","","","1","","","1","1","","1","","","1","","","1","","1","1","1","1","","","","1","1","1","","","","1","","1","1","1","1","1","","","1","","1","","1","1","1","1","1","","1","","1","1","1","","1","","1","","1","1","","","","1","1","","","","1","","","","1","","1","","1","1","","1","","","","","","1","","","","1","1","1","","","","1","","","","","","","","","","","","","","","","","","","","","","","","","","",""
"Northport VAMC","Mental Health (116A)","79 Middleville Road","116A, Building 6, Room 106-R","Northport","NY","11768","","Suffolk","631-261-4400 x12787","https://","40.8944737","-73.3103725","SU","1","1","","","1","","","1","1","1","","1","","","","","","","1","","1","1","1","1","","","1","1","1","1","","1","1","1","","1","1","1","1","","1","","1","","","","","","","","","","1","1","","","","","","","","","1","1","1","","1","","","1","1","1","","1","1","","1","1","1","1","1","1","1","1","1","1","1","1","1","1","","1","1","","1","1","1","1","1","1","","","1","","","1","1","1","1","","","1","1","1","","","1","1","1","1","1","1","1","1","1","1","1","1","","1","1","1","1","1","1","1","1","1","1","1","1","","1","1","1","1","1","","1","","1","1","1","","1","","","","","","","","","","1","","","","1","1","1","","1","1","","1","1","1","1","","1","1","1","1","","1","1","1","","1","","1","1","1","","1","","","","","","1","","","","","","","","","","","","","","","","","","","","",""
"Outreach Development Corporation","Residential Rehab for Youth","400 Crooked Hill Road","","Brentwood","NY","11717","1039","Suffolk","631-231-3232","https://www.opiny.org","40.7888804","-73.2725534","SU","1","","","","1","","1","1","1","","","","","","","1","","","1","","","1","1","1","","","","1","","1","1","","","","","","","","","","","","","","","","","","1","","","","","","","","","","1","1","","","1","","1","","","","1","1","","","","","","1","","","","","1","","","","","","","","","","","1","1","1","","","","1","1","1","","","1","1","1","1","","1","1","","","1","","","1","","1","1","1","1","","","1","","1","1","1","","","1","1","1","1","1","1","1","1","","1","1","1","","1","1","1","1","1","","1","","","1","1","1","","","1","","1","","","","","","1","","","","","","","","","1","1","","1","1","","1","","1","","","","1","","","","","","1","1","1","","1","","","","","","","","","","","","","","","","","","","","","","","","","","","1"
"Outreach Recovery Res for Women","Residential Reintegration","400 Crooked Hill Road","Building 4","Brentwood","NY","11717","1039","Suffolk","631-469-6200","https://www.opiny.org","40.7888804","-73.2725534","SU","1","","","","","","1","1","1","1","","","","","","1","","","1","","","1","1","1","","","","1","","1","1","","","","","","","","","","","","","","","","","","1","","","","","","","","","","1","1","","1","","","1","","","1","","1","","","","1","1","","1","1","","","1","1","1","1","1","","","","","","","1","1","1","","1","","1","1","1","1","","1","","","1","1","1","","","","","","","1","","","1","1","1","","","","1","1","1","","","","1","","1","1","1","1","1","","1","1","","1","","1","1","1","1","1","1","1","","1","1","","1","1","","1","","1","1","","","","1","1","1","1","1","","","","","","1","1","","1","1","","1","","1","","","","1","","","","","","","","","","1","","","","","","","","","","","","","","","","","","","","","","","","","","",""
"Family Servs League of Suffolk County","Outpatient Chemical Dep Program","1448 5th Avenue","","Bay Shore","NY","11706","","Suffolk","631-309-6831","https://www.fsl-li.org","40.746224","-73.2649306","SU","1","","","","1","","1","1","1","1","","","","","","1","","","1","","1","1","1","","1","","","","1","","","","","1","","1","1","","","","","","","","","","","","1","","","","1","1","","1","","","1","1","1","1","1","1","1","1","1","","1","1","","","","1","","","","1","1","","1","","","","1","","","","","","","1","1","1","1","","1","","1","","1","","1","","1","1","1","1","1","","","1","1","","1","","1","1","1","1","1","","","","","1","","","1","1","1","1","1","1","1","1","","1","","","","","","1","1","1","1","1","1","","1","1","1","1","1","","1","","","","1","","","1","1","1","","1","","","","","","","1","","1","1","","","","1","","","","1","","","","","1","1","","","","","","1","","","","1","","","","","","","","","","","","","","","","","","","","",""
"Suffolk County Dept of Health Service","Division of Community Mental Hygiene","200 Wireless Boulevard","","Hauppauge","NY","11788","","Suffolk","631-853-7373","https://www.suffolkcountyny.gov","40.8144976","-73.2663873","SU","1","","1","","","","","","","","1","","","","","","","1","1","","1","1","1","1","","","","","1","","","","","1","","","1","","","","","","","","","","1","","1","","1","","1","","","","","","1","1","1","1","1","","1","","","","1","1","1","","","1","1","","1","1","1","1","1","1","1","","1","","","","","","","1","","","","1","1","","1","1","1","","1","","","1","1","1","1","","","1","","","1","","","1","1","1","","","1","","1","1","1","1","","1","","1","","1","1","","1","1","1","1","1","","1","","1","1","1","","","1","","","","","","","","1","","","","","","1","","1","","1","","","","","","","","1","1","","","","","","1","1","","","","","1","1","","1","1","1","","1","","","1","","","","","","","","","","","","","","","","","","","","","","","",""
"Outreach Development Corporation","","452 Suffolk Avenue","","Brentwood","NY","11717","","Suffolk","631-436-6065","https://www.opiny.org","40.778521","-73.257935","SU","1","","","","1","","1","1","1","1","","","","","","","","","1","","1","1","1","1","","","","","1","","","","","1","","","1","","","","","","","","","","","","1","","","","","","","","","","1","1","1","1","1","1","1","1","","","1","1","","","","1","","","","1","1","","1","1","","","1","","","","","","","1","1","1","","","1","1","1","1","1","","1","","","1","1","1","1","","","1","1","","1","","1","1","1","1","1","","","","","1","","1","","1","","1","","1","1","1","","1","1","","1","","1","1","1","1","1","","1","","1","1","1","1","1","","1","","","","","","","1","1","1","","1","1","","","","1","","1","","1","","","","","","","","","1","","","","","1","","","","","1","","","","","","1","","","","","","","","","","","","","","","","","","","","",""
"Peekskill Clinic","Area Health CD OP","1037 Main Street","","Peekskill","NY","10566","","Westchester","844-400-1975","https://www.sunriver.org","41.2915634","-73.9184506","SU","1","","","","1","","1","1","1","","","","","","","1","","","1","","1","1","1","1","","","","","1","","","","","","","","1","","","","","","","","","","","","1","","1","","","","","","","","1","1","1","1","1","","1","","","","1","1","","","","1","","","","1","1","1","","","","1","1","","","","","","","1","1","1","","1","1","1","1","","","","1","","","1","1","1","1","1","","1","","","1","","1","1","1","1","","","1","","1","1","1","1","","1","1","1","","1","1","","1","","1","1","1","","1","1","1","1","1","","1","","1","","1","1","","","1","","1","","1","","","1","1","1","","1","1","1","1","1","1","1","","1","1","","","1","","","1","1","","1","1","","","","","1","1","1","1","1","","","","","","","","","","","","","","","","","","","","","","","","","","",""
"Westchester Jewish Community Services","CCBHC","1101 Main Street","","Peekskill","NY","10566","2907","Westchester","914-737-7338","https://www.wjcs.com","41.2914882","-73.9168565","SU","1","","","","","","1","1","1","1","","","","","","1","","","1","","1","1","1","1","","","","","1","","","","","1","","","1","","","","","","","","","","","","1","1","","","","","","","","","1","1","1","1","1","","1","1","1","1","1","1","1","","","","1","1","","1","1","","1","1","1","1","1","","","","","","","1","1","1","","","1","1","1","1","","1","1","","1","1","1","1","1","1","","","1","","1","","1","1","1","1","1","1","","1","1","1","","","","1","","1","1","1","1","1","","1","1","","1","","1","1","1","1","1","","1","","1","1","1","1","1","","1","","","1","","","","","1","1","","1","1","","","1","1","","1","","1","","1","","","1","","","","1","","","","","1","","","","","1","","","","","","","","","","","","","","","","","","","","","","","","","","",""
"Sunrise Detox Brentwood","Med Sup Withdrawal/Inpatient","141 8th Street","","Brentwood","NY","11717","5325","Suffolk","631-629-8220","https://sunrisedetox.com/","40.7786282","-73.2417717","SU","","1","","","","1","","1","1","1","","","","","","1","","","1","","","1","1","","1","","","1","","","","1","","","","","","","","","","","","","","","","","1","","","","1","1","","","","","1","","","","1","1","","","","","","","","","","","","","","","","","","","","","","1","1","1","1","1","","1","1","1","","1","1","1","1","1","","","1","","","1","1","1","1","","","1","","","1","","1","1","1","1","","","","","1","1","1","","","","1","1","1","1","1","1","","1","1","1","1","","","","1","1","1","","1","","1","1","1","1","","1","","","1","","","","","1","1","","1","","1","","","","1","","1","1","1","1","","","1","","","","","1","","","","1","","1","1","1","","","","1","","","","","","","","","","","","","","","","","","","","","","","","",""
"Counseling Center at Yorktown Heights","","2000 Maple Hill Street","Suite 101","Yorktown Heights","NY","10598","","Westchester","914-962-5101","https://www.yorktowncounselingcenter.com","41.2775704","-73.7777087","SU","1","","","","","","","1","1","1","","","","","","","","","1","","1","1","1","","1","","","","1","","","","","1","1","1","1","","","","","","","","","","","","1","","1","","1","","","","","","1","","","","1","1","","","","","","","","","","","","","","","","","","","","","","","","","","","","1","1","1","","1","1","1","1","1","1","","1","","1","1","1","1","1","","","1","","","1","","1","1","1","1","","1","","","1","1","1","","","1","1","1","1","1","1","1","","","1","","1","","","","1","1","1","","1","","1","1","1","1","","1","","","","","","","","1","1","","1","","","","","","","","1","","1","1","","","","","","","","1","","","","1","","1","","","","","","1","","","","","","","","","","","","","","","","","","","","","","","","",""
"Suffolk Cnty Dept of Hlth Servs","Div Comm Mental Hyg North County OTP","William J Lindsay Complex, Bldg 151","725 Veterans Memorial Highway","Smithtown","NY","11787","4314","Suffolk","631-853-6410","https://www.suffolkcountyny.gov","40.8507116","-73.2175571","SU","1","","1","","","","","","","","1","","","","","","","1","1","","1","1","1","1","","","","","1","","","","","1","","","1","","","","","","","","","","1","","1","","1","","1","","","","","","1","1","1","1","1","","1","1","","","1","1","1","","","1","1","","1","1","1","1","1","1","1","1","1","","","","","","","1","","","","1","1","1","1","1","1","","1","","","1","1","1","1","","","1","","","1","","","1","1","1","","","1","","1","1","1","1","","1","","1","","1","1","","1","1","1","1","1","","1","","","1","1","","","1","","","","","","","","","","","","","","1","","1","","1","","","","","","","","1","1","","","","","","","","","","","","1","1","","1","1","1","","1","","","1","","1","1","","","","","","","","","","1","","","","","","","","","","",""
"Town of Smithtown","Horizons Counseling and Education Ctr","161 East Main Street","","Smithtown","NY","11787","","Suffolk","631-360-7578","https://www.smithtownny.gov/horizons","40.8563986","-73.1884766","SU","1","","","","1","","1","1","1","1","","","","","","1","","","1","","1","1","1","1","","","","","1","","","","","1","","","1","","","","","","","","","","1","","1","","","","","","","","","","1","1","1","1","1","","1","1","1","","","1","1","","","","1","1","1","1","1","","1","","","1","1","","","","","","1","1","1","1","1","1","1","1","1","1","1","","1","","1","1","1","1","1","1","","1","1","","1","","1","1","1","1","1","","","1","1","","","","","1","1","1","","1","1","1","","1","","","1","","1","1","1","1","1","","1","","1","1","1","1","","","","","1","","1","","","1","1","1","","1","1","","","1","1","1","1","","1","","1","","","","","","","1","","","","","","","","","1","1","","","","","","","","","","","","","","","","","","","","","","","","","","",""
"Addiction Recovery Services","Outpatient Clinic/ARS Smithtown","11 Route 111","1st Floor","Smithtown","NY","11787","","Suffolk","631-920-8300","https://www.welllifenetwork.org","40.8553253","-73.1866552","SU","1","","","","1","","1","1","1","1","","","","","","1","","","1","","1","1","1","1","","","","","1","","","","","1","","","1","","","","","","","","","","","","1","","","","","","","","","","1","1","1","1","1","","1","1","","","1","1","","","","1","1","1","1","1","1","1","1","1","1","1","1","","","","","","1","1","1","1","1","","1","1","1","1","1","","1","","1","1","1","1","1","1","","1","","","1","","1","1","1","1","","","","1","","","","1","","1","1","1","","1","1","","","1","","","1","","","1","1","1","1","","1","","1","1","1","1","1","","1","1","1","1","1","","","1","1","1","1","1","","","","","","","1","","1","1","","","","1","","","","1","","","","","","","","","1","1","","","","","","","","","","","","","","","","","","","","","","","","","","","1"
"Employee Assistance Resource Servs Inc","(EARS)/Drug Abuse Outpatient","278 East Main Street","","Smithtown","NY","11787","","Suffolk","631-361-6960","https://","40.8547766","-73.1792572","SU","1","1","","","1","1","","1","1","1","","","","","","","","","1","","1","1","1","1","","","","","1","","","","1","1","","1","1","","","","","","","","","","","","1","","","","","","","","","","1","1","1","1","1","1","","","","","","1","1","1","1","1","1","","1","1","1","1","1","1","1","1","1","1","1","1","1","1","1","1","1","1","1","","","1","1","1","1","","1","","","1","1","1","1","1","","1","1","","1","","1","1","1","1","1","1","","","1","1","","","","1","","1","","1","1","","","","1","","","","1","1","1","1","1","","1","","1","1","1","1","1","1","","1","","","","","","","1","1","","1","","","","","","1","1","","1","1","1","","1","","","","","1","","","","","","1","","","","1","","","","","","","","","","","","","","","","","","","","","","","","","","",""
"Community Counseling Services of","Ronkonkoma/Drug and Alcohol OP Clinic","3281 Veterans Memorial Highway","Suite E-14","Ronkonkoma","NY","11779","","Suffolk","631-471-3122","https://www.ccsli.org","40.7889467","-73.1312657","SU","1","","","","","","1","1","1","","","","","","","1","","","1","","1","1","1","1","","","","","1","","","","","1","","","1","","","","","","","","","","","","1","1","","","","","","","","","1","1","","1","1","","","1","","","","","","","","","","","","","","","","","","","1","","","","","","1","1","1","1","1","1","1","1","1","1","","","1","","","1","1","1","1","1","","1","1","","1","","1","1","1","1","1","1","","","1","1","","","","1","","1","","1","1","","","","1","","1","","","1","1","1","1","","1","","1","1","1","1","","1","","","1","1","1","","","1","1","1","1","1","","","","","","","1","","1","1","1","","","","","","","","","","","","","","","","1","1","","","","","","","","","","","","","","","","","","","","","","","","","","",""
"Family Res and Esst Enterprises","Success Article 31 Integrated Outpt","405 Locust Avenue","","Oakdale","NY","11769","","Suffolk","631-868-1244","https://www.familyres.org","40.7469919","-73.1109728","SU","1","","","","1","","","1","1","1","","","","","","1","","","1","","1","1","1","1","","","","","1","","","","","1","","","1","","","","","","","","","","","","1","1","1","","","","","1","","","1","1","1","1","1","1","","1","1","1","","1","","","","1","","","","","","","","","","","1","","","","","","","1","1","1","1","","1","1","1","1","1","","1","","1","1","1","1","1","1","","1","","","1","","1","1","1","1","","","","","1","1","","","","1","1","1","","1","1","1","","1","1","","","","1","1","","1","1","","1","","1","1","1","1","1","","1","1","","","1","","","1","1","1","","1","1","","","","1","","1","1","1","1","","1","","1","","","","1","","","","1","1","1","","","1","1","","","","","","","","","","","","","","","","","","","","","","","","","","","1"
"Phoenix House","Lake Ronkonkoma SRR","153 Lake Shore Road","","Ronkonkoma","NY","11779","","Suffolk","631-471-5666 x5481","https://www.phoenixhouse.org/locations/new-york","40.824693","-73.1148731","SU","1","","","","1","","1","1","1","1","","","","","","1","","","1","","1","1","1","1","","","","1","","1","1","","","","","","","","","","","","","","","","","","1","","","","","1","","","","","1","1","1","1","1","","1","1","","","","1","1","","","1","1","","","1","1","1","1","1","1","1","1","","","","","","","1","1","1","","1","1","1","1","1","1","1","1","","","1","1","1","1","","","1","","","1","","1","1","1","1","1","","1","1","1","1","1","1","","1","1","1","1","1","1","1","1","1","1","1","1","","1","1","1","1","1","","1","","1","1","1","1","1","","1","1","","1","","","","1","1","","1","","1","1","1","","1","1","1","1","1","1","","1","","1","1","1","","1","","","","1","","1","1","1","","1","","","","","","1","","","","","","","","","","","","","","","","","","","","","1"
"Talbot House","Residential Stabilization","30 Carlough Road","Suite C","Bohemia","NY","11716","","Suffolk","631-589-4144","https://www.catholiccharities.cc","40.7755255","-73.0922342","SU","1","1","","","1","1","1","1","1","1","","","","","","1","","","1","","1","1","1","1","","","","1","","1","","1","","","","","","","","","","","","","","","","","1","","","","","","","","","","","1","","","","","1","","","","","","","","","","","","","","","","","","","","1","1","1","1","1","1","","1","1","","","1","1","","1","","","","1","","","1","1","1","1","","","","1","","1","","1","1","1","1","1","","","1","1","1","","","","1","1","1","1","1","1","","","1","1","","","","","1","","1","1","","1","","1","1","1","1","1","","1","1","1","","","","","1","1","","","","1","","","","1","","1","","1","","","","1","1","","","","1","","","","","","1","","","","1","","","","","","1","","","","","","","","","","","","","","","","","","","","",""
"YMCA Family Services","","1150 Portion Road","Suite 6","Holtsville","NY","11742","","Suffolk","631-580-7777 x3100","https://www.ymcali.org","40.8347738","-73.0597586","SU","1","","","","","","","1","1","","","","","","","1","","","1","","1","1","1","","1","","","","1","","","","","1","","1","1","","","","","","","","","","","","1","","","","","","","","","","1","1","1","","1","","1","1","","1","1","","","","","","","1","","1","1","","","","","","","","","","","","","1","1","1","1","","1","","1","1","1","","1","","1","1","1","1","1","1","","1","1","","1","","1","1","1","1","1","1","","","1","1","","1","","","1","1","","1","1","1","","","1","1","","","","","1","1","1","","1","","1","","1","1","","","1","1","1","","1","","","1","1","1","","1","","","","","","","1","","1","1","1","","","","","","","","","","","","","1","","","","","","1","","","","1","","","","","","","","","","","","","","","","","","","","","1"
"Arms Acres Inc","Methadone Clinic","21 Old Route 6","","Carmel","NY","10512","2107","Putnam","845-225-5202","https://www.armsacres.com","41.4172913","-73.6699466","SU","1","","1","","1","","","1","1","1","1","","","","","1","","1","1","","1","1","1","","1","","","","1","","","","","1","","1","1","","","","","","","","","","","","1","","","","1","","","","","","1","1","1","","1","","","1","","","1","1","1","","","1","1","","1","1","1","1","1","1","1","","1","","","","","","1","1","1","1","1","1","1","","1","1","1","","1","","","1","1","1","1","1","","","1","","1","","1","1","1","1","1","1","","1","1","1","","1","","","1","1","1","1","1","1","","1","1","1","1","","1","1","1","1","1","","1","1","1","1","1","1","1","1","","","","","1","","","1","1","1","","1","1","","","","1","1","1","1","1","","","","","1","","","","1","","","1","","","1","1","1","","","","1","1","","1","","","","","","","","","","","","","","","","1","","","","","",""
"Saint Charles Hospital","Chemical Dependency Inpatient Program","200 Belle Terre Road","5 North","Port Jefferson","NY","11777","","Suffolk","631-474-6233","https://stcharleshospital.chsli.org/drug-and-alcohol-rehab","40.9467111","-73.0603587","SU","1","","","","","","1","1","1","1","","","","","","1","","","1","","","1","","1","","","1","","","","","","","","","","","","1","","1","","","","","","","","1","","1","1","1","","","","","","1","1","1","1","1","1","","","","","","1","1","","","1","1","","1","1","1","1","1","1","1","","1","","","","","","","1","1","1","","1","1","","1","","1","","1","","","1","1","1","1","","","1","1","","","","","1","1","1","1","","","","1","1","1","","","1","","1","1","1","1","1","1","","1","1","","","1","1","1","1","1","","1","","1","1","1","1","1","","1","","1","","1","","","1","1","1","","1","1","1","","","1","1","1","1","1","1","1","1","","","1","1","","1","","","","","","1","1","1","","1","","","","","","","","","","","","","","","","","","","","","","","","","","",""
"Saint Charles Hospital","Port Jefferson Medical Managed Detox","200 Belle Terre Road","2 North","Port Jefferson","NY","11777","","Suffolk","631-474-6233","https://stcharleshospital.chsli.org","40.9467577","-73.0603108","SU","1","1","","","","","1","1","1","1","","","","","","1","","","1","","","1","","1","","","1","","","","","","","","","","","1","1","","1","","","","","","","","1","","1","1","1","","","","","","1","1","1","1","1","1","","","","","","1","1","","","1","1","","1","1","1","1","1","1","1","1","1","1","1","","","","","1","1","1","","1","1","","1","","1","","1","","","1","1","1","1","","","1","1","","1","","","1","1","1","","","","","1","1","1","","","","","1","1","1","1","1","1","","1","1","","","1","1","1","1","1","","1","","1","1","1","1","1","","1","","1","","","","","1","1","1","","1","1","1","","","1","1","","1","1","1","1","1","1","","1","1","","1","","","","","","1","1","1","","1","","","","","","","","","","","","","","","","","","","","","","","","","","",""
"Saint Charles Hospital","Medical Managed Detoxification 1","200 Belle Terre Road","3rd Floor, 3 West","Port Jefferson","NY","11777","","Suffolk","631-474-6981","https://stcharleshospital.chsli.org","40.9467577","-73.0603108","SU","1","1","","","1","1","1","1","1","1","","","","","","1","","","1","","","1","","1","","","1","","","","","","","","","","","1","","","","","","","","","","","1","","1","1","1","1","","","","","1","1","1","1","1","","1","","","1","","1","","","","","","1","1","","","1","1","1","1","","1","1","1","","","1","","1","","","","","","","1","","","","1","","1","","","1","1","","","1","1","","","","1","1","1","1","","","","","1","","1","1","","1","1","","1","1","1","","1","1","1","1","1","","1","1","1","1","1","","1","","1","1","1","1","1","","1","","1","1","","","","1","1","1","1","1","1","1","","","1","","","1","1","","","","1","","","","","1","","","","","","1","1","1","","1","","","","","","1","","","","","","","","","","","","","","","","","","","","",""
"Mather Hospital at Northwell","Outpatient Chemical Dependency Clinic","100 Highlands Boulevard","Suite 101","Port Jefferson","NY","11777","","Suffolk","631-331-8200","https://www.matherhospital.org","40.9362458","-73.0528527","SU","1","","","","1","","1","1","1","1","","","","","","1","","","1","","1","1","1","1","","","","","1","","","","","1","","1","1","","","","1","","","","","","","","1","","1","","1","","","","","","1","1","1","1","1","1","","1","1","1","","1","","","","","1","1","","1","1","","","","","","1","","","","","","1","1","1","1","1","1","1","1","1","1","","","1","","1","1","1","1","1","1","","1","1","","1","","1","1","1","1","1","","","","1","1","","1","","1","1","1","1","1","1","","","1","1","","","","1","1","1","1","1","","1","","1","1","1","1","1","","1","1","","","1","","","1","1","1","","1","1","","","","1","","1","","1","1","1","","","","","","","1","","","","","","","","","1","1","","","","","","","","","","","","","","","","","","","","","","","","","","",""
"Victory Recovery Partners","COP","100 Granny Road","Suites 1-4","Farmingville","NY","11738","","Suffolk","631-696-4357","https://victoryrp.com","40.8339994","-73.0217809","SU","1","","","","1","","1","1","1","1","","","","","","1","","","1","","1","1","1","1","","","","","1","","","","","1","","1","1","","","","","","","","","","","","1","","1","","1","","","","","","1","1","1","1","1","1","","","","","1","1","1","1","1","1","1","","1","1","1","1","1","1","1","1","1","","","","","","1","1","1","1","1","","1","1","1","1","1","1","1","","","1","1","1","1","1","","1","1","1","1","","1","1","1","1","1","1","1","","1","1","1","1","1","1","1","1","","1","1","1","1","1","1","1","1","","1","1","1","1","1","","1","","1","1","1","1","1","1","","1","1","1","1","","","1","1","1","1","1","1","1","1","1","1","1","1","1","1","1","1","","","","1","1","","1","1","","1","1","","1","1","1","","1","","","","","","1","","","","","","","","","","","","","","","","","","","","",""
"Seafield Services Inc","Outpatient Clinic","475 East Main Street","1st Floor, Suite 101","Patchogue","NY","11772","","Suffolk","631-363-2001","https://www.seafieldcenter.com","40.7671872","-72.9978298","SU","1","","","","1","","1","1","1","1","","","","","","1","","","1","","1","1","1","","1","","","","1","","","","","1","","1","1","","","","","","","","","","","","1","","","","1","","","","","","1","1","","1","1","","","1","","","","1","1","1","1","1","","1","1","1","1","1","1","1","1","1","1","","","","","","1","1","1","1","1","1","1","1","1","1","","","1","","1","1","1","1","1","1","","1","1","","1","","1","1","1","1","1","1","1","","1","1","","1","1","1","1","1","1","1","1","1","","1","1","1","1","","1","1","1","1","1","1","1","","1","1","1","1","1","1","","1","1","1","1","","","1","1","1","1","1","","","","","","1","1","","1","1","1","1","","","","","","1","","","","","","1","","","1","","","1","","","","","","","","","","","","","","","","","","","","","","","","","1"
"Seafield Services Inc","Outpatient Clinic","3251 Route 112","Building 9, Suite 2","Medford","NY","11763","1446","Suffolk","631-451-6007","https://www.seafieldcenter.com","40.842462","-72.9933892","SU","1","","","","1","","1","1","1","1","","","","","","1","","","1","","1","1","1","","1","","","","1","","","","","1","","1","1","","","","","","","","","","","","1","","","","1","","","","","","1","1","","1","1","1","","","","","","1","1","1","1","1","","1","1","1","1","1","1","1","1","1","1","","","","","","1","1","1","1","1","1","1","","1","1","","","1","","1","1","1","1","1","1","","1","1","","1","","1","1","1","1","1","1","1","","1","1","","1","1","1","1","1","1","1","1","1","","1","1","1","1","","1","1","1","1","1","1","1","","1","1","1","1","1","1","","1","1","1","1","","","1","1","1","1","1","","","","","","1","1","","1","1","1","1","","","","","","1","","","","","","1","","","1","","","1","","","","1","","","","","","","","","","","","","","","","","","","","","1"
"Center for Recovery","Outpatient Clinic","3 Commercial Place","","Newburgh","NY","12550","","Orange","845-220-2146","https://cornerstonefamilyhealthcare.org","41.4937626","-74.0273537","SU","1","","","","","","1","1","1","","","","","","","","","","1","","1","1","","1","","","","","1","","","","","1","","","1","","","","","","","","","","","","1","","1","","1","","","","","","1","1","1","1","1","","","1","","","1","","","","","","","","","","","","","","","","","","","","","","","1","1","","","1","1","","1","1","","","1","","","1","1","1","1","","","1","","","1","","1","1","1","1","","","1","","1","1","1","1","","","","1","1","1","1","1","1","1","1","1","1","","1","","1","1","1","","1","","1","","1","1","","","1","","","","","","","1","","1","","1","","","","","","","1","1","1","","","","","","1","1","","","","","1","","","1","1","1","","1","","","","","","","","","","","","","","","","","","","","","","","","","","",""
"Center for Recovery","Opioid Treatment Program","3 Commercial Place","","Newburgh","NY","12550","","Orange","845-220-2146","https://cornerstonefamilyhealthcare.org","41.493771","-74.0273178","SU","1","","1","","1","","1","1","1","1","1","","","","","1","","1","1","","1","1","1","1","","","","","1","","","","","1","","","","","","","","","","","","","","","1","","1","","1","","","","","","1","1","1","1","1","","1","1","","","1","","","","","","","","","","","","","","","","","","","","","","","1","1","","","","1","","1","","","","1","","","1","1","1","1","","","1","","","1","","1","1","1","1","","","1","","1","1","1","1","","","","1","1","1","1","1","1","1","1","1","1","","1","","1","1","1","","1","1","1","","1","1","","","1","","","","1","","","1","","1","","1","","","","","","","1","1","1","","","","","","1","1","","","","","1","1","","1","1","1","","1","","","","","","","","","","","","","","","","","","","","","","","","","","",""
"Renwick Recovery","RRi","131 Mill Street","","Newburgh","NY","12550","","Orange","845-569-0775","https://","41.4948667","-74.0200082","SU","1","","","","","","","1","","","","1","","","","1","","","","","","1","1","","1","","","1","","1","1","","","","","","","","","","","","","","","","","","1","","","","","","","","","","1","","","","","","","","","","","1","1","","1","1","1","","1","1","1","1","1","1","1","1","","","","","","","","1","","","","","1","","1","1","","","1","","","1","1","1","1","","","","","","","","","1","","1","","","","","","","","","","","","1","","1","1","1","","","","","1","","1","","","1","1","1","","","1","1","1","","1","1","","","","1","","","","1","","","1","","","","","","","1","","","1","","","1","","","","","","","","","","","","","","","","1","","","","","","","","","","","","","","","","","","","","","","","","","","",""
"Access Supports for Living Inc","Newburgh Family Counseling","21-23 Grand Street","","Newburgh","NY","12550","","Orange","888-750-2266 x8355","https://www.accesssupports.org","41.4993597","-74.0100432","SU","1","","","","1","","1","1","1","1","","","","","","1","","","1","","1","1","1","","1","","","","1","","","","","1","","","1","","","","","","","","","","","","1","1","","","","","","","","","1","1","1","1","1","1","1","","","1","1","1","1","1","1","1","1","1","1","1","1","1","1","1","1","1","1","","","","","","1","1","1","1","1","","1","","1","1","","","1","","1","1","1","1","1","","","1","1","","","","1","1","1","1","1","","","1","1","1","","1","","1","1","1","","1","1","1","","","1","","1","","1","1","1","1","1","","1","","1","1","1","1","","","1","1","1","1","1","","","","1","1","1","1","1","","","","1","1","1","1","1","1","1","1","","1","","","","1","","","","","1","","","","1","","","1","","","","","","","","","","","","","","","","","","","","","","","","",""
"Access Supports for Living Inc","Access Recovery","21-23 Grand Street","","Newburgh","NY","12550","","Orange","845-806-0190","https://accesssupports.org","41.4993597","-74.0100432","SU","1","","","","1","","1","1","1","1","","","","","","1","","","1","","1","1","1","","1","","","","1","","","","","1","","","1","","","","","","","","","","","","1","1","","","","","","","","","1","1","1","1","1","1","1","","","1","1","1","1","1","1","1","1","1","1","1","1","1","1","1","1","1","1","","","","","","1","1","1","1","1","","1","","1","1","","","1","","1","1","1","1","1","","","1","1","","","","1","1","1","1","1","","","1","1","1","","1","","1","1","1","","1","1","1","","","1","","1","","1","1","1","1","1","","1","","1","1","1","1","","","1","1","1","1","1","","","","1","1","1","1","1","","","","1","1","1","1","1","1","1","1","","1","","","","1","","","","","1","","","","1","","","1","","","","","","","","","","","","","","","","","","","","","","","","",""
"Restorative Management Corporation","Outpatient Clinic 2","172-178 Liberty Street","","Newburgh","NY","12550","4912","Orange","845-561-5783","https://www.restorativemanagement.com","41.5015245","-74.0104111","SU","1","","","","","","","1","1","1","","","","","","1","","","1","","1","1","1","","1","","","","1","","","","","1","","1","1","","","","","","","","","","","","1","","","","","","","","","","1","1","","1","1","1","","1","","","1","1","","","","1","","","","1","","","","","1","1","","","","","","","1","1","1","1","1","","1","1","1","1","","","1","","1","1","1","1","1","","","1","1","","1","","","1","1","1","","1","","","1","1","","","","","1","1","","1","1","1","","1","","","1","","1","1","1","1","1","","1","","1","1","1","1","1","1","","","","","1","","","1","1","1","","1","","","","","","","","","1","","","","","","","","","","","","","","","","","","","","","1","","","","","","","","","","","","","","","","","","","","","","","","",""
"Access Recovery","OCCBHC","16-24 Union Street","","Middletown","NY","10940","","Orange","845-673-7077","https://www.accesssupports.org","41.4474752","-74.4221253","SU","1","","","","1","","1","1","1","1","","","","","","1","","","1","","1","1","1","","1","","","","1","","","","","1","","","1","","","","","","","","","","","","1","1","","","","","","","","","1","1","1","1","1","1","1","","","1","1","1","1","1","1","1","1","1","1","1","1","1","1","1","1","1","1","","","","","","1","1","1","1","1","","1","","1","1","","","1","","1","1","1","1","1","","","1","1","","","","1","1","1","1","1","","","1","1","1","","1","","1","1","1","","1","1","1","","1","1","","1","","1","1","1","1","1","","1","","1","1","1","1","","","1","1","1","1","1","","","","1","1","1","1","1","","","","1","1","1","1","1","1","1","1","","1","","","","1","","","","","1","","","","1","","","1","","","","","","","","","","","","","","","","","","","","","","","","",""
"Restorative Management Corp","","7 Railroad Avenue","","Middletown","NY","10940","","Orange","845-342-5941","https://www.restorativemanagement.com","41.4487359","-74.4182968","SU","1","","","","","","","1","1","1","","","","","","1","","","1","","1","1","1","","1","","","","1","","","","","1","","1","1","","","","","","","","","","","","1","","","","","","","","","","1","1","","1","1","1","","1","","","","1","","","","1","","","","1","","","","","1","1","","","","","","","1","1","1","1","1","","1","1","1","1","","","1","","1","1","1","1","1","","","1","1","","1","","","1","1","1","","1","","","1","1","","","","","1","1","","1","1","1","","1","","","1","","1","1","1","1","1","","1","","1","1","1","1","1","1","","","","","1","","","1","1","1","","1","","","","","","","","","1","","","","","","","","","","","","","","","","","","","","","1","","","","","","","","","","","","","","","","","","","","","","","","",""
"Richard C Ward Addiction Trt Center","Inpatient Residential","117 Seward Avenue","Building 92, Suites 12-16","Middletown","NY","10940","","Orange","845-341-2500","https://oasas.ny.gov/","41.449136","-74.4380379","SU","1","","","","1","","1","1","1","1","","","","","","1","","","1","","","1","1","1","","","","1","","1","","","","","","","","","","","","","","","","1","","","1","","","","","1","","","","","1","1","","1","1","","1","1","1","1","","1","","","","","","","","1","","","1","","","","1","","","","","","1","1","1","","","1","1","","1","1","","","1","","","1","1","1","","","","1","1","","1","","1","1","1","1","1","","","","1","1","1","","","1","","1","1","1","1","1","1","","1","1","1","","","1","","1","1","","1","","1","1","1","1","1","","","1","1","1","1","","","1","1","1","1","1","1","1","","","1","","1","1","1","1","","","","","1","1","","1","1","","","1","","1","1","1","","1","","","","","","1","","","","","","","","","","","","","","","","","","","","",""
"New Life Manor Res Reint Prog","RRi","127 Hickory Hill Road","Basement, 1st and 2nd Floors","Newburgh","NY","12550","","Orange","845-566-1224 x6293","https://www.recap.org","41.5447491","-74.0802729","SU","1","","","","1","","","1","","","","1","","","","1","","","1","","","1","1","1","","","","1","1","","1","","","","","1","","","","","","","","","","","","","1","","","","","","","","","","1","1","","","","","1","","","","","1","","","","1","1","","","","1","1","1","1","","1","","","","","","","","1","1","1","","1","1","1","1","1","","1","1","","","1","1","","1","","","1","1","","","","","1","1","1","","","","1","1","1","","1","","1","1","1","1","1","1","1","","1","1","","1","","1","","1","1","","","1","","1","","1","","","1","","","1","1","1","","","1","","1","1","1","","","","","","1","","","1","1","1","1","","1","","","","","","","","","1","","","","","1","","","","","","","","","","","","","","","","","","","","","","","","","","",""
"Restorative Management Corp","","123 Pike Street","","Port Jervis","NY","12771","","Orange","845-856-7576","https://www.restorativemanagement.com","41.3754987","-74.6918665","SU","1","","","","","","","1","1","1","","","","","","1","","","1","","1","1","1","","1","","","","1","","","","","1","","1","1","","","","","","","","","","","","1","","","","","","","","","","1","1","","1","1","1","","1","","","","1","","","","1","","","","","","","","","","","","","","","","","1","1","1","1","1","","1","1","1","1","","","1","","1","1","1","1","1","","","1","1","","1","","","1","1","1","","","","","1","1","","","","","1","1","","1","1","","","1","","","1","","1","1","1","1","1","","1","","1","1","1","1","1","1","","","","","1","","","1","1","1","","1","","","","","","","","","1","","","","","","","","","","","","","","","","","","","","","1","","","","","","","","","","","","","","","","","","","","","","","","",""
"Victory Recovery Partners","Shirley COP","2 Coraci Boulevard","1st Floor, Suites 15-18","Shirley","NY","11967","","Suffolk","631-696-4357","https://victoryrp.com","40.7722165","-72.8692919","SU","1","","","","1","","1","1","1","1","","","","","","1","","","1","","1","1","1","1","","","","","1","","","","","1","","1","1","","","","","","","","","","","","1","","1","","1","","","","","","1","1","1","1","1","1","","","","","1","1","1","1","1","1","1","","1","1","1","1","1","1","1","1","1","","","","","","1","1","1","1","1","","1","1","1","1","1","1","1","","","1","1","1","1","1","","1","1","","1","","1","1","1","1","1","1","1","","1","1","1","1","1","1","1","1","","1","1","1","1","1","1","1","1","","1","1","1","1","1","","1","","1","1","1","1","1","1","","1","1","1","1","","","1","1","1","1","1","1","1","1","1","1","1","1","1","1","1","1","","","","1","1","","1","1","","1","1","","1","1","1","","1","","","","","","1","","","","","","","","","","","","","","","","","","","","",""
"Family Recovery Center","Substance Use Disorder Outpt Clinic","1235 Montauk Highway","","Mastic","NY","11950","2934","Suffolk","631-924-3741","https://www.fsl-li.org","40.8042885","-72.8531634","SU","1","","","","1","","","1","1","1","","","","","","","","","1","","","1","1","1","","","","","1","","","","","1","","","1","","","","","","","","","","1","","1","1","","","","","","1","","","1","1","","1","1","","","1","","","","","","","","","","1","","","","","","","","","1","","","","","","","1","1","","","","1","","1","","","","1","","1","1","1","1","1","1","","1","","","1","","1","1","1","1","","","","","","","","","","1","1","1","","1","1","","","1","","","","","","1","1","1","1","","1","","1","1","1","","1","","","1","","","","","","1","1","1","","1","1","","","","1","","1","","1","","","","","","","","","1","","","","","","1","","","","1","","","","","","","","","","","","","","","","","","","","","","","","","","",""
"LCR Southern Dutchess Clinic","","942 Route 376","Suite 201","Wappingers Falls","NY","12590","","Dutchess","845-765-2366 x1400","https://www.lexingtonctr.org","41.607937","-73.831706","SU","1","","","","1","","1","1","1","1","","","","","","1","","","1","","1","1","1","1","","","","","1","","","","","1","","","1","","","","","","","","","","","","1","","","","","","","","","","1","1","1","1","1","1","1","1","","","","1","1","1","1","1","1","","1","1","1","1","1","1","1","1","","","","","","","","1","1","1","1","1","1","1","1","1","","","1","","","1","1","1","1","1","","1","1","","1","","","1","1","1","","","","","1","1","","","","1","1","1","","1","1","1","","1","1","","","","1","1","1","1","1","","1","","1","1","1","1","1","","1","1","1","1","1","","","1","1","1","1","1","","","","","","1","1","","1","","","","","","","","","1","","","","","","1","","","1","1","","","","","","","","","","","","","","","","","","","","","","","","","","",""
"Dowling House","Residential Reintegration","2103 New Hackensack Road","","Poughkeepsie","NY","12603","4849","Dutchess","845-452-8816","https://www.mhadutchess.org","41.6585491","-73.8751161","SU","1","","","","","","","","","","","1","","","","1","","","1","","1","1","1","","1","","","1","","","1","","","","","","","","","","","","","","","","","","1","","","","","","","","","","1","1","","","","","1","1","","","","","","","","","","","","","","","","","","","","","","","","","","1","1","1","","1","1","1","1","1","","","1","","","1","1","1","1","","","1","","","1","","","1","1","1","","","","1","1","1","","","","","","1","1","1","1","1","","1","1","1","1","","1","","1","1","1","","","","","","","","","","1","","1","1","1","","","1","","1","1","1","","","","","","","1","","1","1","1","1","","","","","","","","","","","","1","","","","1","","","","","","","","","","","","","","","","","","","","","","","","","","",""
"Wellbridge Stabilization Program","Med Sup Withdrawal Inpatient","525 Jan Way","","Calverton","NY","11933","3005","Suffolk","631-508-5400","https://wellbridge.org","40.910036","-72.779113","SU","1","1","","","1","1","1","1","1","1","","","","","","1","","","1","","1","1","1","1","","","","1","","1","","1","","","","","","","","","","","","","","","","","1","","1","","1","","","","","","1","","","","1","","1","","","","","","1","1","","","","","","1","1","","1","","","","1","1","1","1","1","1","","1","1","1","","1","1","1","1","1","","","1","","","1","1","1","1","","","1","1","","1","","","1","1","1","1","","","1","1","1","1","","","","1","1","1","1","1","1","1","1","1","1","1","","1","1","1","1","1","","1","","1","1","1","1","1","1","","","","1","","","","1","1","","1","","1","1","1","1","1","","1","1","1","1","","","1","1","1","1","","1","1","","","1","","1","1","1","","1","","","","","","1","","","","","","","","","","","","","","","","","","","","",""
"Wellbridge Rehabilitation Program","Inpatient","525 Jan Way","","Calverton","NY","11933","3005","Suffolk","631-508-5400","https://wellbridge.org","40.910036","-72.779113","SU","1","","","","1","","1","1","1","1","","","","","","1","","","1","","1","1","1","1","","","","1","","1","1","","","","","","","","","","","","","","","","","","1","","1","","1","","","","","","1","","","","1","","1","","","","","","1","1","","","","","","1","1","","1","","","","1","","","","","","","1","1","1","","1","1","1","1","1","","","1","","","1","1","1","1","","","1","1","","1","","","1","1","1","1","","","1","1","1","1","","","","1","1","1","1","1","1","1","1","1","1","1","","1","1","1","1","1","","1","","1","1","1","1","1","1","","","","1","","","","1","1","","1","","1","1","1","1","1","","1","1","1","1","","","","1","1","1","","1","1","","","1","","1","1","1","","1","","","","","","1","","","","","","","","","","","","","","","","","","","","",""
"Hudson River Healing Services","Outpatient Clinic","391 Manchester Road","","Poughkeepsie","NY","12603","","Dutchess","845-990-7117","https://hudsonriverhealing.org/","41.6841093","-73.8623055","SU","1","","","","1","","1","1","1","1","","","","","","1","","","1","","1","1","1","1","","","","","1","","","","","1","","1","1","","","","","","","","","","","","1","","","","","","","","","","1","1","1","1","1","","","","","","1","1","1","","","","","1","1","1","1","","1","1","","1","1","","","","","","","1","1","1","1","","1","1","1","1","","","1","","1","1","1","1","1","1","","1","1","","1","","1","1","1","1","1","","","1","","","","1","","1","1","1","1","1","1","1","","","","","1","","1","1","1","1","1","","1","","1","1","1","1","1","1","","1","","","1","","","1","1","1","","1","","","","","","","1","","1","1","1","1","","","","","","1","","","","","","","","","1","1","","","","","","","","","","","","","","","","","","","","","","","","","","",""
"Lexington Center for Recovery","COP2","41 Page Park Drive","","Poughkeepsie","NY","12603","","Dutchess","845-486-2950","https://www.lexingtonctr.org","41.6887672","-73.8719837","SU","1","","","","1","","1","1","1","1","","","","","","","","","1","","1","1","1","1","","","","","1","","","","","1","1","1","1","","","","","","","","","","","","1","","","","","","","1","","","1","1","1","1","1","1","1","1","","","1","1","1","1","1","1","1","1","1","1","1","1","1","1","1","1","","","","","","","","1","1","1","1","1","1","1","1","1","","","1","","1","1","1","1","1","1","","1","1","","1","","","1","1","1","","","","","1","1","1","","","1","1","1","","1","1","1","","1","1","1","","","1","1","1","1","1","","1","","1","1","1","1","1","","1","","","","","","","","1","1","1","1","1","","1","","1","1","1","","1","","","","","","","","","1","","","","1","","1","1","1","1","1","","","","","","","","","","","","","","","","","","","","","","","","","","",""
"Bolger House","Residential Reintegration","230 Church Street","","Poughkeepsie","NY","12601","4264","Dutchess","845-452-9168","https://mhadutchess.org","41.6998807","-73.9242481","SU","1","","","","","","","","","","","1","","","","1","","","1","","1","1","1","1","","","","1","","","1","","","","","","","","","","","","","","","","","","1","","","","","","","","","","1","1","","","","","","","","1","","1","1","1","1","1","1","","","","1","1","1","1","1","1","","","","","","","1","1","1","1","1","1","1","1","1","1","","","1","","","1","1","","1","","","1","","","1","","1","1","1","1","","1","","1","1","1","","","","1","1","1","1","1","1","1","","1","1","","1","","1","","1","1","1","","","","","","","","","","1","","","1","1","","","1","","1","1","1","","","","","","1","1","","1","1","1","1","","1","","","","","","","","","","","","","1","1","","","","","","","","","","","","","","","","","","","","","","","","","","",""
"Child and Family Guidance Center and","Addiction Services/Step One","106 Vineyard Avenue","","Highland","NY","12528","","Ulster","845-834-7300","https://www.step1ny.org","41.7185555","-73.9654403","SU","1","","","","1","","1","1","1","1","","","","","","1","","","1","","1","1","1","1","","","","","1","","","","","1","","1","1","","","","","","","","","","","","1","1","1","","","","","","","","1","1","1","1","1","","","","","","1","1","","","","1","1","1","","1","1","","1","","1","1","","","","","","","","1","1","1","1","1","1","","1","1","","","1","","1","1","1","1","1","1","","1","","","1","","1","1","1","1","","","","","1","1","","","","1","1","1","","1","1","1","","","1","1","1","","","1","1","1","1","","1","","1","1","","1","","1","","1","","","1","","","1","1","","1","","","","","","","","1","","1","1","","1","","","","","","1","","","","","","1","1","1","","1","","","","","","","","","","","","","","","","","","","","","","","","","","","1"
"New Hope Manor Inc SRh","Residential Stabilization and Rehab","35 Hillside Road","","Barryville","NY","12719","","Sullivan","845-557-8353 x332","https://www.newhopemanor.org","41.4755892","-74.9067646","SU","1","","","","1","","1","1","1","1","","","","","","1","","","1","","","1","1","1","","","1","1","","1","1","","","","","","","","1","","","","","","","","","","1","","","","","","","","","","1","1","1","","1","","1","1","1","","","1","1","","1","1","1","1","1","1","","1","1","1","1","1","1","","","","","","1","1","1","1","1","1","1","1","1","1","1","","1","1","1","1","1","1","","","","1","1","","1","1","1","1","1","1","1","1","1","1","1","1","1","1","","1","1","1","1","1","1","1","1","1","1","1","1","","1","1","1","1","1","1","1","","1","1","1","1","1","","1","","","1","","","","1","1","","1","","1","1","1","1","1","1","1","1","1","1","","1","","1","1","1","","1","1","","","","","1","1","1","1","1","","","","","","1","","","","","","","","","","","","","","","","","","","","",""
"Florence Manor","Residential Reintegration","24 West Cottage Road","","Poughkeepsie","NY","12601","1227","Dutchess","845-473-2500","https://www.mhadutchess.org","41.7347098","-73.9117251","SU","1","","","","","","","","","","","1","","","","1","","","1","","1","1","1","","1","","","1","","","1","","","","","","","","","","","","","","","","","","1","","","","","","","","","","1","1","","1","","","1","1","","","","","","","","","","","","1","","","","","","","","","","","","","","1","1","1","","1","1","1","1","1","","","1","","","1","1","1","","","","","","","1","","","1","1","1","","","","1","1","1","","","","1","","1","1","","1","1","","1","1","1","1","","1","","1","1","1","","","","","","","","","","1","","1","1","1","","","1","","1","1","1","","","","","","","1","","1","1","1","","","1","","","","","","","","","","1","","","","1","","","","","","","","","","","","","","","","","","","","","","","","","","",""
"Suffolk Cnty Dept of Hlth Servs","Div Comm Mental Hyg East End OTP","300 Center Drive","Suite 236 South","Riverhead","NY","11901","","Suffolk","631-852-2680","https://www.suffolkcountyny.gov","40.9140744","-72.6689299","SU","1","","1","","","","","","","","1","","","","","","","1","1","","1","1","1","1","","","","","1","","","","","1","","","1","","","","","","","","","","1","","1","","1","","1","","","","","","1","1","1","1","1","","1","1","","","","1","1","","","1","1","","1","1","1","1","1","1","1","1","1","","","","","","","1","","","","1","1","","1","1","1","","1","","","1","1","1","1","","","1","","","1","","","1","1","1","","","1","1","1","1","1","1","","1","","1","","1","1","","1","1","1","1","1","","1","","","1","1","","","1","","","","","","","","","","","","","","1","","1","","1","","","","","","","","1","1","","","","","","","","","","","","1","1","1","1","1","1","","1","","","1","","","1","","","","","","","","","","","","","","","","","","","","","1"
"Seafield Services Inc","","240 West Main Street","","Riverhead","NY","11901","","Suffolk","631-288-1122","https://www.seafieldcenter.com","40.9174795","-72.66637","SU","1","","","","1","","1","1","1","1","","","","","","1","","","1","","1","1","1","","1","","","","1","","","","","1","","1","1","","","","","","","","","","","","1","","","","1","","","","","","1","1","","1","1","1","","","","","1","1","1","1","1","1","","1","1","1","1","1","1","1","1","1","1","","","","","","1","1","1","1","1","1","1","1","1","1","","","1","","1","1","1","1","1","1","","1","1","","1","","1","1","1","1","1","1","1","","1","1","","1","1","1","1","1","1","1","1","1","","1","1","1","1","","1","1","1","1","1","1","1","","1","1","1","1","1","1","","1","1","1","1","","","1","1","1","1","1","","","","","","1","1","","1","1","1","1","","1","","","","1","","","","","","1","","","","","","1","","","","1","","","","","","","","","","","","","","","","","","","","","1"
"Seafield Center Inc","Med Sup Withdrawal/Inpatient","7 Seafield Lane","","Westhampton Beach","NY","11978","2714","Suffolk","631-288-1122","https://www.seafieldcenter.com","40.8100056","-72.6374344","SU","1","1","","","1","1","1","1","1","1","","","","","","1","","","1","","1","1","1","","1","","1","1","","1","","1","","","","","","1","1","","","","","","","","","","1","","","","1","","","","","","1","1","","1","1","","","","","1","1","1","1","1","1","1","","","1","1","1","1","1","1","1","1","1","1","1","1","1","1","1","1","1","1","","1","1","1","1","1","","","1","","1","1","1","1","1","","","1","1","1","1","","","1","1","1","1","1","1","","1","1","1","","1","1","1","1","1","1","1","1","1","1","1","1","1","","1","1","","1","1","1","1","","1","1","1","1","1","1","","1","1","1","1","","","1","1","1","1","1","1","1","1","1","1","1","1","1","1","1","1","1","1","","","","","1","","","","","","1","1","1","","1","","","","","","1","","","","","","","","","","","","","","","","","","","","","1"
"Seafield Center Inc","Inpatient Rehabilitation","7 Seafield Lane","1st Floor","Westhampton Beach","NY","11978","","Suffolk","631-288-1122","https://www.seafieldcenter.com","40.8100054","-72.6374303","SU","1","1","","","1","1","1","1","1","1","","","","","","1","","","1","","1","1","1","","1","","1","1","","1","","1","","","","","","1","1","","","","","","","","","","1","","","","1","","","","","","1","1","","1","1","","","","","","1","1","1","1","1","1","","","1","1","1","1","1","1","1","1","1","1","1","1","1","1","1","1","1","1","","1","1","1","1","1","","","1","","1","1","1","1","1","","","1","1","1","1","","","1","1","1","1","1","1","","1","1","1","","1","1","1","1","1","1","1","1","1","1","1","1","1","","1","1","1","1","1","1","1","","1","1","1","1","1","1","","1","1","1","1","","","1","1","1","1","1","1","1","1","1","1","1","1","1","1","1","1","1","1","","","","","1","","","","","","1","1","1","","1","","","","","","1","","","","","","","","","","","","","","","","","","","","","1"
"Child and Family Addiction Center","Addiction Services/Step One","83 North Main Street","","Ellenville","NY","12428","","Ulster","845-647-5400","https://www.step1ny.org","41.7181268","-74.3947814","SU","1","","","","1","","1","1","1","1","","","","","","1","","","1","","1","1","1","1","","","","","1","","","","","1","","1","1","","","","","","","","","","","","1","1","1","","","","","","","","1","1","1","1","1","","","","","","1","1","","","","1","1","1","","1","1","","1","","1","1","","","","","","","","1","1","1","1","1","1","","1","1","","","1","","1","1","1","1","1","1","","1","","","1","","1","1","1","1","","","","","1","1","","","","1","1","1","","1","1","1","","","1","1","1","","","1","1","1","1","","1","","1","1","","1","","1","","","","","1","","","1","1","","1","","","","","","","","1","","1","1","","1","","","","","","1","","","","","","1","1","1","","1","","","","","","","","","","","","","","","","","","","","","","","","","","",""
"University Hospital/Stony Brook ELIH","Stony Brook Medicine/Quannacut OP","905 East Main Street","","Riverhead","NY","11901","","Suffolk","631-369-8966","https://elih.stonybrookmedicine.edu","40.9244068","-72.6476965","SU","1","","","","1","","1","1","1","1","","1","","","","1","","","1","","1","1","1","1","","","","","1","","","","","1","","","1","","","","1","","","","","","","","1","","1","","1","","","","","","1","1","1","","1","","1","1","","1","1","1","","","","","","1","","1","","","1","","","1","1","","","","","","","1","1","1","1","","1","","1","1","","","1","","1","1","1","1","1","1","","1","1","","1","","1","1","1","1","1","","","","","","","","1","","1","1","","1","1","1","","","","","1","","","1","1","1","","1","1","","1","1","1","1","1","","1","","1","1","1","","","1","1","1","1","1","1","","","","1","","1","","1","1","","","","","","","","1","","","","1","","1","","","","1","","","","","","","","","","","","","","","","","","","","","","","","","","",""
"Cape Road","Stabil Rehab","767 Cape Road","","Ellenville","NY","12428","","Ulster","845-647-6575 x3365","https://","41.7531438","-74.4433439","SU","1","","","","1","","1","1","1","","","","","","","1","","","","","","1","","","1","","","1","","1","1","","","","","","","","","","","","","","","","","","1","","","","","","","","","","1","1","","","","","","","","","1","1","1","","","1","1","","","","1","1","1","1","1","1","","","","","","","","1","1","","","1","","","","1","","","1","","1","1","1","","1","","","","1","","","","","1","1","1","","","","1","","","","","","","","1","1","","1","","","","","","","","1","1","1","","1","1","1","","1","1","1","1","1","","1","","1","","","","","1","1","","1","","1","1","1","","1","","","","1","","1","1","","1","","","","1","","","1","","","1","","","","1","","","","","","1","","","","","","","","","","","","","","","","","","","","",""
"Long Island Center for Recovery Inc","Chemical Dependence Inpatient Detox","320 West Montauk Highway","","Hampton Bays","NY","11946","","Suffolk","631-728-3100 x116","https://www.longislandcenterrecovery.com","40.864267","-72.556273","SU","","1","","","","1","1","1","1","1","","","","","","1","","","","","","1","1","1","","","1","1","","","","1","","","","","","1","","","","","","","","","","","1","","","","1","","","","","","1","1","","","1","","","","","","","1","1","1","","1","1","","1","1","1","1","1","1","1","1","1","1","1","1","1","1","1","1","1","1","1","1","","","","","1","","1","","","1","1","1","1","","","1","1","","1","","1","1","1","1","1","","","","1","1","1","","","1","","1","1","1","1","1","1","1","1","1","1","","1","1","","1","1","","1","","1","1","1","1","1","1","","","1","","1","","","1","1","1","","1","1","1","1","","1","1","","","1","1","","","1","","1","1","","1","1","","","","","1","1","1","1","1","","","","","","","","","","","","","","","","","","","","","","","","","","",""
"Long Island Center for Recovery Inc","Inpatient Rehabilitation Program","320 West Montauk Highway","","Hampton Bays","NY","11946","","Suffolk","631-728-3100","https://www.longislandcenterrecovery.com","40.8642316","-72.5561775","SU","1","","","","","","1","1","1","1","","","","","","1","","","","","","1","1","1","","","1","1","","1","","","","","","","","","1","","","","","","","","","","1","","","","1","","","","","","1","1","","","1","","","","","","","1","1","1","1","1","1","","1","1","1","1","1","1","1","1","1","","","","","","1","1","1","1","1","1","","","","","1","","1","","","1","1","1","1","","","1","1","","1","","1","1","1","1","1","","","","1","1","1","","","1","","1","1","1","1","1","1","1","1","1","1","","1","1","","1","1","","1","","1","1","1","1","1","1","","","1","","1","","","1","1","1","","1","1","1","1","","1","1","","1","1","1","","","","","1","1","","1","1","","","","","1","1","1","1","1","","","","","","","","","","","","","","","","","","","","","","","","","","",""
"Catholic Charities of Long Island","Outpatient Clinic","31 East Montauk Highway","","Hampton Bays","NY","11946","","Suffolk","631-723-3362","https://www.catholiccharities.cc","40.8789923","-72.5224688","SU","1","","","","1","","","1","1","1","","","","","","1","","","1","","1","1","1","1","","","","","1","","","","","1","","","1","","","","","","","","","","","","1","","","","","","","","","","1","1","","1","1","1","1","1","","","1","","","","","1","","","","1","","","","","","","1","","","","","","","1","1","1","1","1","1","","1","1","","","1","","","1","1","1","1","1","","1","1","","1","","1","1","1","1","1","","","","1","1","","1","1","1","1","1","1","1","1","","","","1","","","","","1","1","1","1","","1","","1","1","1","1","","","1","1","1","1","1","","","1","1","1","1","1","","","","","","","1","","1","1","","","","","","","","1","","","","","1","","","","","1","","","","","","","","","","","","","","","","","","","","","","","","","","",""
"Fox Run Male Program","Stabil Rehab Reintegration","190 Fox Hollow Road","","Rhinebeck","NY","12572","3640","Dutchess","845-876-5400 x3350","https://www.samaritanvillage.org","41.887968","-73.924643","SU","1","","","","1","","1","1","1","1","","","","","","1","","","1","","1","1","1","","1","","","1","","","1","","","","","","","","","","","","","","","","","","1","1","","","","","","","","","1","1","1","1","1","","1","1","","","","1","1","","","1","1","","","","1","1","1","1","1","","1","","","","","","1","1","1","1","","1","1","1","1","1","1","1","1","","","1","1","","1","","","1","","","1","","1","1","1","1","","1","","1","1","1","1","","","1","1","1","1","1","1","1","","1","1","1","1","","","1","1","","1","1","1","","1","1","1","1","1","","1","1","1","","","","","1","1","","","","1","1","1","","1","1","1","","1","1","1","1","","1","1","1","","1","","","1","1","","","1","1","1","1","","","","","","","","","","","","","","","","","","","","","","","","","","","1"
"Samaritan Daytop Village Inc","Meadow Run Adult Female Intensive Res","88 Fox Hollow Road","Suite 1-B","Rhinebeck","NY","12572","3639","Dutchess","845-876-3789 x139","https://samaritanvillage.org","41.8948631","-73.9170636","SU","1","","","","1","","1","1","1","1","","","","","","1","","","1","","","1","1","","1","","","1","","","1","","","","","","","","","","","","","","","","","","1","","","","","","","","","","1","1","1","1","1","1","","","","","","1","","","","1","","","","1","","1","1","1","1","","1","","","","","","","1","1","1","","1","1","1","1","1","","","1","","","1","1","1","","","","","1","","1","","","","1","1","1","1","1","1","1","1","","","1","1","","1","1","","","1","","","1","","1","","1","1","1","","1","","1","","1","1","1","1","","","1","","1","1","","","","1","1","","1","","1","1","1","","1","","1","","1","","1","","","1","","","","1","","","","","","","","","1","1","","","","","","","","","","","","","","","","","","","","","","","","","","",""
"Liberty Clinic","Outpatient Clinic","100 Sullivan Avenue","","Ferndale","NY","12734","","Sullivan","845-867-4304 x2302","https://www.lexingtonctr.org","41.7801595","-74.7296214","SU","1","","","","1","","1","1","1","1","","","","","","1","","","1","","1","1","1","1","","","","","1","","","","","1","","","1","","","","","","","","","","","","1","","","","1","","1","1","","","1","1","1","1","1","1","1","1","1","","1","1","1","1","1","1","1","1","1","1","1","1","1","1","1","1","1","","","","","","","1","1","1","1","1","1","1","1","1","1","1","1","","1","1","1","1","1","1","","1","","","1","","1","1","1","1","","1","","1","1","1","1","1","","1","1","1","1","1","1","1","1","1","1","1","1","","1","1","1","1","1","","1","","1","1","1","1","1","","1","1","1","","","","","1","1","","1","","","","","","","1","1","1","1","1","1","1","","1","","","","1","","","","1","","1","1","1","","1","","","","","","","","","","","","","","","","","","","","","","","","","","",""
"Cornerstone of Rhinebeck","Med Sup Withdrawal/Inpatient","500 Milan Hollow Road","","Rhinebeck","NY","12572","3104","Dutchess","845-266-3481 x2000","https://www.cornerstoneny.com","41.9146168","-73.7999436","SU","1","1","1","","1","","1","1","","1","1","","","","","1","","1","1","","","1","1","","1","","","1","","1","","1","","","","","","","","","","","","","","","","","1","","1","","","1","","","","","1","1","","1","1","","","1","","","1","","","","","1","","","","1","1","","","","","","1","1","1","1","1","1","","1","1","1","1","1","1","1","1","1","","","1","","","1","1","1","1","","","1","","","1","","","1","1","1","","1","","","1","1","1","","","","1","1","1","1","1","1","1","1","1","1","1","","1","1","1","1","1","","1","1","1","","1","","","1","","","","","1","","","1","","1","","1","1","1","1","","1","","","","1","1","1","","1","","","","","1","","","","1","","1","1","1","","1","","","","","","1","","","","","","","","","","","","","","","","","","","","",""
"Cornerstone of Rhinebeck","NY Inpatient","500 Milan Hollow Road","","Rhinebeck","NY","12572","","Dutchess","845-266-3481 x2000","https://www.cornerstoneny.com","41.9146168","-73.7999436","SU","1","","1","","1","","1","1","1","1","1","","","","","1","","1","1","","","1","1","","1","","","1","","1","","","","","","","","","","","","","","","","","","","1","","1","","","1","","","","","1","1","","1","1","","","1","","","1","","","","","1","","","","1","1","","1","","","1","1","","","","","","","1","1","1","1","1","1","1","1","1","","","1","","","1","1","1","1","","","1","","","1","","","1","1","1","","","","","1","1","1","","","","1","1","1","1","1","1","1","1","1","1","1","","1","1","1","1","1","","1","1","1","","1","1","","1","","","","","1","","","1","1","1","","1","1","1","1","","1","","","","1","1","1","","","","","","","1","","","","1","","1","1","1","","1","","","","","","1","","","","","","","","","","","","","","","","","","","","",""
"Groups Recover Together","Outpatient Clinic","465 Broadway","","Kingston","NY","12401","","Ulster","207-400-6609","https://","41.9269497","-73.9984096","SU","1","","","","1","","","1","","","","","","","","","","","1","","1","1","1","","","1","","","1","","","","","1","","","1","","","","","","","","","","","","1","","","","","1","","","","","1","1","1","","1","","","","","1","","","","","","","","","","","","","","","","","","","","","","","","1","1","","","","1","1","1","","1","","1","","","1","1","1","1","","","1","","","","","","1","1","1","","","","","1","1","","","","","","1","","1","1","1","","1","1","","1","","1","","1","1","1","","","","1","","1","","","1","","","","","","1","","","","","","","","","","","","","","","1","","1","","","","","","","","","","","","","1","","","","","1","","1","","","","","","","","","","","","","","","","","","","","","","","",""
"Access Supports for Living Inc","CCBHC","368 Broadway","","Kingston","NY","12401","","Ulster","845-673-7077","https://www.accesssupports.org","41.92708","-73.9953127","SU","1","","","","1","","1","1","1","1","","","","","","1","","","1","","1","1","1","","1","","","","1","","","","","1","","","1","","","","","","","","","","","","","","","","","","","","","","1","1","1","1","1","1","1","","","1","1","1","1","1","1","1","1","1","1","1","1","1","1","1","1","1","1","","","","","","1","1","1","1","1","","1","","1","1","","","1","","1","1","1","1","1","","","1","1","","","","1","1","1","1","1","","","1","1","1","","1","","1","1","1","","1","1","1","","","1","","1","","1","1","1","1","1","","1","","1","1","1","1","","","1","1","1","1","1","","","","1","1","1","1","1","","","","1","1","1","1","1","1","1","1","","1","","","","1","","","","","1","","","","1","","","1","","","","","","","","","","","","","","","","","","","","","","","","",""
"Child and Family Guidance Centers","Addiction Services Inc DBA Step One","500 Aaron Court","","Kingston","NY","12401","","Ulster","845-834-7300","https://www.step1ny.org","41.9344828","-74.0148183","SU","1","","","","1","","1","1","1","1","","","","","","1","","","1","","1","1","1","1","","","","","1","","","","","1","","1","1","","","","","","","","","","","","1","1","1","","","","","","","","1","1","1","1","1","","","","","","1","1","","","","1","1","1","","1","1","","1","","1","1","","","","","","","","1","1","1","1","1","1","","1","1","","","1","","1","1","1","1","1","1","","1","","","1","","1","1","1","1","","","","","1","1","","","","1","1","1","","1","1","1","","","1","1","1","","","1","1","1","1","","1","","1","1","","1","","1","","","","","1","","","1","1","","1","","","","","","","","1","","1","1","","1","","","","","","1","","","","","","1","1","1","","1","","","","","","","","","","","","","","","","","","","","","","","","","","",""
"Samadhi Center Inc","Outpatient Clinic","150 Sawkill Road","Suite 204","Kingston","NY","12401","5144","Ulster","845-481-4728","https://samadhiny.org","41.94927","-74.0212661","SU","1","","","","","","","1","","","","","","","","1","","","1","","1","1","1","1","","","","","1","","","","","","","","1","","","","","","","","","","","","1","","","","","","","","","","1","1","","1","1","","","","","","","","","","","","","","","1","1","","1","1","1","","","","","","","","","1","1","1","1","","1","","1","1","","","","","1","1","1","1","1","1","","1","","","","","","1","1","1","","","","","","","","1","","1","1","1","1","","1","1","","1","","","1","","1","","1","1","1","","","","","","","","","","1","","","","1","","","1","","1","","1","","","","","","","1","","1","1","1","1","","","","","","","","","","","","","","","","1","","","","","","","","","","","","","","","","","","","","","","","","","","",""
"Never Alone","Adolescent Addiction Treatment Center","20 Crofts Road","","Hurley","NY","12443","","Ulster","833-616-1093","https://neveralonerehab.com","41.947721","-74.1268341","SU","1","","","","1","","1","1","1","1","","","","","","","","","1","","","1","1","1","","","","1","","1","1","","","","","","","","","","","","","","","","","","1","","1","","1","","","","","","1","1","","","1","","","","","","","1","","","","1","","1","","","","","1","1","1","","1","","","","","","","1","1","1","","1","1","","1","1","","","1","","1","1","","1","1","","","","","","1","","1","1","1","1","1","1","","","1","1","1","","","1","1","1","1","1","1","1","1","1","1","1","1","","","1","","1","1","","1","","1","1","1","1","1","1","","","","","","","","1","1","1","1","1","1","","","","1","","","","1","1","","","","1","","","","1","","","","1","","1","1","1","","1","","","","","","","","","","","","","","","","","","","","","","","","","","","1"
"East Hampton Outpatient Services","Outpatient Clinic","287 Springs Fireplace Road","","East Hampton","NY","11937","","Suffolk","631-329-0373","https://phoenixhouseny.org","40.9926158","-72.1710598","SU","1","","","","1","","1","1","1","1","","","","","","1","","","1","","1","1","1","","1","","","","1","","","","","1","","","1","","","","","","","","","","","","1","","","","","1","","","","","1","1","1","1","1","1","1","","","","1","1","","","","1","","1","","1","1","","1","","","1","1","","","","","","1","1","1","1","1","1","1","1","1","1","1","","1","","1","1","1","1","1","","","1","1","","1","","1","1","1","1","1","","","","1","1","","1","1","1","1","1","","1","1","1","","1","1","","","","","1","1","1","1","","1","","1","1","1","1","1","","1","1","1","","","","","1","1","","","","","","","","","1","1","","1","1","1","1","","","","","","1","","","","","","1","","","","1","","","","","","1","","","","","","","","","","","","","","","","","","","","",""
"Twin County Recovery Services Inc","Outpatient Drug Treatment Program","428 West Main Street","","Catskill","NY","12414","","Greene","518-943-2036","https://twincountyrecoveryservices.org","42.2228","-73.870357","SU","1","","","","1","","","1","1","1","","","","","","","","","1","","1","1","1","1","","","","","1","","","","","1","","","1","","","","","","","","","","","","1","","","","","","","","","","1","1","","1","1","1","1","","","","","","","","","1","","","","1","1","","","","","1","","","","","","","","1","1","","","","1","1","1","","","","1","","1","1","1","1","1","1","","1","1","","1","","","1","1","1","1","","","","1","1","","1","","","1","1","","1","1","","","1","1","","","","","1","1","1","1","","1","","1","1","1","1","1","","1","","","","","","","","1","1","1","1","","","","","","","1","","1","1","","","","","","","","","","","","","","","","","","1","","","","","","","","","","","","","","","","","","","","","","","","","","",""
"Windham Falls Recovery LLC","MSW IP","2774 Route 42","","West Kill","NY","12492","","Greene","845-293-8372","https://briteliferecovery.com","42.2225028","-74.3853248","SU","1","1","","","1","1","1","1","1","1","","","","","","","","","1","","1","1","1","","1","","","1","","","","1","","","","","","","","","","","","","","","","","1","","1","","1","","","","","","1","","","","1","","","","","","","1","","","","","","","","1","1","","","","","","1","1","1","1","1","1","","1","1","1","1","1","","","1","1","","","1","","","1","1","1","1","","","1","1","1","1","","1","1","1","1","","","","","1","1","","","","1","1","1","1","1","1","1","1","1","1","1","1","","1","1","","1","1","","1","","1","1","1","1","1","1","","","","","","","","","1","","","","1","","","","1","","","1","1","1","","","1","","","","","1","","","","1","","1","1","1","","1","","","","","","1","","","","","","","","","","","","","","","","","","","","",""
"Windham Falls Recovery LLC","Inpatient","2774 Route 42","","West Kill","NY","12492","","Greene","845-293-8372","https://briteliferecovery.com","42.2225028","-74.3853248","SU","1","1","","","1","1","1","1","1","1","","","","","","","","","1","","1","1","1","","1","","","1","","1","","1","","","","","","","","","","","","","","","","","1","","1","","1","","","","","","1","","","","1","","","","","","","","","","","","","","","","","","","","","","1","1","1","1","1","1","","1","1","1","1","1","","","1","1","","","1","","","1","1","1","1","","","1","1","1","1","","1","1","1","1","","","","","1","1","1","","","1","1","1","1","1","1","1","1","1","1","1","1","","1","1","1","1","1","","1","","1","1","1","1","1","1","","","","","","","","","1","","","","1","","","","1","","","1","1","1","","","1","","","","","1","","","","","","1","1","1","","1","","","","","","1","","","","","","","","","","","","","","","","","","","","",""
"Twin County Recovery Services Inc","","350 Power Avenue","","Hudson","NY","12534","0635","Columbia","518-828-9300","https://www.twincountyrecoveryservices.org","42.2481254","-73.7929214","SU","1","","","","1","","","1","1","1","","","","","","","","","1","","1","1","1","1","","","","","1","","","","","1","","","1","","","","","","","","","","","","1","","","","","","","","","","1","1","","1","1","1","1","","","","","","","","","1","","","","1","1","","1","","","1","","","","","","","","1","1","","","","1","1","1","","","","1","","1","1","1","1","1","1","","1","1","","1","","","1","1","1","1","","","","1","1","","1","","","1","1","","1","1","","","1","1","","","","","1","1","1","1","","1","","1","1","1","1","1","","1","","","","","","","","1","1","1","1","","","","","","","1","","1","1","","","","","","","","","","","","","","","","","","1","","","","","","","","","","","","","","","","","","","","","","","","","","",""
"Delaware Co Alcohol and Drug Service","Outpatient Clinic","243 Delaware Street","","Walton","NY","13856","","Delaware","607-832-5888","https://www.co.delaware.ny.us/departments/mhc/cs.htm","42.1687356","-75.1365653","SU","1","","","","1","","1","1","1","1","","","","","","","","","1","","1","1","1","1","","","","","1","","","","","1","","","1","","","","","","","","","","1","","1","1","","","","","","","","","1","1","1","1","1","1","1","1","","1","","1","1","1","1","1","1","1","1","1","1","1","1","1","1","1","1","","","","","","1","1","1","","","1","1","1","1","1","1","1","1","","1","1","1","1","1","","","1","","","1","","1","1","1","1","","","","","","","","","","1","1","1","1","1","1","","","1","","","","","1","1","1","1","1","","1","","1","","1","1","1","","","1","","","","","","","1","","","","1","","","","1","1","1","","1","1","1","","","","","","","","","","","","","1","","","1","1","","","","","","1","","","","","","","","","","","","","","","","","","","","","1"
"SPARC OPC","Outpatient","64 2nd Avenue","","Albany","NY","12202","","Albany","518-449-5170 x1109","https://www.sphp.com","42.6383699","-73.7635472","SU","1","","","","1","","1","1","1","1","","","","","","1","","","1","","1","1","","","1","","","","1","","","","","1","1","1","1","","","","","","","","","","","","1","","","","1","","","","","","1","1","","1","1","","1","","","1","","1","1","1","1","1","1","","1","1","1","1","1","1","1","1","1","","","","","","","1","1","1","1","1","1","1","1","1","1","1","1","","","1","1","1","1","","","1","1","","1","","","1","1","1","1","1","1","1","1","1","1","1","","1","","1","1","1","1","1","1","1","1","1","1","","1","1","","1","1","1","1","","1","1","1","1","","","1","1","1","1","","","","1","1","","","","","1","","","","1","","1","1","1","","1","","1","","","","1","1","","","","","","1","1","","","","1","","","","1","","","","","","","","","","","","","","","","","","","","","1"
"820 River Street Inc","Eleanor Young Clinic","134 Franklin Street","","Albany","NY","12202","","Albany","518-465-8034 x121","https://pyhit.org","42.6400881","-73.757029","SU","1","","","","1","","1","1","1","1","","","","","","1","","","1","","1","1","1","","","1","","","1","","","","","1","","1","1","","","","","","","","","","","","1","","","","","","","","","","1","1","","1","1","","","1","1","","","1","","","","1","1","","","1","1","","1","","","1","1","","","","","","","1","1","1","","1","1","1","1","1","1","","1","","1","1","1","1","1","1","","1","","","1","","","1","1","1","","","1","1","1","1","1","1","","1","1","1","1","1","1","1","","1","1","1","1","","1","1","1","1","1","","1","","1","1","1","1","1","","1","","1","","1","","","1","1","1","","1","","","","","","","1","","1","","1","","","1","","","","1","","","","","","1","","1","","","1","","","","","","","","","","","","","","","","","","","","","","","","","",""
"Albany County Dept of Mental Health","Adult Integrated Mental Health Clinic","260 South Pearl Street","","Albany","NY","12202","","Albany","518-447-4555","https://www.albanycounty.com/departments/mental-health","42.6422385","-73.7546808","SU","1","","","","","","","","1","","","","","","","1","","","1","","1","1","1","1","","","","","1","","","","","1","","","1","","","","","","","","","","1","","1","1","","","","","","","","","1","1","1","","1","","1","","","1","","1","","","","","","","","","","","","","","","1","","","","","","","1","1","","","","1","","1","1","","","1","","","1","1","1","1","","","","","","1","","1","1","1","1","","","","","","1","","","","1","","1","","1","1","","","1","","","1","","1","1","1","1","1","","1","","","","","","","","","","","","1","","","1","1","1","","1","1","","","","1","","1","1","1","","1","","","","","","","1","","","","","","","","","","1","","","","","","","","","","","","","","","","","","","","","","","","","","",""
"Saint Peters Hospital","Detox Med Sup Withdrawal/Outpatient","315 South Manning Boulevard","6th Floor","Albany","NY","12208","","Albany","518-525-6422","https://www.sphp.com/services/addiction/st-peters-addiction-recovery-center","42.6548718","-73.8042574","SU","1","1","","","1","1","1","1","1","1","","","","","","","","","","","1","1","","1","","","","","1","","","","1","1","","","","","","","1","","","","","","","","1","","1","","1","","","","","","1","1","1","1","1","","","","","1","","","","","","","","","","","","","","","","","1","1","1","","","1","","1","","","","","1","","1","","","","1","","","1","1","1","1","","","1","1","","1","","","1","1","1","","","","","","","","","","","","1","","","1","","","1","","1","1","","1","1","","1","1","","1","","1","1","1","1","1","","1","","","","","","","","1","","","","1","","","","1","","","","1","","","","1","","","","","1","","","","","","1","","","","1","","","","","","1","","","","","","","","","","","","","","","","","","","","",""
"Saint Peters Addiction Recovery Center","(SPARC)/Acute Care Unit","315 South Manning Boulevard","6 Gabrilove","Albany","NY","12208","","Albany","518-525-1303","https://www.sphp.com/services/addiction/st-peters-addiction-recovery-center","42.6548718","-73.8042574","SU","","1","","","","1","1","1","1","","","","","","","","","","","","","1","","1","","","1","","","","","","","","","","","1","","","1","","","","","","","","1","1","1","1","1","","","","","","1","1","1","1","1","1","","","","1","","","","","","","","","","","","","","","","","1","1","1","","","1","","1","","","","1","1","","1","","","","1","","","1","1","1","1","","","1","1","","1","","","1","1","1","","","1","","1","1","1","","","","","1","1","","1","","1","1","1","1","1","","1","1","","1","1","","1","","1","1","1","1","","","1","","","","","","","","1","","","","1","","","","1","","","","1","","","","1","","","","","1","","","","","","1","1","1","","1","","","","","","","","","","","","","","","","","","","","","","","","","","",""
"Whitney M Young Jr Health Center Inc","Opioid Treatment Program","10 Dewitt Street","","Albany","NY","12207","1306","Albany","518-463-3882","https://www.wmyhealth.org","42.658081","-73.744794","SU","1","","1","","","","","","","","1","","","","","","","1","1","","1","1","1","1","","","","","1","","","","","1","","1","1","","","","","","","","","","","","1","","1","","1","","","","","","1","1","1","1","1","","","","","","","1","","","","","","","","1","1","","1","","","","1","","","","","","","1","1","1","1","1","","","1","","","","1","","","1","1","1","1","","","1","1","","1","","","1","1","1","1","","1","","1","1","1","1","","1","1","1","","1","1","","1","","1","1","1","","","1","1","1","1","","","1","","","","","","","1","","","","","","","1","1","1","","1","1","","","","1","","1","1","1","","","","","","","","","","","","1","1","","1","1","1","","1","","","1","","","","","","","","","","","","","","","","","","","","","","","",""
"Whitney M Young Jr Health Center Inc","Outpatient Treatment Center","10 Dewitt Street","","Albany","NY","12207","1306","Albany","518-463-3882","https://www.wmyhealth.org","42.658081","-73.744794","SU","1","","","","1","","","1","1","1","","","","","","","","","1","","1","1","1","1","","","","","1","","","","","1","","1","1","","","","","","","","","","","","1","","1","","1","","","","","","1","1","1","1","1","","","","","","","1","","","","","","","","1","1","","1","","","","1","","","","","","","1","1","1","1","1","1","","1","","1","","1","","","1","1","1","1","","","1","1","","1","","","1","1","1","1","","1","","1","1","","1","","1","1","1","","1","1","","","","1","1","1","","","1","1","1","1","","1","","1","1","1","1","","","1","","","","","","","1","1","1","","1","1","","","","1","","1","","1","","","","","","","","","","","","","1","","","","","","1","","","","","","","","","","","","","","","","","","","","","","","","","","",""
"Hope House Inc","Outpatient Clinic","879 Madison Avenue","3rd Floor","Albany","NY","12208","","Albany","518-427-8207","https://www.hopehouseinc.org","42.6616896","-73.7832499","SU","1","","","","1","","1","1","1","1","","","","","","","","","1","","1","1","","","1","","","","1","","","","","1","","1","1","","","","","","","","","","","","1","","","","","","","","","","1","1","","1","1","1","","","","","","1","","","","1","","","","1","1","","","","","","1","","","","","","1","1","1","1","1","","1","","1","","","","1","","1","1","1","1","1","1","","1","1","","1","","1","1","1","1","1","","","1","1","1","","1","","1","","1","","1","1","1","","","1","","1","","1","1","1","1","1","","1","","1","1","1","1","","","1","1","","","","","","","1","1","1","1","","","","","","","1","","1","","","","","","","","","1","","","","","","","","","1","","","1","","","","","","","","","","","","","","","","","","","","","","","","",""
"PROMESA Inc","Outpatient","175 Central Avenue","","Albany","NY","12206","","Albany","518-729-5659","https://www.acacianetwork.org","42.6617821","-73.7684243","SU","1","","","","1","","","1","","","","","","","","","","","1","","1","1","1","1","","","","","1","","","","","1","","","1","","","","","","","","","","","","","","1","","1","","","","","","1","1","1","1","1","","","1","","","1","1","1","","","1","1","","1","1","1","1","1","1","1","","","","","","","","","1","1","","","1","1","","1","","","","1","","1","1","","1","1","","","1","","","1","","","1","1","1","","","","","1","1","1","","","1","","1","","1","1","","1","","1","1","1","","","","1","1","1","","","","1","","1","","1","","1","1","","","","","1","","","","","","","","","","","1","1","1","1","1","1","1","","","","","","","","","1","1","","1","1","1","","","1","","","","","1","","","","","","","","","","","","","","","","","","","","",""
"Addictions Care Center of Albany Inc","Outpatient","1044 Broadway","","Albany","NY","12204","","Albany","518-434-2367 x121","https://www.theacca.net","42.666098","-73.7422235","SU","1","","","","1","","1","1","1","1","","","","","","1","","","1","","1","1","1","1","","","","","1","","","","","1","","1","1","","","","","","","","","","","","1","1","1","","","","","","","","1","1","","1","1","","1","","","1","","1","1","","1","1","1","1","1","1","1","1","1","1","1","1","1","","","","","","","1","1","1","","","1","1","1","1","1","","1","","1","1","1","1","1","1","","1","1","","1","","1","1","1","1","1","","","1","1","1","1","1","","1","1","1","","1","1","1","1","1","1","1","","","","1","1","1","1","","1","","1","1","1","1","","","1","","1","1","1","","","1","1","1","1","1","1","","","","1","","1","","1","1","1","","","1","","","","1","","","","","1","","1","1","","1","","","","","","","","","","","","","","","","","","","","","","","","","","",""
"Wtny Yng Wellness Recovery Center","Outpatient Clinic","500 Central Avenue","1st Floor","Albany","NY","12206","","Albany","518-435-9931 x5229","https://www.wmyhealth.org","42.669567","-73.7785391","SU","1","","","","1","","","1","1","1","","","","","","","","","1","","1","1","1","1","","","","","1","","","","","1","","1","1","","","","","","","","","","","","1","","1","","1","","","","","","1","1","1","1","1","","","","","","","1","","","","","","","","1","1","","1","","","","1","","","","","","","1","1","1","1","1","1","","1","","1","","1","","","1","1","1","1","","","1","1","","1","","","1","1","1","1","","1","","1","1","","1","","1","1","1","","1","1","","","","1","1","1","","","1","1","1","1","","1","","1","1","1","1","","","1","","","","","","","1","1","1","","1","1","","","","1","","1","","1","","","","","","","","","","","","","1","","","","","","1","","","","","","","","","","","","","","","","","","","","","","","","","","",""
"Mens Recovery Program","Residential Reintegration","573 Livingston Avenue","","Albany","NY","12206","","Albany","518-452-0001","https://www.hopehouseinc.org/","42.6698504","-73.7684105","SU","1","","","","","","1","1","1","1","","","","","","1","","","1","","","1","1","","1","","","1","","","1","","","","","","","","","","","","","","","","","","1","","","","","","","","","","1","1","","1","1","","1","1","1","","","1","1","","","1","1","","","","1","1","","1","","","1","","","","","","","1","1","","","1","1","1","1","1","","","1","","","1","1","","1","","","1","1","","1","","1","1","1","1","1","","","","1","1","","","","","","1","1","1","1","1","","","1","1","1","","1","1","","1","1","","1","","1","","1","1","","","1","","1","","1","","","1","1","1","","1","1","","","","1","","1","","1","1","","","","","","","","1","","","","","1","","","","","1","","","","","","","","","","","","","","","","","","","","","","","","","","",""
"Mens Recovery Program","RRh","573 Livingston Avenue","","Albany","NY","12206","","Albany","518-486-8972","https://www.hopehouseinc.org/","42.6698633","-73.7684171","SU","1","","","","1","","1","1","1","1","","","","","","1","","","1","","","1","1","","1","","","1","","","1","","","","","","","","","","","","","","","","","","1","","","","","","","","","","1","1","","1","1","","1","1","1","","","1","1","","1","1","1","","","","1","1","1","1","","","1","","","","","","","1","1","1","","1","1","1","1","1","1","","1","","","1","1","","1","","","1","1","","1","","1","1","1","1","1","","","","1","1","","","","1","","1","1","1","1","1","","1","1","1","1","","1","1","","1","1","","1","","1","","1","1","","","1","","1","1","1","","","1","1","1","","1","1","","","","1","","1","","1","1","","","","","","","","1","","","","","1","1","","","","1","","","","","","","","","","","","","","","","","","","","","","","","","","",""
"Womens Recovery Program","RRh","577 Livingston Avenue","","Albany","NY","12206","","Albany","518-486-8965 x302","https://www.hopehouseinc.org/","42.6703707","-73.7692772","SU","1","","","","1","","1","1","1","1","","","","","","1","","","1","","","1","1","","1","","","1","","","1","","","","","","","","","","","","","","","","1","","1","","","","","","","","","","1","1","1","1","1","","1","1","","","","1","","","","","","","","1","","","1","1","1","","1","","","","","","","1","1","1","","1","","1","1","1","","","1","","","1","1","1","","","","1","","","1","","1","1","1","1","","","","","1","1","1","","","1","","1","1","1","1","1","1","","1","1","1","","1","1","1","1","1","","1","","1","1","1","1","1","","","","","1","","","","1","1","","1","","","1","1","","","","","1","1","","","","","","","","","1","","","","","","1","1","1","","1","","","","","","","","","","","","","","","","","","","","","","","","","","",""
"United Health Services Hospital","Opioid Treatment Program","33 Mitchell Avenue, Ground Floor","United Health Services Hospital","Binghamton","NY","13903","","Broome","607-762-2800","https://www.nyuhs.org","42.0868783","-75.9137387","SU","1","","1","","1","","","1","","","1","","","","","","","1","1","","1","1","1","1","","","","","1","","","","","1","","","1","","","","1","","","","","","","","1","","1","","1","","","","","","1","1","1","1","1","1","1","","","1","","","","","","","","","","","","","1","","","","1","","","","","","","1","1","1","","","1","1","1","","1","","1","","","1","1","1","1","","","1","1","","","","","1","1","1","1","","","","1","1","","","","","","1","","1","1","","","1","1","","1","","1","1","1","1","1","","","1","1","1","1","","","","1","","","","","","","1","1","1","1","1","","","1","","","","1","","1","1","1","","","","1","1","","","","","1","1","","1","","","","1","","","1","","","","","","","","","","","","","","","","","","","","","","","",""
"Saint Peters Addiction Recovery Center","SPARC Inpatient Rehab","3 Mercycare Lane","","Guilderland","NY","12084","","Albany","518-452-6700","https://www.sphp.org","42.6995584","-73.9051911","SU","1","","","","1","","1","1","1","","","","","","","1","","","1","","","1","","1","","","1","","","","","","","","","","","","1","","1","","","","","","","","1","","1","","1","","","","","","1","1","1","1","1","","","","","1","","","","","","","","","","1","1","","","","","","1","","","","","","","1","1","1","","1","1","","1","1","","","1","","","1","1","1","1","","","1","1","","1","","","1","1","1","1","","","","1","1","1","","","","","1","1","1","1","1","1","","1","1","1","","","1","1","1","1","","1","","1","1","1","1","","","1","","1","","1","","","1","1","1","","1","","1","1","","","","","1","1","","","","","","","","","1","","","","","","","1","1","","1","","","","","","1","","","","","","","","","","","","","","","","","","","","",""
"United Health Services Hospitals Inc","New Horizons Chemical Dependency Prog","10-42 Mitchell Avenue","Binghamton General Hospital","Binghamton","NY","13903","","Broome","607-762-3288","https://www.nyuhs.org/","42.0881336","-75.9146094","SU","1","","","","1","","1","1","1","1","","","","","","1","","","1","","1","1","1","1","","","","","1","","","","","1","","1","1","","","","1","","","","","","","","1","","1","","1","","","","","","1","1","1","1","1","1","1","","","1","","1","","","","1","","1","1","1","1","","1","","","","1","","","","","","","1","1","1","1","","1","","1","1","1","1","1","","1","1","1","1","1","1","","1","1","","","","","1","1","1","1","","","","1","1","","1","","","1","1","","1","1","","","1","1","","1","","1","1","1","1","1","","1","","1","1","1","1","1","","1","","1","1","1","","","1","1","1","1","1","1","","1","1","1","","1","","1","1","1","","","","1","1","","","","","","1","1","1","","","","1","","","","","","","","","","","","","","","","","","","","","","","","","","",""
"United Health Services Hospitals Inc","New Horizons CD Inpt Rehab Unit","10-42 Mitchell Avenue","Binghamton General Hospital","Binghamton","NY","13903","","Broome","607-762-2200","https://www.nyuhs.org","42.088258","-75.914485","SU","1","","","","1","","1","1","1","1","","","","","","1","","","","","","1","1","1","","","1","","","","","","","","","","","","1","","1","","","","","","","","1","","1","","1","","","","","","1","1","1","1","1","1","","","","1","","","","","","","","","","","","","","","","","1","","","","","","","1","1","1","","1","1","","1","","","","1","","","1","1","1","1","","","","1","","","","","1","1","1","","","","","1","1","1","","1","","","1","1","1","1","","1","","1","1","","","1","1","1","1","1","","1","","1","1","1","1","1","","1","","1","","","","","1","1","","","","1","1","1","","1","","1","1","1","","1","","","","1","1","","1","","","","1","","1","1","1","","1","","","","","","","","","","","","","","","","","","","","","","","","","","",""
"Fairview Recovery Services Inc","Residential Stabilization","247 Court Street","","Binghamton","NY","13901","","Broome","607-722-8987","https://www.frsinc.org","42.1019123","-75.9004628","SU","1","","","","","","","1","1","1","","","","","","","","","1","","1","1","1","1","","","","1","","1","","","","","","","","","","","","","","","","","","","1","","","","","","","","","","1","1","1","1","1","","1","","1","1","","","","","","","","","","","","","","","","","1","","","","","","","1","1","1","","1","1","1","1","1","","1","1","","","1","1","1","1","","","1","1","","1","","1","1","1","1","1","","","1","1","1","1","1","","1","1","1","1","1","1","1","1","1","1","1","1","","1","1","1","1","1","","1","","1","1","1","1","1","","1","","","","","","","1","1","","1","","1","1","1","","1","","","","1","1","1","1","","1","","","","1","","","","","","1","1","1","","1","","","","","","","","","","","","","","","","","","","","","","","","","","",""
"Schoharie Co Community Services Board","Chemical Dependencies OP","113 Park Place","Schoharie County Annex Bldg, Suite 1","Schoharie","NY","12157","5210","Schoharie","518-295-2031","https://","42.702649","-74.310565","SU","1","1","","","1","","1","1","1","1","","","","","","","","","1","","1","1","1","","1","","","","1","","","","1","1","","","1","","","","","","","","","","1","","1","","","","","","","","","","1","1","1","1","1","1","1","","1","1","","1","","","","1","1","1","","1","1","","1","","","","1","1","","","","1","1","1","1","1","","","1","","1","1","","","1","","1","1","","1","1","1","","1","1","","1","","1","1","1","1","1","","","","","","","1","","1","1","1","1","1","1","","","1","","","1","","1","1","1","1","1","","1","","1","1","1","1","1","","","","","","","","","1","1","1","","1","1","","","","1","","","","1","","","","1","","","","","1","","","","","","","","","","1","","","","","","","","","","","","","","","","","","","","","","","","","","",""
"Saint Peters Addiction Recovery Center","(SPARC)","636 New Loudon Road","","Latham","NY","12110","","Albany","518-783-5381","https://www.sphcs.org/AddictionRecoverySPARC","42.7329474","-73.7627631","SU","1","","","","1","","","1","1","","","","","","","1","","","1","","1","1","1","1","","","","","1","","","","","1","","1","1","","","","1","","","","","","","","1","","","","1","","","","","","1","1","1","1","1","","","","","1","","1","","","","1","","","","1","1","","1","","","","1","","","","","","","1","1","1","1","","","1","1","1","1","","1","","","1","1","1","1","","","1","1","","1","","","1","1","1","","","","","1","1","1","","","1","","1","","1","","1","","","1","","1","","","1","1","1","1","","1","","1","1","1","1","","","1","","1","","","","","1","1","","","","1","","","","1","1","","","1","","","","","","","","","1","","","","","","","","1","","1","","","","","","","","","","","","","","","","","","","","","","","","","","",""
"Fusion Recovery Centers LLC","RRi","820 River Street","","Troy","NY","12180","","Rensselaer","518-650-2966 x105","https://fusionrecovery.com","42.7503478","-73.6822935","SU","1","","","","","","","","","","","1","","","","1","","","1","","1","1","1","","","1","","1","","","1","","","","","","","","","","","","","","","","","","1","","1","","1","","","","","","1","1","1","1","1","1","","1","","","","1","","","","","","","","","1","","","","","","","","","","","","","1","1","1","","1","1","1","1","1","","","1","","","1","1","","1","","","1","","","1","","","1","1","1","","","","1","1","1","","1","","1","","1","1","","1","1","","1","1","","1","","1","","1","1","1","","","","","","","","","1","","","","","1","","","1","","1","","1","","","","","","","1","","1","1","1","1","","1","","","","","","","","","","1","","","","","","1","","","","","","","","","","","","","","","","","","","","","","","","",""
"Saint Peters Hospital City of Albany","Saint Peters Hospital Outpatient 2","2925 Hamburg Street","","Schenectady","NY","12303","","Schenectady","518-357-2909","https://www.sphp.com/location/st-peters-addiction-recovery","42.7703268","-73.9367399","SU","1","","","","1","","1","1","1","","","","","","","1","","","1","","1","1","1","1","","","","","1","","","","","1","","1","1","","","","1","","","","","","","","1","","","1","1","","","","","","1","1","","1","1","","","","","1","","1","","","","1","","","","1","1","","1","","","","1","","","","","","1","1","1","1","1","","1","","1","1","1","","1","","","1","1","1","1","","","1","1","","1","","","1","1","1","1","","","","1","1","1","1","","1","","1","","1","1","1","","1","1","","1","","","1","1","1","1","","1","","1","1","1","1","","","1","","1","","1","","","1","1","1","","1","1","","","","1","","","","1","","","","","","","","","1","","","","","","","","1","1","1","","","","","","","","","","","","","","","","","","","","","","","","","","",""
"Hope House","Supportive Living RRi","559-565 6th Avenue","","Troy","NY","12182","","Rensselaer","518-482-4673","https://www.hopehouseinc.org/","42.773413","-73.6728896","SU","1","","","","","","","","","","","1","","","","1","","","","","","1","","","1","","","1","","","1","","","","","","","","","","","","","","","","","","1","","","","","","","","","","1","","","","","","","1","","","","","","","","","","","","","1","","","","","","","","","","","","","1","","","","","1","","1","","","","","","","1","1","","1","","","","","","1","","","1","1","1","","","","1","","","","1","","","","1","","1","1","","","","","","1","","1","","1","1","1","","","","","","","","","","1","","1","1","1","","","1","","1","1","1","","","","","","","1","","1","1","","","","1","","","","","","","","","","","","","","1","","","","","","","","","","","","","","","","","","","","","","","","","","",""
"Saint Peters Addiction Recovery Center","(SPARC)/Cohoes Outpatient Clinic","55 Mohawk Street","Suite 100","Cohoes","NY","12047","2600","Albany","518-235-1100","https://www.sphp.com","42.7761514","-73.7000651","SU","1","1","","","1","1","1","1","1","1","","","","","","","","","1","","1","1","","1","","","","","1","","","","1","1","","1","1","","","","1","","","","","","","","1","","1","","1","","","","","","1","1","","1","1","","","","","1","","1","","","","","","","","1","1","","","","","","1","","","","","1","","1","1","1","","","1","","1","","","","1","","1","1","1","1","1","","","1","","","1","","","1","1","1","","","","","1","1","","","","1","1","1","","1","1","1","","","1","","1","","","1","1","1","1","","1","","1","1","1","1","","","1","","","","","","","1","1","1","1","1","1","","","","1","","","","1","","","","1","","","","","1","","","","","","1","","","","1","","","","","","","","","","","","","","","","","","","","","","","","","","",""
"New Choices Recovery Center","Outpatient Clinic and OTP","840 State Street","","Schenectady","NY","12307","","Schenectady","518-382-7838","https://www.newchoicesrecovery.org","42.8059077","-73.9334725","SU","1","","","","1","","","1","1","1","","","","","","1","","","1","","1","1","1","1","","","","","1","","","","","1","","","1","","","","","","","","","","","","1","","","","1","","","","","","1","1","","1","1","1","1","1","1","1","1","1","1","1","1","1","1","1","1","1","1","1","1","1","1","1","1","","","","","","1","1","1","1","","","","","1","1","","","1","","1","1","1","1","1","","","1","1","","1","","","1","1","1","1","","1","","1","1","1","","","1","","1","","1","1","1","1","1","1","1","1","","1","1","1","1","1","1","1","","1","1","1","1","1","","1","","1","","","","","","1","","","","1","","1","1","1","1","1","","1","","1","","","","","","","1","1","","1","","","","","1","","1","","","","","","","","","","","","","","","","","","","","","","","","","","",""
"New Choices Recovery Center","Outpatient Clinic","728 State Street","","Schenectady","NY","12307","","Schenectady","518-346-4436","https://www.newchoicesrecovery.org","42.8094711","-73.9372302","SU","1","","","","1","","1","1","1","1","","","","","","1","","","1","","1","1","1","1","","","","","1","","","","","1","","1","1","","","","","","","","","","","","1","","","","","","","","","","1","1","","1","1","1","","1","1","1","1","1","1","1","1","1","1","","1","1","1","1","1","1","1","1","1","","","","","","1","1","1","1","","","","","1","1","","","1","","","1","1","1","1","","","1","1","","1","","","1","1","1","1","","1","1","1","1","1","","","1","1","1","","1","1","1","1","1","1","1","1","","1","1","1","1","1","1","1","","1","1","1","1","","","1","","1","","","","","","1","","","","","1","1","","","1","1","","1","","1","","","","","","","","","","","","","","","1","","1","","","","","","","","","","","","","","","","","","","","","","","","","","",""
"Chenango Co Behavioral Hlth Servs OP","SUD and Co Occurring Disorders Trt","5 Court Street","Suite 42","Norwich","NY","13815","","Chenango","607-337-1600","https://www.chenangocountyny.gov/188/Behavioral-Health-Services","42.5322198","-75.5259867","SU","1","","","","1","","1","1","1","1","","","","","","","","","1","","1","1","1","1","","","","","1","","","","","1","","","1","","","","","","","","","","1","","","","","","","","","","","","1","1","1","1","1","1","1","","","1","","1","","","","","","","","","","","1","","","","","","","","","","1","1","1","1","","","1","","","1","","","1","","1","1","1","1","1","","","1","1","","1","","1","1","1","1","","1","","1","1","1","","","","1","1","1","","1","1","1","","1","1","","","","1","","1","1","1","","1","","1","1","1","1","1","","","","","","","1","","","","","","","1","","","","1","","1","","1","1","1","","","1","","","","1","","","","","1","","","","1","1","","","","","","","","","","","","","","","","","","","","","","","","","","",""
"Conifer Park Inc","Inpatient Rehabilitation","79 Glenridge Road","","Schenectady","NY","12302","","Schenectady","518-399-6446","https://www.coniferpark.com","42.8682612","-73.9094445","SU","1","","1","","1","","1","1","1","1","1","","","","","","","1","1","","1","1","1","","1","","","1","","1","","","","","","","","","","","","","","","","","","","1","","","","1","","","","","","1","1","","1","1","","","","","","1","1","","","","","","","","1","1","","","","","","","","","","","","","1","1","","","1","1","","1","1","","","1","","","1","1","1","1","","","1","1","","1","","","1","1","","1","","1","","1","1","1","","","1","1","1","1","1","1","","1","1","1","1","1","","1","1","1","1","1","","1","1","1","1","1","1","1","1","","","","","","","","","1","","1","","1","","","","1","","","","1","1","1","","","","","","","1","","","1","1","","1","1","1","","1","","","","","","1","","","","","","","","","","","","","","","","","","","","",""
"Conifer Park Inc","Med Sup Withdrawal Inpatient","79 Glenridge Road","","Schenectady","NY","12302","","Schenectady","518-399-6446","https://www.coniferpark.com","42.8682612","-73.9094445","SU","1","1","1","1","1","1","1","1","1","1","1","","","","","","","1","1","","1","1","1","","1","","","1","","","","1","","","","","","","","","","","","","","","","","1","","","","1","","","","","","1","1","","1","1","","","","","","1","1","","","","","","","","1","1","","","","","","","1","1","1","1","1","","1","1","","","1","1","","1","1","","","1","","","1","1","1","1","","","1","1","","1","","","1","1","","1","","1","","1","1","1","","","1","1","1","1","1","1","","1","1","1","1","1","","1","1","1","1","1","","1","1","1","1","1","1","1","1","","","","","","","","","1","","1","","1","","","","1","","","","1","1","1","","1","","","","","1","","","1","1","","1","1","1","","1","","","","","","1","","","","","","","","","","","","","","","","","","","","",""
"Tioga County Dept Mental Hygiene","Alcohol and Drug Services","1062 State Route 38","","Owego","NY","13827","","Tioga","607-687-4000","https://www.tiogacountyny.com/departments/mental-hygiene/","42.1416424","-76.2636445","SU","1","","","","1","","1","1","1","1","","","","","","","","","1","","1","1","1","1","","","","","1","","","","","1","","","1","","","","","","","","","","1","","1","","","","","","","","","","1","1","1","1","1","1","","","","1","","1","","","","","","","","","","","","","","","1","","","","","","","1","1","1","1","","1","","1","","1","","1","","1","1","1","1","1","","","1","1","","","","1","1","1","1","1","","","","1","1","","1","","1","1","1","","1","1","","","","1","","","","","1","1","1","1","1","1","","1","1","1","1","1","","","1","","","","","","","1","1","","1","1","","","","1","","","","1","","","","","","","","","1","","","","","","","","","","1","","","","","","","","","","","","","","","","","","","","","","","","","","","1"
"Saint Marys Healthcare","COP","4988 State Highway 30","4th Floor","Amsterdam","NY","12010","","Montgomery","518-843-4410","https://","42.9590921","-74.1872746","SU","1","","","","1","","1","1","1","1","","","","","","1","","","1","","1","1","","","1","","1","","1","","","","","1","","1","1","","","","1","","","","","","","","1","","","","","","","","","","1","1","1","1","1","","1","","","1","","","","","","","","","","","","","","","","","1","","","","","","","1","1","1","1","","1","","1","","","","1","","1","1","","1","1","1","","1","1","","1","","","1","1","1","1","","","","1","1","","","","","","1","1","","1","1","","1","1","","","","","1","1","1","1","","1","","1","1","1","1","1","","1","","","","1","","","","1","","","","","","1","","","","1","","1","","","","","","","","","1","","","","","","1","1","1","","","","1","","","","1","","","","","","","","","","","","","","","","","","","","",""
"Family Counseling Center/Fulton Cnty","OCCBHC","11-21 Broadway","","Gloversville","NY","12078","","Fulton","518-725-4310 x118","https://www.thefamilycounselingcenter.org","43.0487568","-74.3448457","SU","1","","","","1","","1","1","1","1","","","","","","1","","","","","","","","1","","","","","1","","","","","1","","","1","","","","","","","","","","","","1","1","","","","","","","","","1","1","1","1","1","1","","1","1","1","1","1","1","1","1","1","1","1","1","1","1","1","1","1","1","1","1","","","","","","1","1","1","1","1","","","","","","","","","","1","1","1","1","1","","","","1","","","","1","1","1","1","1","1","","","1","","1","1","","1","","1","","1","1","","","","","","","","1","1","1","1","1","","1","","1","1","1","1","1","","1","1","","","1","","","1","1","1","","1","1","","","","1","1","1","1","1","","","","","","","","","1","","","","","","","","","1","1","","","","","","","","","","","","","","","","","","","","","","","","","","","1"
"Saratoga County Addiction Services","","135 South Broadway","","Saratoga Springs","NY","12866","4532","Saratoga","518-587-8800","https://www.saratogacountyny.gov/departments/mental-health","43.0700851","-73.7893986","SU","1","","","","1","","1","1","1","1","","","","","","","","","1","","1","1","1","","1","","","","1","","","","","1","","","1","","","","","","","","","","1","","1","","","","","","","","","","1","1","1","1","1","1","1","1","1","1","","","","","","","","","","1","","","","","","","1","","","","","","","1","1","1","","","1","","1","1","","","1","","1","1","","1","1","","","1","1","","1","","1","1","1","1","1","","","","1","","","","","1","1","1","1","1","1","","","","1","","","","","1","1","1","1","","1","","1","1","1","1","1","","","1","","","","","","","1","1","1","1","1","","","","1","","1","","1","","1","","","","","","","1","","","","","","","","","","","","1","","","","","","","","","","","","","","","","","","","","","","","","","1"
"Saint Peters Hosp City of Albany","Outpatient Clinic 1","125 High Rock Avenue","","Saratoga Springs","NY","12866","","Saratoga","518-885-6884 x4257","https://www.sphcs.org/AddictionRecoverySPARC","43.0881209","-73.7784015","SU","1","","","","","","1","1","1","1","","","","","","1","","","1","","1","1","1","","1","","","","1","","","","","1","","1","1","","","","1","","","","","","","","1","1","1","","1","","","","","","1","1","1","1","1","","","","","1","","","","","","","","","","","","","","","","","1","","","","","","","1","1","1","1","1","1","","1","","","","1","","1","1","1","1","1","","","1","1","","1","","","1","1","1","1","","","","1","1","1","1","","1","","1","","1","1","1","","1","1","1","1","","","1","1","1","1","","1","","1","1","1","1","1","","1","","1","1","1","","","1","1","1","1","1","","","","","","","","","1","","1","","","","","","","1","","","","","","","","","","","","1","","","","","","","","","","","","","","","","","","","","","","","","",""
"Beacon Center","Outpatient SUD Clinic 4","210 South Main Street","","Herkimer","NY","13350","","Herkimer","315-717-0189","https://www.beaconcenter.net","43.0244348","-74.9854189","SU","1","","","","1","","","1","1","1","","","","","","1","","","1","","1","1","1","","","1","","","1","","","","","1","","","1","","","","","","","","","","","","1","","","","","","","","","","1","1","","1","1","","","1","","1","","1","","","","","","1","","1","1","","1","1","1","1","","","","","","","","1","1","1","","","1","1","1","","1","","1","","1","1","","1","1","","","1","","","1","","1","1","1","1","1","","","","","","","","","1","","1","","1","1","","","1","","","","","1","","1","1","","","1","","1","1","1","1","1","1","","","1","1","","","","1","1","","","","1","","1","","1","","1","","1","1","","","","","","","","1","","","","","","1","","","","","1","","","","","","","","","","","","","","","","","","","","","","","","","",""
"Recovery Apartment Program","RRi","29 Charles Street","","Cortland","NY","13045","","Cortland","607-756-5992","https://www.ccocc.org","42.6037673","-76.1791275","SU","1","","","","","","","","","","","1","","","","1","","","","","","1","","1","","","","1","","","1","","","","","","","","","","","","","","","","","","1","","","","","","","","","","1","1","","","","","1","","","","","","","","","","","","","","","","","","","","","","","","","","","1","1","","","1","1","","1","","","","1","","","1","1","1","1","","","","","","","","","","1","1","","","","","1","1","","1","","","1","1","1","1","1","1","","1","1","","1","","1","","1","1","","","","","","","","","","","1","","","","1","","","1","","1","","1","","","","","","","1","","1","1","","1","","1","","","","","","","","","","","","","","1","","","","","","","","","","","","","","","","","","","","","","","","","","",""
"Catholic Charities","The Charles Street Residence RRi","29 Charles Street","","Cortland","NY","13045","","Cortland","607-756-5992","https://www.ccocc.org","42.6037673","-76.1791275","SU","1","","","","","","","","","","","1","","","","1","","","","","","1","","1","","","","1","","","1","","","","","","","","","","","","","","","","","","1","","","","","","","","","","1","1","","","","","1","","","","","","","","","","","","","","","","","","","","","","","","","","","1","1","","","1","1","","1","","","","1","","","1","1","1","1","","","","","","","","","","1","1","","","","","1","1","","1","","","1","1","1","1","1","1","","1","1","","1","","1","","1","1","","","","","","","","","","","1","","","","1","","","1","","1","","1","","","","","","","1","","1","1","","1","","1","","","","","","","","","","","","","","1","","","","","","","","","","","","","","","","","","","","","","","","","","",""
"Cayuga Addiction Recovery Services inc","Cortland OTP","6 Euclid Avenue","Building 1","Cortland","NY","13045","","Cortland","607-241-0874 x874","https://www.carsny.org","42.6085465","-76.1839974","SU","1","","","","1","","1","1","1","1","","","","","","1","","","1","","1","1","1","","1","","","","1","","","","","1","","","1","","","","1","","","","","","","","1","","","","","1","","","","","1","1","1","1","1","","1","1","","","","1","1","1","1","1","1","1","1","1","1","1","1","1","1","1","","","","","","","","1","1","1","1","","1","","1","1","1","","1","","","1","1","1","1","","","1","","","1","","1","1","1","1","","1","","","1","1","1","1","","","1","1","","1","1","1","1","1","1","1","1","","1","","1","1","1","","1","","1","","1","","1","","1","1","1","1","","1","","","","","","","","","1","","","","1","1","1","","","","","","1","1","","1","","","1","1","","1","1","1","","","","1","1","","","1","","","","","","","","","","","","","","","","","","","","",""
"Syracuse Recovery Services","","139 North Main Street","Building 1, Suite 5","Cortland","NY","13045","","Cortland","607-756-4167","https://www.SRSrecovery.org","42.6083852","-76.1857007","SU","1","","","","1","","1","1","1","1","","","","","","1","","","1","","1","1","1","1","","","","","1","","","","","1","","1","1","","","","","","","","","","","","1","","1","","","","","","","","1","1","1","1","1","","","","","","1","","","","","1","","","","1","1","","1","","","1","1","","","","","","","1","1","","","","1","1","1","","1","1","1","","1","1","1","1","1","1","","1","1","","1","","1","1","1","1","1","1","1","","1","1","1","1","","1","","1","","1","1","","1","1","1","1","1","","","1","1","1","1","1","1","","1","1","1","1","1","1","","1","","1","1","","","1","1","1","1","1","1","","","","1","","1","","1","","","","","","","","","1","","","","","","","1","1","1","1","","","","","","1","","","","","","","","","","","","","","","","","","","","",""
"New Dawn","Inpatient Rehabilitation","555 Saint Josephs Boulevard","","Elmira","NY","14901","3223","Chemung","607-737-7801","https://www.arnothealth.org/services/addiction-treatment","42.0922526","-76.7968543","SU","1","","","","1","","1","1","1","1","","","","","","1","","","1","","1","1","1","1","","","1","","","","","","","","","","","","1","","1","","","","","","","","1","","","","1","","","","","","1","1","1","1","1","","","","","","","1","","","","","","","","1","1","","1","","1","","1","","","","","","","1","1","1","","1","1","1","1","1","1","","1","","","1","1","1","1","","","1","1","","1","","1","1","1","1","1","1","1","","1","1","1","","","1","","1","1","1","1","1","1","","1","1","1","","1","1","","1","1","","1","","1","1","1","1","","","1","","1","1","","","","1","1","","1","","1","1","1","1","1","","","1","1","1","","","","","1","1","","1","","","","","","1","1","1","1","1","","","","","","1","","","","","","","","","","","","","","","","","","","","",""
"CASA Trinity","CCCBHC","911 Stowell Street","","Elmira","NY","14901","","Chemung","607-737-5215","https://www.casa-trinity.org","42.1003966","-76.8113338","SU","1","","","","1","","1","1","1","1","","","","","","","","","1","","1","1","1","1","","","","","1","","","","","1","","","1","","","","","","","","","","","","1","","","","","1","","","","","1","1","1","1","1","","1","1","1","","","","","","","","","","","","","","","","","","1","","","","","","","1","1","","","","1","","1","","","","1","","1","1","1","1","1","","","1","1","","1","","1","1","1","1","1","","","1","1","1","","1","","1","1","1","","1","1","","","1","1","","1","","1","1","1","1","1","","1","","1","1","1","1","1","","1","1","","","","","","","1","1","","1","1","","","","1","","1","","1","","","1","","1","","","","1","","","","1","","1","","","","1","","","","","","1","","","","","","","","","","","","","","","","","","","","","1"
"REACH Project Inc","Outpatient","130 East Seneca Street","","Ithaca","NY","14850","3342","Tompkins","607-273-7000","https://reachprojectinc.org","42.4407314","-76.4970979","SU","1","","","","1","","","1","1","1","","","","","","","","","1","","1","1","1","","1","","","","1","","","","","1","","","1","","","","","","","","","","","","1","","","","","","","","","","1","1","1","1","1","1","1","1","","1","1","1","","","","","","","1","","","","1","","","","1","","","","","","","1","1","1","","","1","","1","","","","1","","","1","1","1","1","","","1","","","","","1","1","1","1","","","1","","1","1","1","","1","1","1","1","","1","1","","1","1","1","1","1","","1","1","1","1","1","","1","","1","1","1","1","1","","1","1","","","","","","","1","","","","1","1","1","1","1","","","1","1","","","1","","","1","1","","1","1","","1","","1","1","1","1","","","","1","","","","","","","","","","","","","","","","","","","","","","","","","1"
"Cayuga Addiction Recovery Servs","COP","334 West State Street","","Ithaca","NY","14850","","Tompkins","607-391-1028","https://www.carsny.org","42.4395799","-76.5035865","SU","1","","","","1","","1","1","1","1","","","","","","1","","","1","","1","1","1","1","","","","","1","","","","","1","","","1","","","","","","","","","","","","1","","","","","1","","","","","1","1","","1","1","","1","1","1","1","","1","1","1","1","1","1","1","1","1","1","1","1","1","1","1","1","","","","","","","1","1","1","","","1","1","1","1","1","","1","","1","1","1","1","1","","","1","1","","1","","","1","1","1","1","","","","1","1","1","","","","1","1","","1","1","1","1","","1","1","1","","1","1","1","1","1","1","1","","1","1","1","1","1","","1","","1","","","","","1","1","","","","","","1","","","1","1","1","1","","","","","","","","","1","","","1","1","","1","1","1","","1","","","","","","","","","","","","","","","","","","","","","","","","","","",""
"Monarch","Outpatient Program","628 Mary Street","2nd Floor","Utica","NY","13501","","Oneida","315-272-2650 x2703","https://www.neighborhoodctr.org","43.0965818","-75.2198742","SU","1","","","","1","","1","1","1","1","","","","","","1","","","1","","","1","1","","1","","","","1","","","","","1","","1","1","","","","","","","","","1","","","1","1","1","","","","","","","","1","1","","1","1","","","1","","","1","1","1","1","1","1","1","1","1","1","1","1","1","1","1","1","1","","","","","","","1","1","1","","1","1","","1","1","1","","1","","1","1","1","1","1","1","","1","1","","1","","","1","1","1","","","","","","","","","","","1","1","","1","1","","","","","","","","","1","1","1","1","","1","","1","","1","1","1","","","","1","1","1","","","1","1","1","1","1","","","","","","1","1","","1","1","1","","","","","","","","","","","","","1","","","","","","1","","","","","","","","","","","","","","","","","","","","","","","","",""
"Rescue Mission of Utica","Addiction Stabilization Center","210 Lansing Street","","Utica","NY","13501","2904","Oneida","315-735-1645 x2163","https://uticamission.org","43.0979613","-75.2303582","SU","1","","","","","","1","1","1","1","","","","","","1","","","1","","1","1","1","1","","","","1","","1","","","","","","","","","","","","","","","","","","","1","","","","","","","","","","1","1","","1","1","","1","","","","","1","","","","","","","","","","","1","","","","","","","","","","","1","1","1","","1","1","","1","1","1","","1","","","1","1","1","1","","","1","","","1","","1","1","1","1","","","1","1","1","1","1","1","","1","1","1","1","1","1","1","1","1","1","1","1","","","1","1","1","1","1","1","","1","1","1","1","1","","1","","1","","1","","","1","1","","1","","1","1","","","1","","","1","1","","1","1","","1","","","","1","","","","","1","1","1","1","","1","","","","","","","","","","","","","","","","","","","","","","","","","","",""
"Beacon Center","Outpatient SUD Clinic 5","1508 Genesee Street","1st Floor","Utica","NY","13502","5178","Oneida","315-366-4100","https://www.beaconcenter.net","43.0929763","-75.2490237","SU","1","","","","1","","","1","1","1","","","","","","1","","","1","","1","1","1","","","1","","","1","","","","","1","","","1","","","","","","","","","","","","1","","","","","","","","","","1","1","","1","1","","","1","","1","","1","","","","","","1","1","1","1","","1","1","1","1","","","","","","","","1","1","1","","","1","1","1","","1","","1","","1","1","","1","1","","","1","","","1","","1","1","1","1","1","","","","","","","","","1","","1","","1","1","","","1","","","","","1","","1","1","","","1","","1","1","1","1","1","1","","","1","1","","","","1","1","","","","1","","1","","1","","1","","1","1","","","","","","","","1","","","","","","1","","","","","1","","","","","","","","","","","","","","","","","","","","","","","","","",""
"Beacon Center","Methadone Clinic","1508 Genesee Street","1st Floor","Utica","NY","13502","5178","Oneida","315-367-1285","https://www.beaconcenter.net","43.0929965","-75.2490455","SU","1","","","","","","","","","","","","","","","","","","1","","1","1","1","","","1","","","1","","","","","1","","","1","","","","","","","","","","","","1","","","","","1","","","","","1","1","","1","1","","","1","","1","","1","","","","","","","1","1","1","","1","1","1","","","","","","","","","1","1","1","","1","1","1","1","1","1","1","1","","","1","1","1","1","","","1","","","1","","1","1","1","1","","","","","","","","","","1","","1","","1","1","","","1","","1","","","1","1","1","1","","","","","","","","","","1","","","","","","1","","","","","","","","","1","","","","1","","1","1","","","","","","","","1","","","","","","1","","1","","","1","","1","","","1","","","","","","","","","","","","","","","","","","","","",""
"Helio Health Inc","OCCBHC","500 Whitesboro Street","","Utica","NY","13502","3015","Oneida","315-724-5168","https://www.helio.health/","43.1061056","-75.236147","SU","1","","","","1","","1","1","1","1","","","","","","1","","","1","","1","1","1","1","","","","1","1","","1","","","1","","1","1","","","","","","","","","","","","1","1","","","","","","","","","1","1","1","1","1","","1","","","1","","1","1","1","","1","","1","","1","1","","1","","","1","1","","","","","","1","1","1","1","1","","1","","1","1","","","1","","1","1","","1","1","1","","1","1","","1","","1","1","1","1","1","","","1","1","1","","1","1","1","1","1","","1","1","1","1","","1","1","1","","1","1","1","1","1","","1","","1","","1","1","1","","1","1","1","","","","","","1","","","","","","","","","","1","1","1","","","1","","1","","","","1","","","","","1","1","1","1","1","1","","","","","","","","","","","","","","","","","","","","","","","","","","","1"
"McPike Addiction Treatment Center","CD Inpatient Rehab Program","1213 Court Street","","Utica","NY","13502","","Oneida","315-738-4600","https://oasas.ny.gov","43.105589","-75.2550182","SU","1","","","","1","","1","1","1","1","","","","","","1","","","1","","","1","1","1","","","1","","","","","","","","","","","","1","","","","","","","1","","","1","","","","","1","","","","","1","1","","","1","","1","1","1","1","","1","","","","1","","","1","1","1","1","1","","","","1","","","","","","1","1","1","","","1","","","1","1","","","1","","","1","1","1","1","","","1","1","","1","","1","1","1","1","1","","1","","1","1","1","1","","1","1","1","1","1","1","1","1","1","1","1","1","","1","1","1","1","1","","1","","1","1","1","1","1","","","","1","1","","","","1","1","1","1","1","1","1","1","","1","1","1","1","1","1","","1","","","1","1","","1","1","","","","","1","1","1","","1","","","","","","1","","","","","","","","","","","","","","","","","","","","",""
"Helio Health Inc","Methadone Clinic 1","1213 Court Street","","Utica","NY","13502","","Oneida","315-624-9835 x5105","https://www.helio.health","43.105589","-75.2550182","SU","1","","1","","1","","","1","","","1","","","","","","","1","1","","1","1","1","1","","","","","1","","","","","1","","","1","","","","","","","","","","","","1","","","","","1","","","","","1","1","1","1","1","","","","","","","1","","","","","","","","","","","","","","","1","","","","","","","1","1","1","1","","1","1","1","","","","1","","","1","1","1","1","","","1","","","1","","1","1","1","1","","","","","1","1","","1","","1","","1","","1","1","","","1","1","1","","","","1","1","1","1","","","1","1","1","","","","","1","","","","","1","","","","","","","","","","","","","1","","1","1","","","","","","","","1","","","1","1","","1","1","1","","1","","","1","","","","","","","","","","","","","","","","","","","","","","","",""
"820 River Street Inc","Crandall St Reintegration Residence","13 Crandall Street","","Glens Falls","NY","12801","","Warren","518-743-0475","https://www.pyhit.org","43.3087412","-73.6507314","SU","1","","","","","","","1","1","","","1","","","","1","","","1","","","1","","","","1","","1","","","1","","","","","","","","","","","","","","","","","","1","","","","","","","","","","1","1","1","","1","","1","","","","","1","1","1","","1","1","","","","1","1","1","1","1","1","1","","","","","","","1","1","","","1","","1","1","","","","1","","","1","1","","1","","","1","1","","1","","","","1","1","","","","1","","","1","","","","1","1","1","","1","","1","","","1","1","","1","1","1","1","","","1","","1","1","1","","","","1","","","","1","","","1","1","1","","1","1","","","","1","1","1","","1","1","1","","","","","","","1","","","","","","","1","1","","1","","","","","","","","","","","","","","","","","","","","","","","","","","",""
"Conifer Park OPC","","55 Elm Street","","Glens Falls","NY","12801","","Warren","518-793-7273 x4502","https://www.libertymgt.com","43.3104186","-73.6498957","SU","1","","","","1","","1","1","1","1","","","","","","1","","","1","","1","1","1","1","","","","","1","","","","","1","","1","1","","","","","","","","","","","","1","","1","","1","","","","","","1","1","","","1","","","","","1","","1","1","1","1","1","1","1","1","1","1","1","1","1","1","1","1","","","","","","","1","1","1","1","1","1","1","1","1","1","","1","","1","1","1","1","1","1","","1","1","","1","","1","1","1","1","1","1","1","1","1","1","1","","","1","1","1","1","1","1","1","1","","1","","1","","1","1","1","1","1","1","1","","1","1","1","1","1","1","","","1","1","","","","1","1","","1","","1","","1","","1","1","1","","1","","1","","","1","","","","1","","","","","","1","1","1","","1","","","","","","1","","","","","","","","","","","","","","","","","","","","",""
"Tully Hill Corporation","Med Sup Withdrawal/Inpatient","5821 Route 80","","Tully","NY","13159","","Onondaga","315-696-6114 x141","https://www.tullyhill.com","42.801907","-76.1168645","SU","1","1","","","","1","1","1","1","1","","","","","","1","","","1","","","1","1","1","","","1","1","","1","","1","","","","","","1","1","","","","","","","","","","1","","","","","1","","","","","1","","","","1","","","","","","","","","","","","","","","","","","","","","","1","1","1","1","1","1","1","1","1","1","","1","1","","1","1","","","1","","1","1","1","1","1","","","1","1","","1","","","1","1","1","1","","","","1","1","1","","1","","1","1","1","1","1","1","1","1","1","1","1","","","1","1","1","1","1","1","","1","1","1","1","1","","1","","","1","1","","","1","1","1","1","1","1","1","1","1","1","","1","1","1","1","1","1","1","","","","","1","","","","","","1","1","1","","1","","","","","","","","","","","","","","","","","","","","","","","","","","",""
"Tully Hill Corporation","Inpatient Rehabilitation","5821 Route 80","","Tully","NY","13159","","Onondaga","315-696-6114 x141","https://www.tullyhill.com","42.801907","-76.1168645","SU","1","1","","","","1","1","1","1","1","","","","","","1","","","1","","1","1","1","1","","","1","1","","1","","1","","","","","","1","1","","","","","","","","","","1","","","","","1","","","","","1","","","","1","","","","","","","","","","","","","","","","","","","","","","1","1","1","1","1","1","1","1","1","1","","1","1","","1","1","","","1","","1","1","1","1","1","","","1","1","","1","","","1","1","1","1","","","","1","1","1","","1","","1","1","1","1","1","1","1","1","1","1","1","","","1","1","1","1","1","1","","1","1","1","1","1","","1","","","1","1","","","1","1","1","1","1","1","1","1","1","1","","1","1","1","1","1","1","1","","","","","1","","","","","","1","1","1","1","1","","","","","","","","","","","","","","","","","","","","","","","","","","",""
"Tully Hill Corporation","Outpatient Clinic","5821 Route 80","","Tully","NY","13159","","Onondaga","315-696-6114 x141","https://www.tullyhill.com","42.801907","-76.1168645","SU","1","","","","1","","","1","1","1","","","","","","1","","","1","","","1","","1","","","","","1","","","","","1","","","1","","","","","","","","","","","","1","","","","","1","","","","","1","","","","1","","","","","","","","","","","","","","","","","","","","","","1","","","","","","1","1","1","1","","1","1","","1","","","","1","","1","1","1","1","1","","","1","1","","1","","","1","1","1","1","","","","1","1","1","","1","","1","1","1","1","1","1","1","","1","1","1","","","1","1","1","1","1","1","","1","1","1","1","1","","1","","","1","1","","","1","1","1","1","1","1","","1","1","1","","1","1","1","1","1","1","","","","","","1","","","","","","1","1","1","","1","","","","","","","","","","","","","","","","","","","","","","","","","","",""
"820 River Street Inc","The Baywood Center","551 Bay Road","","Queensbury","NY","12804","","Warren","518-798-4221","https://www.pyhit.org","43.3468298","-73.6559434","SU","1","","","","1","","1","1","1","1","","","","","","1","","","1","","1","1","","","1","","","","1","","","","","1","","1","1","","","","","","","","","","","","1","","","","","","","","","","1","1","","1","1","","1","1","","1","","1","1","1","1","1","","1","","1","1","","","","","1","1","","","","","","1","1","1","1","1","1","1","","1","","","","1","","1","1","1","1","1","1","","1","1","","1","","1","1","1","1","1","","","","1","1","","1","","1","1","1","","1","1","1","","1","1","1","1","","1","1","1","1","1","","1","","1","1","1","1","1","","1","","","1","1","","","1","1","1","1","1","","","","","","1","1","","1","","1","","","","","","","1","","","","","","1","","","","","","1","","","","","","","","","","","","","","","","","","","","","","","","",""
"Liberty Resources Inc","Next Step Apartment Program RRi","114 Stone Street","","Oneida","NY","13421","","Madison","315-425-1004","https://","43.0915174","-75.650792","SU","1","","","","","","","","","","","1","","","","1","","","","","","1","1","1","","","","1","","","1","","","","","","","","","","","","","","","","","","1","","","","","","","","","","1","1","1","1","1","","","","","","","","","","","","1","","","","1","","","","","1","","","","","","","","1","1","","","","","","1","1","","","1","","","1","1","","1","","","","","","1","","","","1","1","","","","1","1","1","","","","","","1","","1","","1","","","1","","","","1","","1","1","1","","","","","","","","","","1","","","1","","","","1","","","1","","","","","","","","1","","1","","","","","1","","","","","","","","","","","","","","1","","","","","","","","","","","","","","","","","","","","","","","","","","",""
"Maxwell House RRi","","239 Broad Street","","Oneida","NY","13421","","Madison","315-425-1004","https://","43.0914404","-75.6511554","SU","1","","","","","","","","","","","1","","","","1","","","","","","1","1","1","","","","1","","","1","","","","","","","","","","","","","","","","","","1","","","","","","","","","","1","1","1","1","1","","","","","","","","","","","","1","","","","1","","","","","1","","","","","","","","1","1","","","","","","1","1","","","1","","","1","1","","1","","","","","","1","","","","1","1","","","","1","1","1","","","","","","1","","1","","1","","","1","","","","1","","1","1","1","","","","","","","","","","1","","","1","","","","1","","","1","","","","","","","","1","","1","","","","","1","","","","","","","","","","","","","","1","","","","","","","","","","","","","","","","","","","","","","","","","","",""
"Syracuse VA","Rome Outpatient VA Clinic","125 Brookley Road","Building 510","Rome","NY","13441","","Oneida","315-334-7100","https://www.va.gov/syracuse-health-care","43.2121842","-75.4180077","SU","1","","","","1","","1","1","1","1","","","","","","1","","","1","","1","1","1","1","","","","","1","","","","","1","","","1","","","","1","","1","","","","","","","","","","1","1","","","","","","","","","","","","","","1","","","1","","","","","","","","","","1","","","","1","","","","","","1","1","1","","","","1","","1","1","","","1","","","1","1","1","1","1","","1","1","","","","1","1","1","1","1","1","","1","","","","1","","1","","1","","1","1","1","","1","","","1","","1","1","1","1","1","","1","","1","1","1","1","1","","","1","1","1","1","","","1","1","1","1","1","1","","","","1","","","","1","1","1","1","","","","","","1","","1","","","","1","","","1","1","","","","","","1","","","","","","","","","","","","","","","","","","","","",""
"Finger Lakes Area Counseling and","Recovery Agency/FLACRA Add Clinic OP 1","106 South Perry Street","Suite 3, Mill Creek Center","Watkins Glen","NY","14891","","Schuyler","607-535-8260","https://www.flacra.org","42.3764532","-76.8646204","SU","1","","","","1","","1","1","1","1","","","","","","1","","","1","","1","1","1","1","","","","","1","","","","","1","","","1","","","","","","","","","","","","1","","","","","","","","","","1","1","1","1","1","","1","1","","1","1","1","1","1","1","1","1","1","1","1","1","1","1","1","1","1","1","","","","","","","1","1","1","1","","1","","1","1","","","1","","1","1","1","1","1","","","1","1","","1","","","1","1","1","","","","1","1","1","","1","","1","1","1","","1","1","1","","1","1","","1","","1","1","1","1","1","1","1","","1","1","1","1","1","","1","","","1","1","","","","1","1","1","1","","","","","","1","1","","1","","","","","","","","","1","","","","","1","1","","","1","1","","","","","1","1","","","","1","","","","","","","1","","","","","1","","","","",""
"Beacon Center","Outpatient SUD Location","303 West Liberty Street","2nd Floor, Suite B","Rome","NY","13440","5736","Oneida","315-367-1280","https://www.beaconcenter.net","43.2142148","-75.4617408","SU","1","","","","1","","","1","1","1","","","","","","1","","","1","","1","1","1","","","1","","","1","","","","","1","","","1","","","","","","","","","","","","1","","","","","","","","","","1","1","","1","1","","","1","","1","","1","","","","","","1","","1","1","","1","1","1","1","","","","","","","","1","1","1","","","1","1","1","","1","","1","","1","1","","1","1","","","1","","","1","","1","1","1","1","1","","","","","","","","","1","","1","","1","1","","","1","","","","","1","","1","1","","","1","","1","1","1","1","1","1","","","1","1","","","","1","1","","","","1","","1","","1","","1","","1","1","","","","","","","","1","","","","","","1","","","","","1","","","","","","","","","","","","","","","","","","","","","","","","","",""
"Beacon Center","Methadone Clinic","303 West Liberty Street","Suite A","Rome","NY","13440","","Oneida","315-367-1290","https://www.beaconcenter.net","43.2142333","-75.4617371","SU","1","","1","","","","","","","","1","","","","","","","1","1","","1","1","1","","","1","","","1","","","","","1","","","1","","","","","","","","","","","","1","","","","","1","","","","","1","1","","1","1","","","1","","1","","1","","","","","","","1","1","1","","1","1","1","","","","","","","","","1","1","1","","","1","1","1","1","1","","1","","","1","1","1","1","","","1","","","1","","1","1","1","1","","","","","","","","","","1","","1","","1","1","","","1","","1","","","1","1","1","1","","","","1","","","","","","1","","","","","","1","","","","","","","","","1","","","","1","","1","1","","","","","","","","1","","","","","","1","","1","","","1","","1","","","1","","","","","","","","","","","","","","","","","","","","",""
"Chemical Dependency Treatment Servs","COP","2775 Erie Boulevard East","","Syracuse","NY","13224","","Onondaga","315-470-8304","https://www.crouse.org/addiction","43.0552506","-76.0952786","SU","1","","","","1","","1","1","1","1","","","","","","","","","1","","1","1","1","1","","","","","1","","","","","1","1","","1","","","","1","","","","","","","","1","","1","1","1","","","","","","1","1","1","1","1","1","1","","","1","","1","","","","1","1","","1","1","1","","1","","","1","1","","","","","","","1","1","1","1","","","","1","1","","","1","","1","1","1","1","1","","","1","1","","1","","1","1","1","1","1","","","","1","1","1","1","","1","1","1","","1","1","1","1","1","1","1","1","","1","1","1","1","1","1","1","","1","1","1","1","1","","1","","","","","","","","1","1","","1","1","","1","","1","","1","1","1","","1","","","","1","1","","1","","","1","1","1","1","1","1","","1","","","","","","","","","","","","","","","","","","","","","","","","","","",""
"Syracuse Community Health Center","Outpatient Clinic","819 South Salina Street","","Syracuse","NY","13202","","Onondaga","315-234-5918","https://syracusecommunityhealth.org","43.0397726","-76.1500848","SU","1","","","","1","","1","1","1","1","","","","","","1","","","1","","1","1","1","1","","","","","1","","","","","1","","1","1","","","","","","","","","","","","1","","","","1","","","","","","1","1","1","1","1","1","1","1","1","","","","","","","","","","1","","","","","","","","1","","","","","","1","1","1","1","1","1","1","1","1","1","","","1","","1","1","1","1","1","1","","1","1","","1","","1","1","1","1","1","","","","1","1","1","1","","1","1","1","","1","1","","1","1","1","1","1","","1","1","1","1","1","","1","","1","1","1","1","1","","1","","","","1","","","1","1","1","","1","1","1","1","","1","","1","1","1","1","","","","","1","1","","1","1","","","","1","1","1","1","1","1","","","","","","1","","","","","","","","","","","","","","","","","","","","",""
"Syracuse Recovery Services LLC","","319 East Water Street","","Syracuse","NY","13202","","Onondaga","315-475-1771","https://www.srsrecovery.org","43.0506145","-76.1481885","SU","1","","","","1","","1","1","1","1","","","","","","1","","","1","","1","1","1","1","","","","","1","","","","","1","","1","1","","","","","","","","","","","","1","","1","","","","","","","","1","1","1","1","1","","","","","","1","","","","","1","","","","1","1","","1","","","1","1","","","","","","","1","1","","","","1","1","1","","1","1","1","","1","1","1","1","1","1","","1","1","","1","","1","1","1","1","1","1","1","","1","1","1","1","","1","","1","","1","1","","1","1","1","1","1","","","1","1","1","1","1","1","","1","1","1","1","1","1","","1","","1","1","","","1","1","1","1","1","1","","","","1","","1","","1","","","","","","","","","1","","","","","","","1","1","1","1","","","","","","1","","","","","","","","","","","","","","","","","","","","",""
"Liberty Resources Integrated Hlthcare","OCCBHC","1045 James Street","","Syracuse","NY","13203","","Onondaga","315-472-4471","https://www.Liberty-resources.org","43.0606556","-76.1330617","SU","1","","","","1","","1","1","1","1","","","","","","1","","","1","","1","1","1","","1","","","","1","","","","","1","","","1","","","","","","","","","","","","1","","","","","","","","","","1","1","1","","1","","1","","","1","","","","","","","","","","","","","","","","","","","","","","","","1","1","1","1","","1","","1","","","","1","","","1","1","1","1","","","1","1","","1","","1","1","1","1","1","","","","1","1","1","1","","1","1","1","","1","1","","1","","1","1","1","","1","1","1","1","1","","1","","1","1","1","1","1","","1","1","1","1","1","","","1","1","1","1","1","","","","","","","1","1","1","","","","","","1","1","","1","","","","","","1","1","1","","","","1","","","","1","","","","","","","","","","","","","","","","","","","","","1"
"Syracuse VA","Behavioral Health Outpatient VA Clinic","620 Erie Boulevard West","","Syracuse","NY","13204","","Onondaga","315-425-3463","https://www.va.gov/syracuse-health-care","43.0494544","-76.1642007","SU","1","1","","","1","1","1","1","1","1","","","","","","1","","","1","","1","1","1","1","","","1","","1","","","","1","1","","1","1","1","1","","1","","1","","","","","","","","","","1","1","","","","","","","","","","","","","","1","","","1","","","","","","","","","","1","","","","1","1","1","","1","1","1","1","1","","","","1","1","1","1","","","1","","","1","1","1","1","1","","1","1","","","","1","1","1","1","1","1","","1","","","","1","","1","","1","","1","1","1","","1","","","1","","1","1","1","1","1","","1","","1","1","1","1","1","","","1","1","1","1","","","1","1","1","1","1","1","","","","1","","","","1","1","1","1","1","","","","","1","","1","","","","1","","","1","1","","","","","","1","","","","","","","","","","","","","","","","","","","","",""
"Helio Health Inc","Methadone Clinic","329 North Salina Street","","Syracuse","NY","13203","","Onondaga","315-471-1564 x3138","https://www.helio.health","43.0559421","-76.1528175","SU","1","","1","","1","","","1","","","1","","","","","","","1","1","","1","1","1","1","","","","","1","","","","","1","","","1","","","","","","","","","","","","1","","1","","","1","","","","","1","1","1","1","1","","","","","","","1","","","","","","","","1","1","","","","","1","1","","","","","","1","1","1","1","1","","1","1","1","","","","1","","","1","1","1","1","","","1","","","1","","1","1","1","1","","","","","1","1","","1","","1","","1","","1","1","","","1","1","1","","","","1","1","1","1","","","1","1","","","","","","1","","","","","1","","","","","","","","","","","","","1","","1","1","","","","","","","","1","","","1","1","","1","1","1","","1","","","1","","","","","","","","","","","","","","","","","","","","","","","",""
"Helio Health Inc","ICSC","329 North Salina Street","","Syracuse","NY","13203","","Onondaga","315-434-5333","https://www.helio.health","43.0559431","-76.1528185","SU","","1","","","","1","","1","1","1","","","","","","1","","","1","","","1","1","1","","","","","1","","","","1","","","","","","","","","","","","","","","","","1","","","","","","","","","","1","1","1","1","1","1","","1","1","1","","","","","","","","","","","","","","","","1","1","1","","","1","","1","","1","1","","1","1","1","1","","","1","","1","1","","1","1","","","","1","","1","","1","1","1","1","1","","","","","","","1","","1","","1","","1","1","1","","1","","","1","","","1","1","1","1","","1","","1","1","1","1","1","","1","1","1","1","1","","","1","1","1","1","1","1","","","1","1","","","","1","1","","1","1","","","","","1","","","","","","","","","","1","","","","","","","","","","","","","","","","","","","","","","","","","","","1"
"Meadows Integrated Outpatient Services","CCBHC","329 North Salina Street","1st-4th Floors","Syracuse","NY","13203","1755","Onondaga","315-471-1564 x3152","https://www.helio.health","43.0559434","-76.1528189","SU","1","","","","1","","1","1","1","1","","","","","","","","","1","","1","1","1","1","","","","","1","","","","","1","","","1","","","","","","","","","","","","1","1","","","","","","","","","1","1","1","1","1","","1","","","1","1","1","1","","","1","1","1","","1","1","","1","1","1","1","1","","","","","","1","1","1","1","1","1","1","1","1","1","1","","1","","1","1","","1","1","","","1","1","","1","","1","1","1","1","1","","1","1","1","1","","1","","1","1","1","","1","1","1","","1","1","1","1","","1","1","1","1","1","","1","","1","","1","1","1","","1","1","","","","","","","1","1","1","1","1","","1","","1","","1","1","1","1","","1","","","","","","1","","","","","1","1","1","1","","1","","","","","","1","","","","","","","","","","","","","","","","","","","","","1"
"Helio Health Inc","Meadows Outpatient Services","329 North Salina Street","","Syracuse","NY","13203","","Onondaga","315-471-1564","https://www.Helio.Health","43.0559434","-76.1528189","SU","1","","","","1","","1","1","1","1","","","","","","1","","","1","","1","1","1","1","","","","","1","","","","","1","","1","1","","","","","","","","","","","","1","","","","","1","","","","","1","1","1","1","1","1","1","","","1","","1","1","1","1","1","1","1","1","1","1","","1","1","1","1","1","","","","","","1","1","1","1","1","","1","1","1","1","1","1","1","","1","1","","1","1","1","","1","1","","1","","1","1","1","1","1","","","1","1","1","","1","1","1","1","1","1","1","1","1","","","1","1","1","","1","1","1","1","1","","1","","1","","1","1","1","","1","1","1","1","1","","","","1","","1","","1","","","1","1","1","1","1","1","1","1","1","","1","","","","1","1","","1","","1","1","1","1","1","1","","","","","","1","","","","","","","","","","","","","","","","","","","","","1"
"Crouse Health Hospital Inc","Commonwealth Place/Inpatient Program","6010 East Molloy Road","","Syracuse","NY","13211","","Onondaga","315-434-2470","https://www.crouse.org/addiction","43.0983927","-76.1074649","SU","1","","","","1","","1","1","1","1","","","","","","","","","1","","","1","1","1","","","1","","","","","","","","","","","","1","","1","","","","","","","","1","","1","1","","","","","","","1","1","1","1","1","1","","","","","1","","","","","","","","","1","1","","","","","","1","","","","","","","1","1","1","1","","","","1","","","","1","","","1","1","1","1","","","1","1","","1","","1","1","1","1","1","","1","","1","1","1","","","1","","1","","1","1","1","1","1","1","1","1","","1","1","1","1","1","","1","","1","1","1","1","","","1","","","","","","","","1","1","","1","1","","1","","1","","1","1","1","1","1","","","","","","","1","","","","","","1","1","1","","1","","","","","","","","","","","","","","","","","","","","","","","","","","",""
"Helio Health Inc","CCBHC","5201 West Genesee Street","","Camillus","NY","13031","","Onondaga","315-471-1564 x3152","https://www.helio.health","43.0393272","-76.2660149","SU","1","","","","","","","","","","","","1","","","","","","1","","1","1","1","1","","","","","1","","","","","","","","1","","","","","","","","","","","","1","1","","","","","","","","","1","1","","1","1","","1","","","1","","1","","","","","","1","","","","","1","1","","1","","","","","","","1","1","","","","","","","1","","1","","1","","1","1","","1","1","","","1","","","","","1","1","","1","","","","","","","","1","","1","","1","","1","1","1","","","","","1","","","","","1","","","","","","","","","","","1","","","","","1","","","","","","","","","","","","","","","1","1","","1","","","","","","","","","","","","","","","","1","","","","","","","","","","","","","","","","","","","","","","","","","","","1"
"Syracuse VA","Auburn Outpatient VA Clinic","47 East Genesee Street","","Auburn","NY","13021","","Cayuga","315-294-7300","https://www.va.gov/syracuse-health-care","42.9337399","-76.5596055","SU","1","","","","1","","1","1","1","1","","","","","","1","","","1","","1","1","1","1","","","","","1","","","","","1","","","1","","","","1","","1","","","","","","","","","","1","1","","","","","","","","","","","","","","1","","","1","","","","","","","","","","1","","","","1","","","","","","1","1","1","","","","1","","1","1","","","1","","","1","1","1","1","1","","1","1","","","","1","1","1","1","1","1","","1","","","","1","","1","","1","","1","1","1","","1","","","1","","1","1","1","1","1","","1","","1","1","1","1","1","","","1","1","1","1","","","1","1","1","1","1","1","","","","1","","","","1","1","1","1","","","","","","1","","1","","","","1","","","1","1","","","","","","1","","","","","","","","","","","","","","","","","","","","",""
"Syracuse Recovery Services","","180 Genessee Street","","Auburn","NY","13021","","Cayuga","315-282-5351","https://www.srsrecovery.org","42.9284773","-76.5718963","SU","1","","","","1","","1","1","1","1","","","","","","1","","","1","","1","1","1","1","","","","","1","","","","","1","","1","1","","","","","","","","","","","","1","","1","","","","","","","","1","1","1","1","1","","","","","","1","","","","","1","","","","1","1","","1","","","1","1","","","","","","","1","1","","","","1","1","1","","1","1","1","","1","1","1","1","1","1","","1","1","","1","","1","1","1","1","1","1","1","","1","1","1","1","","1","","1","","1","1","","1","1","1","1","1","","","1","1","1","1","1","1","","1","1","1","1","1","1","","1","","1","1","","","1","1","1","1","1","1","","","","1","","1","","1","","","","","","","","","1","","","","","","","1","1","1","1","","","","","","1","","","","","","","","","","","","","","","","","","","","",""
"Confidential Help for Alc Drugs (CHAD)","Outpatient Clinic","75 Genesee Street","Piccolo Building","Auburn","NY","13021","","Cayuga","315-253-9786","https://chadcounseling.org","42.932049","-76.5667492","SU","1","","","","1","","1","1","1","1","","","","","","1","","","1","","1","1","1","","","1","","","1","","","","","1","","1","1","","","","","","","","","","","","1","","","","","","","","","","1","1","","1","1","","1","1","1","1","","1","","","","1","","1","","1","1","","1","1","1","1","1","","","","","","1","1","1","1","","1","1","","1","1","1","","1","","1","1","1","1","1","","","1","1","","1","","","1","1","1","1","","","","1","1","","1","","","1","1","1","1","1","","","","1","","","","1","1","1","1","1","","1","","1","1","1","1","1","","1","","","1","1","","","","1","","1","","1","","","","1","","1","","1","1","1","","","","","","","1","","","","","1","1","","","","","1","","","","","","","","","","","","","","","","","","","","","","","","","",""
"Seneca County Community Counseling Ctr","","31 Thurber Drive","","Waterloo","NY","13165","","Seneca","315-539-1980","https://www.senecacountyny.gov/gov/community/mental/","42.9059327","-76.8445613","SU","1","1","","","1","","1","1","1","1","","","","","","","","","1","","1","1","1","1","","","","","1","","","","1","1","","","1","","","","","","","","","","1","","1","1","","","","","","","","","1","1","1","1","1","1","1","1","1","1","","1","","","","","","","","1","1","","1","1","","","1","1","","1","1","1","1","1","1","1","1","","1","","1","","","","1","","1","1","","1","1","","","1","1","","1","","1","1","1","1","1","1","","1","1","1","1","1","","1","1","1","","1","1","1","","1","1","1","1","","1","1","1","1","1","1","1","","1","1","1","1","1","","","1","","","","","","","1","1","1","1","1","","","1","1","","1","","1","1","1","","1","1","","","","1","","","","","1","","","1","1","1","","","","","","1","","","","","","","","","","","","","","","","","","","","","1"
"Finger Lakes Area Counseling and","Recovery OTP","116 Lewis Street","","Geneva","NY","14456","","Ontario","315-719-7309","https://www.flacra.org","42.8714812","-76.9856254","SU","1","","","","1","","1","1","1","1","","","","","","","","","","","1","1","","1","","","","","1","","","","","1","","","1","","","","","","","","","","","","1","","1","","","1","","","","","1","1","1","","1","","","1","","1","1","1","1","","1","1","1","","1","1","1","1","1","1","1","1","1","","","","","","1","1","1","1","1","","1","","1","","1","","1","","","1","1","1","1","","","1","1","","1","","1","1","1","1","1","","","","1","1","1","1","","1","1","1","","1","1","1","1","1","1","1","1","","1","1","1","1","1","","1","","1","1","1","1","1","","1","1","","","","","","1","1","","","","1","1","1","1","1","1","1","1","1","1","","","","","","","","1","1","","1","1","","1","1","1","1","1","","","","","","1","","","","","","","","","","","","","","","","","","","","","1"
"FLACRA Integrated Outpatient","CCCBHC","116 Lewis Street","","Geneva","NY","14456","","Ontario","315-781-0771","https://www.flacra.org","42.8714812","-76.9856254","SU","1","","","","1","","1","1","1","1","","","","","","","","","1","","1","1","1","1","","","","","1","","","","","1","","","1","","","","","","","","","","","","1","1","","","","1","","","","","1","1","1","","1","","","1","","1","1","1","1","","1","1","1","1","1","1","1","1","1","1","1","1","1","","","","","","1","1","1","1","1","","1","","1","1","1","","1","","1","1","1","1","1","","","1","1","","1","","1","1","1","1","1","","","","1","1","1","1","","1","1","1","","1","1","1","1","1","1","1","1","","1","1","1","1","1","","1","","1","1","1","1","1","","1","1","","","","","","1","1","","","","1","1","1","1","1","1","1","1","1","1","","","","","","","","1","1","","1","1","","1","1","1","1","1","","","","","","1","","","","","","","","","","","","","","","","","","","","","1"
"Farnham Family Services","Outpatient Clinic 2","4 Towers Drive","1st Floor","Fulton","NY","13069","","Oswego","315-593-0796","https://www.farnhaminc.org","43.3245696","-76.4007762","SU","1","","","","","","","1","1","1","","","","","","1","","","1","","1","1","1","1","","","","","1","","","","","","","","1","","","","","","","","","","","","","","","","","","","","","","1","1","1","1","1","","1","1","1","","","1","1","","1","1","1","1","1","1","1","","1","1","1","1","1","","","","","","","1","1","1","1","","1","1","1","1","","","1","","1","1","1","1","1","1","","1","","","1","","","1","1","1","1","1","","1","1","1","1","1","","1","1","1","","1","1","1","1","1","1","1","1","","1","1","1","1","1","","1","","1","1","1","1","","","1","","","1","1","","","1","1","1","1","1","1","","","1","1","","1","1","1","1","","","","1","1","1","","1","","","","","1","","1","1","1","1","","","","","","","","","","","","","","","","","","","","","","","","","","",""
"Saint Josephs ATRC","Ticonderoga Outpatient Clinic","50 Montcalm Street","","Ticonderoga","NY","12883","","Essex","518-585-7934","https://www.stjoestreatment.org","43.8478342","-73.4300011","SU","1","","","","1","","1","1","1","1","","","","","","1","","","1","","1","1","1","1","","","","","1","","","","","1","","","1","","","","","","","","","","","","1","","","","","1","","","","","1","1","","1","1","","1","1","1","1","","1","","","","","","","","1","1","","1","","","","1","","","","","","1","1","1","1","1","","1","1","1","1","1","","1","","1","1","","1","1","1","","1","1","","1","","1","1","1","1","1","1","1","1","1","1","","1","","","1","1","","1","1","1","","1","1","","","","1","1","1","1","1","","1","","1","1","1","1","1","","1","1","1","1","1","","","1","1","1","1","1","1","","1","1","1","","1","","1","1","1","","","1","","","","1","","","","","1","1","","","1","1","","","","","","","","","","","","","","","","","","","","","","","","","","",""
"Farnham Family Services","COP2","111 Hamilton Street","","Mexico","NY","13114","","Oswego","315-342-4489","https://www.farnhaminc.org","43.4710115","-76.2314936","SU","1","","","","1","","","1","1","1","","","","","","1","","","1","","1","1","1","1","","","","","1","","","","","1","","","1","","","","","","","","","","","","","","","","","1","","","","","1","1","1","1","1","","1","1","1","","","1","1","","1","1","1","1","1","1","1","","1","1","1","1","1","","","","","","","1","1","1","1","","1","1","1","1","","","1","","1","1","1","1","1","1","","1","","","1","","","1","1","1","1","1","","1","1","1","1","1","","1","1","1","","1","1","1","1","1","1","1","1","","1","1","1","1","1","","1","","1","1","1","1","","","1","","","1","1","","","1","1","1","1","1","1","","","1","1","","1","1","1","1","","","","1","1","1","","1","","","1","1","1","1","1","1","1","1","","","","","","1","","","","","","","","","","","","","","","","","","","","",""
"Addictions Crisis Center","Residential Stabilization","28 East Main Street","5th Floor","Clifton Springs","NY","14432","","Ontario","315-462-9466","https://www.flacra.org","42.9619735","-77.1341502","SU","1","1","","","1","1","1","1","1","1","","","","","","1","","","1","","1","1","1","1","","","","1","","1","","1","","","","","","","","","","","","","","","","","1","","","","","","","","","","1","1","","1","1","1","1","1","","","","1","","","","","1","","1","1","1","","","","","","1","1","1","1","1","1","","1","1","1","","1","1","1","1","1","1","","1","","","1","1","1","1","","","1","1","","1","","1","1","1","1","1","","","1","","1","","1","1","1","1","1","1","1","1","1","","1","","1","1","","1","1","1","1","","","1","","1","1","1","1","1","","1","1","1","1","1","","","","1","","","","1","1","1","","1","","","1","1","","1","1","1","1","","","","1","","","","","1","1","","","","1","","","","","","1","","","","","","","","","","","","","","","","","","","","",""
"FLACRA RRi","","28 East Main Street","5th Floor","Clifton Springs","NY","14432","","Ontario","315-462-9466","https://www.flacra.org","42.9619735","-77.1341502","SU","1","","","","","","","","","","","","","","","1","","","1","","1","1","1","1","","","","1","","","1","","","","","","","","","","","","","","","","","","1","1","1","","1","1","1","1","1","","1","1","1","1","1","1","1","","","1","","1","1","1","1","1","1","","1","1","1","1","1","1","1","1","","","","","","","","1","1","1","","1","1","","1","1","","","1","","","1","1","1","1","","","1","","","1","","1","1","1","1","","1","1","1","1","1","","1","","","1","1","1","1","1","1","","1","1","","1","","1","","1","1","1","","1","","","","","","","","1","1","1","1","1","","","1","","1","1","1","","","","","","1","","","1","1","1","","","1","","","","","","","1","1","1","","","","1","1","","","","","","1","","","","","","","","","","","","","","","","","","","","",""
"FLACRA RRi2","","28 East Main Street","5th Floor","Clifton Springs","NY","14432","","Ontario","315-462-9466","https://www.flacra.org","42.9619735","-77.1341502","SU","1","","","","","","","","","","","","","","","1","","","1","","1","1","1","1","","","","1","","","1","","","","","","","","","","","","","","","","","","1","1","1","","1","1","1","1","1","","1","1","1","1","1","1","1","","","1","","1","1","1","1","1","1","","1","1","1","1","1","1","1","","","","","","","","","1","1","1","","1","1","","1","1","","","1","","","1","1","1","1","","","1","","","1","","1","1","1","1","","1","1","1","1","1","","1","","","1","1","1","1","1","1","","1","1","","1","","1","","1","1","1","","1","","","","","","","","1","","1","1","1","","","1","","1","1","1","","","","","","1","","","1","1","1","","","1","","","","","","","1","1","1","","","","1","1","","","","","","","","","","","","","","","","","","","","","","","","","","",""
"Clifton Springs Hosp Clinic","Addiction Recovery Program","2 Coulter Road","Woodbury Building, 1st Floor","Clifton Springs","NY","14432","1075","Ontario","315-462-1050","https://www.rochesterregional.org","42.9603876","-77.1362924","SU","1","","","","","","","1","1","1","","","","","","1","","","1","","1","1","1","1","","","","","1","","","","","1","","","1","","","","1","","","","","","","","1","1","","","","","","","","","1","1","1","1","1","1","","1","","1","","1","","","","","","","","","","","","","","","1","","","","","","1","1","1","","","","1","","1","1","","","1","","","1","1","1","1","","","","1","","1","","1","1","1","1","","","","","","1","","","","1","","1","1","1","1","","","1","","","1","","1","1","","1","1","","1","","1","1","1","1","1","","1","","1","","","","","1","1","","","","1","","","","1","","","1","1","1","","","","","","","","1","","","","","","1","","","1","1","","","","","","","","","","","","","","","","","","","","","","","","","","",""
"Wayne Substance Abuse Services","Outpatient","1519 Nye Road","Suite 110","Lyons","NY","14489","","Wayne","315-946-5722","https://web.co.wayne.ny.us","43.060548","-77.029924","SU","1","","","","1","","1","1","1","1","","","","","","1","","","1","","1","1","1","1","","","","","1","","","","","1","","","1","","","","","","","","","","1","","1","","","","","","","","","","1","1","1","1","1","1","1","1","1","1","","1","1","1","1","1","1","1","1","1","1","1","1","1","1","1","1","","","","","","1","1","1","1","","1","1","","1","1","","","1","","1","1","","1","1","1","","1","1","","1","","1","1","1","1","1","1","","1","","1","","1","","1","1","1","1","1","1","1","","1","","","1","","1","1","1","1","1","1","1","","1","1","1","1","1","","","1","1","1","1","","","","1","1","1","1","1","","","","1","1","","1","1","1","","","","","","","","1","","","","","1","1","","","1","1","","","","","","1","","","","","","","","","","","","","","","","","","","","","1"
"THRIVE Wellness and Recovery Inc","CCBHC","7550 South State Street","","Lowville","NY","13367","","Lewis","315-376-5958","https://www.thrivenny.com","43.7859634","-75.4914082","SU","1","","","","1","","1","1","1","1","","","","","","1","","","1","","1","1","1","1","","","","","1","","","","","1","","1","1","","","","","","","","","","","","1","1","1","","","","","","","","1","1","1","1","1","1","1","1","1","1","","1","1","1","1","1","1","1","1","1","1","","1","","","1","1","","","","","","1","1","1","1","1","","1","","1","1","","","1","","1","1","","1","1","1","","","1","","1","","1","1","1","1","1","1","","1","1","1","","1","","1","1","1","1","1","1","1","","1","1","1","1","","1","1","1","1","1","","1","","1","1","1","1","","","1","1","1","","","","","1","1","","","","1","","1","1","1","","","","1","","","1","","1","","","","1","","","","","1","1","","1","1","1","","","","","","1","","","","","","","","","","","","","","","","","","","","","1"
"Finger Lakes Area Counseling and","Recovery Agency/FLACRA  Add Clinic OP","310 West Union Street","","Newark","NY","14513","","Wayne","315-331-3862","https://www.flacra.org","43.0460924","-77.1005571","SU","1","1","","","1","1","1","1","1","1","","","","","","1","","","1","","1","1","1","1","","","","","1","","","","1","1","","","1","","","","","","","","","","","","1","","1","","","","","","","","1","1","1","1","1","1","1","1","","1","","1","1","1","1","1","1","1","1","1","1","1","1","1","1","1","1","1","1","1","1","1","","1","1","1","1","","1","","1","1","1","","1","","1","1","","1","1","","","1","1","","1","","1","1","1","1","1","1","1","1","1","1","1","1","1","1","1","1","","1","1","1","1","1","1","","1","","1","1","1","1","1","","1","","1","1","1","1","1","","1","","1","1","1","","","1","1","1","1","1","1","","","","1","1","1","1","1","1","","","1","1","","","","1","","","","","1","","1","1","","1","","","","","","1","","","","","","","","","","","","","","","","","","","","",""
"Allegany Council on Alc/Subst Abuse","Chem Dep Outpatient Clinic","2956 Airway Road","","Wellsville","NY","14895","","Allegany","585-593-6738","https://www.alleganycouncil.org","42.1275526","-77.9703423","SU","1","","","","1","","","1","1","1","","","","","","1","","","1","","1","1","1","1","","","","","1","","","","","1","","","1","","","","","","","","","","","","1","","","","","","","","","","1","1","1","1","1","1","1","1","","","","1","","","","","","","","1","","","1","","","","","","","","","","1","1","1","1","1","","1","","1","1","","","1","","1","1","","1","1","","","1","1","","","","","1","1","1","","","","1","1","1","","1","","","1","1","1","1","1","1","","","1","","1","","1","1","1","1","1","","1","","1","1","1","1","1","","1","1","1","","1","","","1","1","1","","1","1","","","1","1","","1","","1","","","","","1","","","","","","","","","","","","","","1","","","","","","","","","","","","","","","","","","","","","","","","","","","1"
"Farnham Family Services","COP","283 West 2nd Street","","Oswego","NY","13126","","Oswego","315-342-4489","https://www.farnhaminc.org","43.4494546","-76.5082949","SU","1","","","","1","","","1","1","1","","","","","","1","","","1","","1","1","1","1","","","","","1","","","","","1","","","1","","","","","","","","","","","","","","","","","1","","","","","1","1","1","1","1","","1","1","1","","","1","1","","1","1","1","1","1","1","1","","1","1","1","1","1","","","","","","","1","1","1","1","","1","1","1","1","","","1","","1","1","1","1","1","1","","1","","","1","","","1","1","1","1","1","","1","1","1","1","1","","1","1","1","","1","1","1","1","1","1","1","1","","1","1","1","1","1","","1","","1","1","1","1","","","1","","","1","1","","","1","1","1","1","1","1","","","1","1","","1","1","1","1","","","","1","1","1","","1","","","1","1","1","1","1","1","1","1","","","","","","1","","","","","","","","","","","","","","","","","","","","",""
"CASA Trinity Inc","CCCBHC","45 Maple Street","","Dansville","NY","14437","","Livingston","585-335-5052","https://www.casa-trinity.org","42.5656666","-77.7078354","SU","1","","","","1","","1","1","1","1","","","","","","1","","","1","","1","1","1","","1","","","","1","","","","","1","","","1","","","","","","","","","","","","1","1","","","","","","","","","1","1","1","1","1","1","","","","","","1","1","1","1","1","1","1","1","1","1","1","1","1","1","1","","","","","","","","1","1","","","1","1","1","1","1","1","1","1","","1","1","","1","1","","","1","1","","1","","1","1","1","1","1","","","1","1","1","","1","1","1","1","1","","1","1","1","","1","1","","1","","1","1","1","1","1","","1","","1","1","1","1","1","","1","1","","1","","","","1","1","","1","","","","","","","1","1","","1","1","","1","","1","","","","","","","","","1","","","","","","","1","","","","1","","","","","","","","","","","","","","","","","","","","","1"
"Finger Lakes Addictions Counseling and","Recovery Agency/FLACRA OP 3","1386 Hathaway Drive","","Farmington","NY","14425","8973","Ontario","585-396-4190","https://www.flacra.org","42.966431","-77.3507385","SU","1","","","","1","","1","1","1","1","","","","","","1","","","1","","1","1","1","1","","","","","1","","","","","1","","1","1","","","","","","","","","","","","1","","","","","","","","","","1","1","1","1","1","1","","1","","","","1","1","","1","1","1","1","1","1","1","1","1","1","1","1","1","","","","","","","1","1","1","","","1","1","1","1","1","1","1","","1","1","1","1","1","1","","1","1","","1","","1","1","1","1","1","","","","","1","1","1","1","1","1","1","","1","1","1","","1","","","1","","1","1","1","1","1","1","1","","1","1","1","1","1","","1","","","","1","","","1","1","1","","1","1","","","","1","1","1","","1","1","","","","","","","","1","","","","","1","","","1","","1","","","","","","","","","","","","","","","","","","","","","","","","","","",""
"Westfall","Outpatient Clinic","179 Sullys Trail","Suite 200","Pittsford","NY","14534","","Monroe","585-473-1500","https://","43.054961","-77.469764","SU","1","","","","","","1","1","1","1","","","","","","","","","1","","1","1","1","1","","","","","1","","","","","1","","","1","","","","1","","","","","","","","1","","","","1","","","","","","1","1","1","1","1","1","","1","","1","","","","","","","","","","","","","","","","","1","","","","","","","1","1","1","","","1","","1","","","","1","","","1","1","1","1","","","","1","","1","","","1","1","1","1","","","","","","","","","1","","1","","1","1","","","","","","","","","1","1","1","1","","1","","1","1","1","1","1","1","","","","","","","","","1","","1","","1","","","","1","","1","","1","","","","","","","","","1","","","","","","1","","","","1","","","","","","","","","","","","","","","","","","","","","","","","","","",""
"Samaritan Medical Center","Samaritan Behavioral Health Services","1575 Washington Street","","Watertown","NY","13601","","Jefferson","315-779-5060","https://samaritanhealth.com/","43.9509163","-75.9120274","SU","1","","","","1","","1","1","1","1","","","","","","1","","","1","","1","1","1","","1","","","","1","","","","","1","","1","1","","","","1","","","","","","","","1","","1","","1","","","","","","1","1","1","1","1","1","","1","","1","","1","","","","1","","1","","1","1","","","","","","1","","","","","","","1","1","1","1","","1","","1","1","","","1","","1","1","1","1","1","1","","1","1","","1","","","1","1","1","1","","","","1","1","","1","","1","","1","","1","1","","","","1","1","1","","","1","1","1","1","","1","","1","1","1","1","","","1","1","1","1","1","","","1","1","1","1","1","","","","","","","1","","1","","1","","","","","","","1","","","","","","","","","","","","1","","","","","","","","","","","","","","","","","","","","","","","","",""
"North Star Industries","Outpatient Clinic","650 State Street","","Watertown","NY","13601","","Jefferson","315-788-1251","https://www.citizenadvocates.net","43.971676","-75.9004036","SU","1","","","","1","","1","1","1","1","","","","","","1","","","1","","1","1","1","","1","","","1","1","1","","","","1","","","1","","","","","","","","","","","","1","1","","","","","","","","","1","1","1","1","1","1","","1","","1","","1","1","1","1","1","1","1","1","1","1","1","1","1","1","1","1","","","","","","1","1","1","1","1","","1","1","1","1","","","1","","1","","","1","1","1","","1","1","","1","","1","1","1","1","1","1","","","","","","1","1","1","1","1","1","1","1","1","","","","","1","","1","1","1","1","1","","1","","1","1","1","1","1","","1","","1","","","","","1","1","","","","1","","","","1","1","","","1","1","1","1","","","","","","1","","","","","1","","","","1","","","1","","","","1","","","","","","","","","","","","","","","","","","","","",""
"Daxia Integrated Health Network","OCCBHC3/Outpatient Clinic","650 State Street","","Watertown","NY","13601","","Jefferson","315-755-1251","https://www.citizenadvocates.net","43.971676","-75.9004036","SU","1","","","","1","","1","1","1","1","","","","","","1","","","1","","1","1","1","","1","","","1","1","1","","","","1","","","1","","","","","","","","","","","","1","1","","","","","","","","","1","1","1","1","1","1","","1","","1","","1","1","1","1","1","1","1","1","1","1","1","1","1","1","1","1","","","","","","1","1","1","1","1","","1","1","1","1","","","1","","1","1","1","1","1","1","","1","1","","1","","1","1","1","1","1","1","","","","","","1","1","1","1","1","1","1","1","1","","","","","1","","1","1","1","1","1","","1","","1","1","1","1","1","","1","1","1","","","","","1","1","","","","1","","","","1","1","","","1","1","1","1","","","","","","1","","","","","1","","","","1","","","1","","","","1","","","","","","","","","","","","","","","","","","","","","1"
"THRIVE Wellness and Recover Inc","CCCBHC","611 West Main Street","","Watertown","NY","13601","","Jefferson","315-782-1777","https://www.thrivenny.com","43.983265","-75.9172448","SU","1","","","","1","","1","1","1","1","","","","","","1","","","1","","1","1","1","1","","","","","1","","","","","1","","1","1","","","","","","","","","","","","1","1","1","","","1","","","","","1","1","1","1","1","1","1","1","1","1","","1","1","1","1","1","1","1","1","1","1","","1","","","1","1","","","","","","1","1","1","1","1","","1","","1","1","","","1","","1","1","","1","1","1","","","1","","1","","1","1","1","1","1","1","","1","1","1","","1","","1","1","1","1","1","1","1","","1","1","1","1","","1","1","1","1","1","","1","","1","1","1","1","1","","1","1","1","","","","","1","1","","","","1","","1","1","1","","","","1","","","1","","1","","","","1","","","1","1","1","1","","1","1","1","","","","","","1","","","","","","","","","","","","","","","","","","","","","1"
"Unity Hospital of Rochester","Outpatient Clinic 1","2000 Winton Road South","Building 2, 1st Floor","Rochester","NY","14618","","Monroe","585-368-4719","https://www.rochesterregional.org","43.106964","-77.5738384","SU","1","","","","1","","1","1","1","1","","","","","","1","","","1","","1","1","1","1","","","","","1","","","","","1","","","1","","","","1","","","","","","","","1","","","","","","","","","","1","1","1","1","1","1","","1","1","1","","1","","","","","1","","","1","1","","1","","","","1","","","","","","","1","1","1","1","","1","","1","1","1","","1","","1","1","1","1","1","","","1","1","","1","","","1","1","1","","","","","1","1","1","1","","1","","1","","1","1","","1","1","1","1","1","","1","1","1","1","1","","1","","1","","1","1","1","","1","","1","","1","","","1","1","1","","1","1","","","","1","","1","","1","","","","","","","","","1","1","","","","","1","1","1","","1","","","","","","1","","","","","","","","","","","","","","","","","","","","",""
"CASA Trinity Inc","COP2","201 South Union Street","","Olean","NY","14760","","Cattaraugus","716-373-4303","https://www.casa-trinity.org","42.0753752","-78.4294679","SU","1","","","","1","","1","1","1","1","","1","","","","","","","1","","","1","1","1","","","","","1","","","","","1","","","1","","","","","","","","","","","","1","","","","","1","","","","","1","1","","","1","","1","1","","","","","","","","","","","","1","1","","","","","","1","","","","","","","1","1","","","","","","1","1","","","1","","1","1","1","1","1","1","","1","1","","1","","","1","1","1","1","","","","","1","","1","","","1","1","1","1","1","1","","1","","","","","1","1","1","1","","","1","","1","1","1","1","1","","1","","","","","","","","1","","1","","","","","","","","1","","1","","1","","","1","","","","","","","1","1","1","","","","","1","","","","","","","","","","","","","","","","","","","","","","","","","","",""
"Pinny Cooke/Browncroft","Residential Reintegration","50 Browncroft Boulevard","","Rochester","NY","14609","","Monroe","585-288-3310","https://www.easthouse.org","43.1574307","-77.5473206","SU","1","","","","","","","","","","","1","","","","1","","","1","","","1","1","1","","","","1","","","1","","","","","","","","","","","","","","","1","","","1","","","","","","","","","","1","1","","1","1","1","","1","","1","","1","1","","1","1","1","","1","1","","1","1","1","1","1","","","","","","","","1","1","1","","","1","1","1","1","1","","1","","","1","1","1","","","","","","","1","","","1","1","1","","1","","1","1","1","","","","","1","1","1","","1","1","","1","1","","1","","1","","1","1","1","","","","","","","","","","","","","","1","","","1","","1","","1","","","","","","1","","","1","","","1","","1","","","","","","","","","","","","","","1","","","","","","","","","","","","","","","","","","","","","","","","","","",""
"Col C David Merkel MD","Veterans Residential Program","444 Kiwassa Lake Road","","Saranac Lake","NY","12983","","Franklin","518-891-8387","https://www.stjoestreatment.org/","44.3130595","-74.136237","SU","1","","","","1","","1","1","1","1","","1","","1","","","","","1","","1","1","1","1","","","","1","","1","1","","","","","","","","","","","","","","","","","","1","","1","","","1","","","","","1","1","","","1","","1","","","","","1","1","1","1","1","","","","","1","1","1","1","1","","1","","","","","","1","1","1","1","1","1","1","1","1","1","","","1","","","1","1","","1","","","1","1","","1","","1","1","1","1","1","1","1","1","1","1","1","1","","1","1","1","1","1","1","1","1","1","1","1","1","","1","1","1","1","1","","1","","1","1","1","1","1","","1","","","","","","","1","1","","","","","1","1","","","1","","","1","1","1","1","","1","1","1","","1","","","","1","","1","1","1","1","1","","","","","","","","","","","","","","","","","","","","","","","","","","",""
"Saint Josephs ATRC","Inpatient Program","159 Glenwood Drive","Building 1, 1st-3rd Floors","Saranac Lake","NY","12983","","Franklin","518-891-3950","https://www.stjoestreatment.org","44.31423","-74.1382838","SU","1","","","","1","","1","1","1","1","","","","","","1","","","1","","1","1","1","1","","","","1","","1","1","","","","","","","","","","","","","","","","","","1","","1","","","1","","","","","1","1","","1","1","","","","","","","1","","","","1","","","1","1","1","","1","1","1","","1","","","","","","","1","1","1","","","1","1","1","1","","","1","","","1","1","1","1","","","1","1","","1","","1","1","1","1","1","","1","","1","1","1","1","1","1","","1","1","1","1","1","1","1","1","1","1","","1","1","","1","1","","1","","1","1","1","1","1","","1","","","","1","","","1","1","","1","","1","","1","","1","","","","1","1","","","","1","1","1","","1","","","","1","","1","1","1","","1","","","","","","","","","","","","","","","","","","","","","","","","","","",""
"Helio Health Inc","Med Sup Withdrawal Inpatient 1","1850 Brighton Henrietta Townline Road","1st Floor, Suite LL","Rochester","NY","14623","","Monroe","585-287-5622","https://www.helio.health","43.0947636","-77.6276912","SU","","1","","","1","1","1","1","1","1","","","","","","1","","","1","","","1","","1","","","","1","","","","1","","","","","","","","","","","","","","","","","1","","","","","","","","","","1","1","","","1","","1","","","1","","","","","","","","","1","1","1","","1","","","","","1","1","1","1","1","","1","1","","","1","","1","1","","","","1","","","1","1","1","1","","","1","1","","1","","","1","1","1","1","","","","1","1","1","","","","","1","1","","1","","1","1","1","1","1","","","1","1","1","1","","1","","1","1","1","1","1","","1","","1","1","1","","","1","1","1","1","1","1","1","1","1","1","","","1","1","1","","","1","","","","","","1","","","","","1","1","1","","1","","","","","","1","","","","","","","","","","","","","","","","","","","","",""
"Strong Memorial Hospital","OCCBHC","2613 West Henrietta Road","Suites C and D","Rochester","NY","14623","2327","Monroe","585-275-3161","https://www.urmc.rochester.edu/mental-health-wellness/addiction-services","43.0998183","-77.632363","SU","1","","","","1","","1","1","1","1","","","","","","1","","","1","","1","1","1","1","","","","","1","","","","","1","","","1","","","","1","","","","","","","","1","","","","1","","","","","","","1","1","1","1","","","1","","1","1","1","","","","1","","","","1","1","","1","1","1","1","1","","","","","","","1","1","1","1","","1","","1","1","","","1","","","1","1","1","1","","","1","1","","1","","1","1","1","1","1","1","","1","1","1","","1","","1","1","1","1","1","1","1","","1","1","1","1","","1","1","1","1","1","1","1","","1","1","1","1","1","","1","","1","1","","","","","1","","1","","1","","1","1","1","1","1","","1","","","","","1","","1","","1","","","","1","","1","1","1","","1","","","","","","1","","","","","","","","","","","","","","","","","","","","",""
"Strong Memorial Hospital","Strong Recovery Methadone Maintenance","2613 West Henrietta Road","Suite C","Rochester","NY","14623","","Monroe","585-275-3161","https://www.urmc.rochester.edu/conditions-and-treatments/addiction","43.0998183","-77.632363","SU","1","","1","","","","","","","","1","","","","","","","1","1","","1","1","1","","1","","","","1","","","","","1","","","1","","","","1","","","","","","","","1","1","","","1","","","","","","1","1","1","1","1","1","","","","1","1","1","","","","1","","1","","1","1","","","","","1","1","","","","","","","1","1","1","1","","","","1","1","","","1","","","1","1","1","1","","","","1","","1","","1","1","1","1","1","","","1","1","1","1","1","","1","1","1","","1","1","1","","1","1","1","1","","1","1","1","1","1","","","1","","","","","","","1","1","","","","","","","1","1","","1","1","","1","","1","1","1","","1","","1","","","1","","","","1","","","1","1","","1","1","1","","","","1","","","","","","","","","","","","","","","","","","","","","","","","",""
"Sisters of Charity Hospital","Pathways Rochester","435 East Henrietta Road","","Rochester","NY","14620","","Monroe","585-424-6580","https://chsbuffalo.org","43.1129819","-77.6179916","SU","1","","1","","","","","","","","1","","","","","","","1","1","","1","1","","1","","","","","1","","","","","1","","","1","","","","1","","","","","","","","1","","","","1","","","","","","1","1","1","1","1","1","","","","","","","","","","","","","","1","1","","","","","","","","","","","","","1","1","","","","1","","1","","","","1","","","1","1","1","1","","","1","","","1","","","1","1","1","","","","","1","1","1","","","","","1","","1","1","","","1","1","1","","","1","1","","1","1","","","1","","","","","","","1","","","","","","","","1","","","","","","","","","","1","","1","","","","","","","","","","","","1","1","","1","1","1","","1","","","1","","","","","","","","","","","","","","","","","","","","","","","",""
"AYA (Adolescent/Young Adult)","OCCBHC","2613 West Henrietta Road","Suite C and D","Rochester","NY","14623","2327","Monroe","585-276-9221","https://www.urmc.rochester.edu/mental-health-wellness/addiction-services","43.0998636","-77.6332079","SU","1","","","","1","","1","1","1","1","","","","","","","","","1","","1","1","1","1","","","","","1","","","","","1","","","1","","","","1","","","","","","","","1","","","","1","","","","","","1","1","1","1","1","","","1","","1","1","1","","","","","","1","","","","","","","","1","1","","","","","","","1","1","1","1","","1","","1","1","","","1","","1","1","","1","1","","","1","1","","1","","1","1","1","1","1","1","","1","","1","","1","","1","1","1","","1","1","1","","1","1","1","1","","1","1","1","1","1","1","1","","1","1","1","1","1","","1","1","","","","","","","1","","","","1","","1","","1","","1","","1","","1","","","1","","","","1","","","","1","","","","1","","1","","","","","","","","","","","","","","","","","","","","","","","","","","","1"
"Citizen Advocates","Outpatient Behavioral Health Clinic","70 Edgewood Road","","Saranac Lake","NY","12983","","Franklin","518-891-5535","https://www.citizenadvocates.net","44.3246642","-74.1448253","SU","1","","","","1","","1","1","1","1","","","","","","","","","1","","1","1","1","1","","","","","1","","","","","1","","","1","","","","","","","","","","","","1","1","","","","1","","","","","1","1","1","","1","1","1","","","1","","","","","","","","","","","","","","","","","1","","","","","","1","1","1","1","1","","1","","1","1","","","1","","1","1","","1","1","","","1","","","1","","1","1","1","1","","","","","","","","1","","1","1","1","","1","1","1","","","","","1","","1","1","1","1","1","","1","","1","1","1","1","1","","1","1","","","","","","1","1","","","","1","","","","1","","","1","1","","","","","","","","","1","","","1","1","1","1","","","1","1","","","","","","1","","","","","","","","","","","","","","","","","","","","","1"
"John L Norris ATC IP","Addiction Treatment Center","1732 South Avenue","","Rochester","NY","14620","3005","Monroe","585-461-0410 x240","https://oasas.ny.gov/location/john-l-norris-addiction-treatment-center","43.121625","-77.6145893","SU","1","","","","1","","1","1","1","1","","","","","","1","","","1","","","1","1","1","","","","1","","1","","","","","","","","","","","","","","","","1","","","1","","","","","1","","","","","1","1","","1","1","1","","1","1","1","1","1","","","","","","","","1","1","","1","","","","1","","","","","","1","1","1","","","1","1","1","1","1","","","1","","","1","1","1","1","","","1","1","1","1","","1","1","1","1","1","1","","","1","1","1","1","","1","","1","1","1","1","1","1","1","1","1","1","","1","1","1","1","1","","1","","1","1","1","1","1","","","","1","1","","","","1","1","","1","","1","1","1","","1","","","1","1","1","","","","","1","1","","1","","","","","","1","1","1","1","1","","","","","","1","","","","","","","","","","","","","","","","","","","","",""
"Cattaraugus County Community Services","Outpatient Clinic","1 Leo Moss Drive","Suite 4308","Olean","NY","14760","","Cattaraugus","716-373-8040","https://www.cattco.gov/community-services","42.0863823","-78.4499968","SU","1","","","","","","1","1","1","1","","","","","","1","","","1","","1","1","","1","","","","","1","","","","","","","","1","","","","","","","","","","1","","1","1","","","","","","","","","1","1","1","1","1","1","","1","1","1","","1","","","","1","1","","","1","1","","1","1","1","1","1","","","","","","","1","1","","","","1","","1","1","","","1","","","1","1","1","1","","","1","1","","","","1","1","1","1","1","","","","1","1","","1","","1","","1","","1","1","1","","","1","","","","1","1","1","1","1","","1","","","","","1","","","","1","","1","","","","","1","1","1","1","1","","","","1","","1","1","1","1","","","","","","","","1","","","","","","","","","1","1","","","","","","","","","","","","","","","","","","","","","","","","","","","1"
"Saint Josephs ATRC","Saranac Lake Comprehensive Outpatient","50 John Munn Road","","Saranac Lake","NY","12983","1109","Franklin","518-891-5353","https://www.stjoestreatment.org","44.3332992","-74.1449895","SU","1","","","","1","","1","1","1","1","","","","","","1","","","1","","1","1","1","1","","","","","1","","","","","1","","","1","","","","","","","","","","","","1","","","","","1","","","","","1","1","","1","1","","1","1","1","1","","1","","","","","","","","1","1","","1","","","","1","","","","","","1","1","1","1","1","","1","1","1","1","1","","1","","1","1","","1","1","1","","1","1","","1","","1","1","1","1","1","1","1","1","1","1","","1","","","1","1","","1","1","1","","1","1","","","","1","1","1","1","1","","1","","1","1","1","1","1","","1","1","1","1","1","","","1","1","1","1","1","1","","1","1","1","","1","","1","1","1","","","1","","","","1","","","","","1","1","","","1","1","","","","","","","","","","","","","","","","","","","","","","","","","","",""
"Discovery COP","","360 East Avenue","1st and 2nd Floor","Rochester","NY","14604","","Monroe","585-208-9961","https://hutherdoyle.com","43.1554928","-77.5946602","SU","1","1","","","1","1","1","1","1","1","","","","","","","","","1","","1","1","1","1","","","","","1","","","","1","1","","","1","","","","","","","","","","","","1","","","","","","","","","","1","1","1","1","1","","1","","","1","1","1","","","","1","","","","1","1","","","","","","","1","","","","1","1","1","1","","","","1","1","1","1","","","1","","","1","1","1","1","","","1","1","","1","","","1","1","1","","","","","","","","1","","","","1","","","1","","","1","","","1","","","1","1","1","1","","1","","1","1","1","1","1","","1","","","","","","","1","1","1","","1","","","","","","","1","","1","","","","1","","","","","","","","1","1","1","1","","","","1","","","","","","1","","","","","","","","","","","","","","","","","","","","",""
"Helio Health","Rochester OP COP","150 Mount Hope Avenue","1st and 2nd Floors","Rochester","NY","14620","","Monroe","585-287-5626","https://www.helio.health","43.1462172","-77.6085935","SU","1","","","","1","","","1","1","1","","","","","","1","","","1","","1","1","","1","","","","","1","","","","","1","","","1","","","","","","","","","","","","1","","","","","1","","","","","1","1","1","1","1","","1","","","1","1","1","","","","","","","","1","1","","","","","","1","","","","","","","1","1","","","","1","","1","1","1","","1","","","1","1","1","1","","","1","1","","1","","","1","1","1","1","","","","1","","","","","","1","1","","","1","","","","1","1","","","","1","1","1","1","1","1","","1","1","1","1","1","","1","","1","1","1","","","1","1","1","1","1","1","","","1","1","","1","","1","","","","","","","","","1","","","1","1","","1","","1","","1","","","","","1","1","","","","","1","","","","","","","","","","","","","","","",""
"Action for a Better Community","New Directions CD Outpatient Clinic","33 Chestnut Street","","Rochester","NY","14604","","Monroe","585-262-4330 x3203","https://www.abcinfo.org","43.1564473","-77.602997","SU","1","","","","1","","1","1","1","1","","","","","","1","","","1","","1","1","1","1","","","","","1","","","","","1","","","1","","","","","","","","","","","","1","","","","","","","","","","1","1","1","1","1","","","1","1","","","1","","","","1","1","","","1","1","1","1","1","1","1","1","","","","","","","1","1","1","1","1","1","1","1","1","","","1","","1","1","1","1","1","1","","1","","","1","","","1","1","1","1","1","1","1","1","1","1","1","","1","1","1","1","1","1","1","","1","1","1","1","","1","1","1","1","1","","1","","1","1","1","1","1","","1","","1","1","1","","","1","1","1","1","1","","","","","","1","","","1","1","1","1","","1","","","","1","","","","","","1","1","1","1","1","","","","","","1","","","","","","","","","","","","","","","","","","","","",""
"Cody","Residential Reintegration","407 Frederick Douglass Street","","Rochester","NY","14608","2467","Monroe","585-546-4670","https://www.easthouse.org","43.1471704","-77.6158369","SU","1","","","","","","","","","","","1","","","","1","","","1","","","1","1","1","","","","1","","","1","","","","","","","","","","","","","","","1","","","1","","","","","","","","","","1","1","","1","1","1","","1","","1","","1","1","","1","1","1","","","","1","1","1","1","1","1","","","","","","","","1","1","1","","","1","1","1","1","1","","1","","","1","1","","1","","","","","","1","","","1","1","1","","1","","1","1","1","","","","","1","1","1","","1","1","","1","1","","1","","1","","1","1","1","","","","","","","","","","","","","","1","","","1","","1","","1","","","","","","1","","","1","","","1","","1","","","","","","","","","","","","","","1","","","","","","","","","","","","","","","","","","","","","","","","","","",""
"YWCA of Rochester and Monroe County","RRi","175 North Clinton Avenue","","Rochester","NY","14604","","Monroe","585-368-2225","https://www.ywcarochester.org/","43.1608078","-77.6082666","SU","1","","","","","","","","","","","","","","","1","","","","","","1","","","1","","","1","","","1","","","","","","","","","","","","","","","","","","1","","","","","","","","","","1","1","1","1","1","","1","","","","","","","","","","","","1","1","","","1","","","","","","","","","","","1","1","","","","","","","","","","1","1","","1","1","1","","","","","","","","","","1","1","1","","","","","1","1","","1","","","","1","","1","1","","","","1","","","","1","","","1","1","","","","","","","","","1","","","","","1","","","1","","1","","1","","","","","","","","","1","","","","","","","","","","","","","","1","","","","","","","1","","","","","","","","","","","","","","","","","","","","","","","","",""
"Out of the Darkness Inc","RRi","169 Saint Bridgets Drive","","Rochester","NY","14605","","Monroe","585-232-3777","https://www.outofthedarknessroc.org","43.1664276","-77.6117915","SU","1","","","","","","","","","","","","","","","1","","","1","","","1","1","","1","","","1","","","1","","","","","","","","","","","","","","","","","","1","","","","","","","","","","1","1","1","","1","","","1","","","1","","","","","1","1","","","1","","","1","1","1","","","","","","","","","1","1","","","","","1","1","1","1","","1","","","1","1","1","","","","1","","","1","","","1","1","1","","","","1","","","","","","","1","1","","","1","1","","","","","","","1","","","1","1","","","","","","","","","","1","","","","1","","","1","","1","","1","","","","","","","","","1","1","","1","","1","","","","","","","","","","","","","","1","","","","","","","","","","","","","","","","","","","","","","","","","","",""
"Baden Street Settlement","Counseling and Support Center","585 Joseph Avenue","1st and 2nd Floors","Rochester","NY","14605","","Monroe","585-325-4910 x1200","https://www.badenstreet.org","43.1749598","-77.6079208","SU","1","","","","1","","","1","1","1","","","","","","1","","","1","","1","1","","1","","","","","1","","","","","1","","","1","","","","","","","","","","","","1","","","","","","","","","","1","1","","","","","","1","","","1","","","","","","","","","1","1","","","","","","1","","","","","","","1","1","","","","1","1","1","1","1","","1","","","1","1","1","1","","","1","1","","1","","","1","1","1","1","","","1","1","1","","","","1","1","1","","1","1","1","","1","1","","1","","1","1","1","1","1","","1","","1","1","1","1","1","","1","","","1","","","","1","1","1","1","1","1","","","","1","","","","1","1","","","","1","","","","1","","","","","","","","","","1","","","","","","","","","","","","","","","","","","","","","","","","","","",""
"Rochester General Hospital","Addiction Services","1381 East Ridge Road","Suite 5","Rochester","NY","14621","","Monroe","585-368-6900","https://www.rochesterregional.org","43.1979943","-77.5801546","SU","1","","","","1","","1","1","1","1","","","","","","1","","","1","","1","1","1","1","","","","","1","","","","","1","","","1","","","","1","","","","","","","","1","","","","","","","","","","1","1","1","1","1","1","","1","1","1","","1","","","","","","","","1","","","","","","","1","","","","","","","1","1","1","1","","1","","1","","","","1","","1","1","1","1","1","","","1","1","","1","","","1","1","1","","","","","1","1","1","1","","","","1","","1","1","1","1","1","1","1","1","","1","1","1","1","1","","1","","1","1","1","1","1","","1","","","","1","","","1","1","1","","1","1","","","","1","","1","","1","","1","","","","","","","1","1","","","","","1","1","1","","1","","","","","","","","","","","","","","","","","","","","","","","","","","",""
"Unity Hospital of Rochester","Outpatient Clinic 2","81 Lake Avenue","2nd Floor","Rochester","NY","14608","","Monroe","585-368-6900","https://www.Rochesterregional.org","43.1657887","-77.6250561","SU","1","","","","1","","1","1","1","1","","","","","","1","","","1","","1","1","1","1","","","","","1","","","","","1","","","1","","","","1","","","","","","","","1","","","","","","","","","","1","1","1","1","1","1","","1","1","1","","","","","","1","1","","","1","1","","","","","1","1","","","","","","","1","1","1","1","","1","","1","1","1","","1","","1","1","1","1","1","","","1","1","","1","","","1","1","1","","","","","1","1","1","1","","","","1","","1","1","1","1","1","1","1","","","1","1","1","1","1","","1","","1","1","1","1","1","","1","","1","","1","","","1","1","1","","1","1","","","","1","","1","","1","","1","","","","","","","1","","","","","","1","1","1","","1","","","","","","","","","","","","","","","","","","","","","","","","","","",""
"Delphi Rise","Chemical Dependency Outpatient","72 Hinchey Road","","Rochester","NY","14624","","Monroe","585-467-2230 x428","https://","43.1393804","-77.6725078","SU","1","","","","","","1","1","1","1","","","","","","","","","1","","1","1","1","1","","","","","1","","","","","1","","","1","","","","","","","","","","","","1","","","","","","","","","","1","1","","1","1","","1","","","1","","","","","","","","","","1","","","","","","","1","","","","","","","1","1","1","","1","","","1","1","","","1","","1","1","1","1","1","","","1","1","","1","","1","1","1","1","1","1","","1","1","1","1","1","","1","1","1","","1","1","1","1","1","1","","1","","1","1","1","1","1","","1","","1","1","1","1","1","","1","","","","","","","","1","1","","1","","","","","","","1","","1","1","","","","","","","","1","","","","1","1","1","1","1","","1","","","","","","","","","","","","","","","","","","","","","","","","","","",""
"Living Hope","Med Sup Withdrawal Inpatient","3300 Dewey Avenue","","Rochester","NY","14616","","Monroe","585-865-1550","https://villaofhope.org/","43.2296175","-77.6451334","SU","1","1","","","1","1","1","1","1","1","","","","","","1","","","1","","1","1","1","1","","","","1","","","","1","","","","","","","","","","","","","","","","","1","","","","","","","1","","","1","1","1","1","1","1","1","","","1","","","","","","","","1","","","","","","","","1","1","1","1","1","1","1","","1","1","","","1","1","","1","1","","","1","","1","1","1","1","1","","","1","","","1","","","1","1","1","1","","","","1","1","1","","","","1","1","1","","1","1","1","","1","1","1","","1","1","1","1","1","","1","","1","1","1","1","1","","1","","1","1","1","","","1","1","1","1","1","1","","","","1","","","1","1","1","","","1","","","","","1","","","","1","","1","1","1","","1","","","","","","","","","","","","","","","","","","","","","","","","","","",""
"Villa of Hope","Inpatient","3300 Dewey Avenue","","Rochester","NY","14616","","Monroe","585-865-1550","https://villaofhope.org/","43.2296313","-77.6451545","SU","1","","","","1","","1","1","1","1","","","","","","1","","","1","","1","1","1","1","","","","1","","1","","","","","","","","","","","","","","","","","","","1","","","","","","","1","","","1","1","1","1","1","1","1","","","1","","","","","","","","","","","","","","","","1","1","","","","","","","1","1","","","1","1","","1","1","","","1","","","1","1","1","1","","","1","","","1","","","1","1","1","1","","","","1","1","1","","","","1","1","1","","1","1","1","","1","1","1","","1","1","1","1","1","","1","","1","1","1","1","1","","1","","1","1","1","","","1","1","1","1","1","1","","","","1","","","1","1","1","","","","","","","","1","","","","1","","1","1","1","","1","","","","","","","","","","","","","","","","","","","","","","","","","","",""
"New LIFE House","Life Residence","3300 Dewey Avenue","","Rochester","NY","14616","","Monroe","585-865-1550","https://villaofhope.org/","43.2296278","-77.645159","SU","1","","","","","","","","","","","1","","","","1","","","","","","1","","1","","","","1","","","1","","","","","","","","","","","","","","","","","","1","","","","","","","1","","","1","1","1","1","1","","1","","","1","","","","","","","","","","","1","","","","","","","","","","","","","1","1","","","","","","1","1","","","1","","","1","1","","1","","","","","","1","","","","1","1","","","","1","1","1","","","","","","1","1","","","1","","1","1","","1","","1","","1","","1","","1","","","","","","","","1","","1","1","1","","","1","","1","1","1","","","","","","","","","1","","","","","1","","","","","","","","","","","","","","1","","","","","","","","","","","","","","","","","","","","","","","","","","",""
"Unity Hospital of Rochester","Outpatient Clinic","1565 Long Pond Road","","Rochester","NY","14626","4122","Monroe","585-723-7723","https://www.rochesterregional.org","43.1898147","-77.704697","SU","1","1","","","1","","1","1","1","1","","","","","","1","","","1","","1","1","1","1","","","","","1","","","","1","1","","","1","","","","1","","","","","","","","1","","","","","","","","","","1","1","1","","1","1","","1","1","1","1","1","","","","","1","1","","1","1","","1","","","","1","1","","","","","","1","1","1","1","","1","","1","1","1","","1","","1","1","1","1","1","","","1","1","","1","","","1","1","1","","","","","1","1","1","1","","1","","1","1","1","1","","1","1","1","1","1","","1","1","1","1","1","","1","","1","","1","1","1","","1","","1","","1","","","1","1","1","","1","","","","","","","1","","1","","","","1","","","","","1","1","","","","","","1","1","","1","","","","","","1","","","","","","","","","","","","","","","","","","","","",""
"Substance Use Disorder Outpt Services","Gouverneur Hospital","77 West Barney Street","","Gouverneur","NY","13642","","Saint Lawrence","315-261-6333","https://www.rochesterregional.org","44.3375387","-75.4745011","SU","1","","","","1","","1","1","1","1","","","","","","","","","1","","1","1","1","1","","","","","1","","","","","1","","","1","","","","1","","","","","","","","1","","1","","","","","","","","1","1","1","1","1","1","","1","1","1","","1","","","","","","","","","","","1","","","","1","","","","","","1","1","1","1","1","","1","","1","1","","","1","","1","1","","1","1","1","","1","1","","","","","1","1","1","1","","","","","","","1","1","","","1","","1","1","","","1","","","","","1","1","1","1","1","","1","","1","1","1","1","1","","1","","","","","","","","1","","","","1","","","","1","","1","","1","","1","","","","","","","1","","","","","","","","","","1","","","","","","","","","","","","","","","","","","","","","","","","","","",""
"Saint Josephs ATRC","Keeseville Outpatient Clinic","1703 Front Street","1st Floor","Keeseville","NY","12944","3619","Clinton","518-834-5550","https://www.stjoestreatment.org","44.5037881","-73.4808905","SU","1","","","","1","","1","1","1","1","","","","","","1","","","1","","1","1","1","1","","","","","1","","","","","1","","","1","","","","","","","","","","","","1","","","","","1","","","","","1","1","","1","1","","1","1","1","1","","1","","","","","","","","1","1","","1","","","","1","","","","","","1","1","1","1","1","","1","1","1","1","1","","1","","1","1","","1","1","1","","1","1","","1","","1","1","1","1","1","1","1","1","1","1","","1","","","1","1","","1","1","1","","1","1","","","","1","1","1","1","1","","1","","1","1","1","1","1","","1","1","1","1","1","","","1","1","1","1","1","1","","1","1","1","","1","","1","1","1","","","1","","","","1","","","","","1","1","","","1","1","","","","","","","","","","","","","","","","","","","","","","","","","","",""
"Seneca Nation Health System","Behavioral Health Unit","987 RC Hoag Drive","","Salamanca","NY","14779","","Cattaraugus","716-945-5894","https://www.senecahealth.org","42.157541","-78.754766","SU","1","","","","1","","1","1","1","1","","","","","","1","","","1","","1","1","1","","1","","","","1","","","","","1","","","1","","","","","","","1","","","","","","","","","","","","","","","","1","1","1","1","1","1","","1","","","","","","","","","","","","","","","","","","1","","","","","","1","1","1","1","1","1","1","","1","1","","","1","","1","1","","1","1","","","1","1","","1","","1","1","1","1","1","1","","1","1","1","1","","1","1","1","1","1","1","1","1","1","1","1","1","1","","1","1","1","1","1","","1","","1","1","1","1","1","","","1","1","1","","","","1","1","","1","","1","1","1","","1","","","1","1","","1","","","1","1","1","","1","","","","","1","1","1","1","1","","","1","","","","1","","","","","","","","","","","","","","","","","","","","","1"
"UConnectCare Inc","COP","430 East Main Street","","Batavia","NY","14020","","Genesee","585-343-1124","https://uconnectcare.org/","42.9954814","-78.17314","SU","1","","","","1","","1","1","1","1","","","","","","1","","","1","","1","1","1","","1","","","","1","","","","","1","","","1","","","","","","","","","","","","1","","1","","","1","","","","","1","1","1","1","1","","1","","","","","1","1","1","1","1","1","1","1","1","1","","1","1","1","1","1","","","","","","1","1","1","1","","","1","1","1","1","1","","1","","1","1","","1","1","1","","1","1","","1","1","1","1","1","1","1","","","","1","1","1","1","1","1","1","1","1","1","1","1","1","1","1","1","1","","1","1","1","1","1","1","1","","1","1","1","1","1","","1","","1","","1","","","","1","1","","1","1","","","","1","","1","","1","1","1","1","","","","","","1","","","1","1","1","1","1","1","1","","","1","","","","","","","","","","","","","","","","","","","","","","","","",""
"Horizon Health Services Inc","Batavia Recovery Center","314 Ellicott Street","","Batavia","NY","14020","","Genesee","585-815-0247","https://www.horizon-health.org","42.9918755","-78.1797332","SU","1","","","","1","","1","1","1","1","","","","","","1","","","1","","1","1","1","1","","","","","1","","","","","1","","1","1","","","","","","","","","","","","1","","","","","","","","","","1","1","1","","1","1","1","","","1","","1","1","1","1","1","1","1","1","1","1","1","1","1","1","1","1","","","","","","","1","1","1","1","1","1","","1","1","","","1","","1","1","1","1","1","","","1","1","","1","","1","1","1","1","1","","","1","1","1","","","","1","","1","1","1","1","","","1","1","1","1","","","1","","1","1","","1","","1","1","1","1","1","","1","1","","","1","","","","1","1","","1","1","","","1","1","","1","","1","","1","","","","","1","","1","","","","","","","1","1","","1","","","","","","1","","","","","","","","","","","","","","","","","","","","",""
"Champlain Valley Family Center","Recovery Campus","516 Norrisville Road","","Schuyler Falls","NY","12985","","Clinton","518-643-0148","https://cvfamilycenter.org","44.6228855","-73.6059087","SU","1","1","","","1","","","1","1","1","","","","","","1","","","1","","","1","1","1","","","","1","","1","1","1","","","","","","","","","","","","","","","","","1","","","","","","","","","","1","1","","1","1","","1","","","","","","1","1","1","1","","","","1","1","1","1","1","1","","1","","","1","1","1","","1","1","1","","1","1","","1","1","","","1","","","1","1","1","1","","","1","1","","1","","1","1","1","1","1","","1","1","1","1","","1","","1","","1","1","1","1","1","","1","1","1","1","","1","1","1","1","1","1","1","","1","1","1","1","1","","1","","1","1","","","","1","1","","1","","1","1","1","1","1","","","","1","","1","","1","1","","","","1","1","","","","1","1","","","","1","","","","","","","","","","","","","","","","","","","","","","","","","","",""
"Spectrum Health and Human Services","Springville Counseling Center","27 Franklin Street","","Springville","NY","14141","1314","Erie","716-592-9301","https://shswny.org","42.509681","-78.6640054","SU","1","","","","1","","1","1","1","1","","","","","","1","","","1","","1","1","1","1","","","","","1","","","","","1","","","1","","","","","","","","","","","","1","1","","","","","","","","","1","1","1","1","1","1","1","1","","1","","1","","","","","","","","","","","","","","","1","","","","","","","1","1","","","","1","1","1","1","1","","1","","1","1","1","1","1","","","","1","","1","","1","1","1","1","1","","","1","1","1","1","1","1","1","1","1","","1","1","1","","1","1","","1","","1","1","1","1","1","","1","","1","1","1","1","1","","1","1","1","","1","","","1","1","1","","1","1","","","","1","","1","1","1","","","1","","1","","","","1","","","","","","","1","1","","1","","","","","","","","","","","","","","","","","","","","","","","","","","","1"
"Clinton Cnty Community Services Board","Clinton Cty MH and Addiction","130 Arizona Avenue","Suite 1500","Plattsburgh","NY","12903","","Clinton","518-565-4060","https://www.clintoncountygov.com/mental_health_addiction_services","44.6612032","-73.4591908","SU","1","","","","1","","","1","1","1","","","","","","1","","","1","","1","1","1","1","","","","","1","","","","","1","","","1","","","","","","","","","","1","","1","1","","","","","","","","","1","1","1","1","1","1","","","","1","","","","","","","","","","","","","","","","","","","","","","","","1","1","1","","","1","","1","1","","","1","","1","1","","1","1","1","","1","1","","","","1","1","1","1","1","","","","","","","1","","1","1","1","","1","1","","","","","","","","","","","1","1","","1","","1","1","1","1","","","","1","","1","","","","","1","","1","","1","","","","1","","1","","1","","","","","","","","","1","","","","","","","","","","1","","","","","","","","","","","","","","","","","","","","","","","","","","","1"
"Saint Lawrence Cty Add Servs","Canton/COPS Addiction Services","80 State Highway 310","2nd Floor","Canton","NY","13617","","Saint Lawrence","315-386-2169","https://www.stlawco.gov/Departments/CommunityServices/AddictionServices","44.6017824","-75.1492624","SU","1","","","","1","","1","1","1","1","","","","","","1","","","1","","1","1","1","1","","","","","1","","","","","1","","","1","","","","","","","","","","1","","1","","","","","1","","","","","1","1","1","1","1","1","1","1","","1","","1","1","","","1","","","","1","1","","","","","","1","","","","","","1","1","1","1","","","1","","1","1","1","","1","","1","1","","1","1","1","","","1","","1","","","1","1","1","1","1","","","1","1","1","1","1","","","1","1","1","1","1","","1","1","","1","","1","1","1","1","1","","1","","1","1","1","1","1","","","1","","","1","","","1","1","1","","1","1","","1","","1","","1","1","1","","1","","","","","","","1","","","1","1","1","1","1","1","","1","","","","","","","","","","","","","","","","","","","","","","","","","","","1"
"Conifer Park Inc","COP 2","80 Sharron Avenue","Unit 1","Plattsburgh","NY","12901","","Clinton","518-274-5143","https://www.ConiferPark.com","44.6796763","-73.4521295","SU","1","","","","1","","1","1","1","1","","","","","","","","","1","","1","1","1","1","","","","","1","","","","","1","","","1","","","","","","","","","","","","","","","","1","","","","","","1","1","1","1","1","","","","","","","1","1","1","1","1","1","1","1","1","1","1","1","1","1","1","1","","","","","","1","1","1","","","","1","1","1","1","1","","1","","1","1","","1","1","","","1","1","","1","","","1","1","1","1","","","","1","1","1","","","","1","1","1","","1","1","1","1","1","1","","","1","1","1","1","1","","1","","1","1","","1","1","1","","","","","","","","","1","1","","1","1","","1","1","1","","1","","1","1","","","","","","","","1","","","1","1","","1","1","1","","1","","","","","","","","","","","","","","","","","","","","","","","","","","",""
"Champlain Valley Family Center","Drug Treatment Youth Servs Inc/Outpt","20 Ampersand Drive","","Plattsburgh","NY","12901","","Clinton","518-561-8480","https://www.cvfamilycenter.org","44.6888283","-73.4845141","SU","1","","","","1","","1","1","1","1","","","","","","","","","1","","1","1","1","1","","","","","1","","","","","1","","","1","","","","","","","","","","","","1","1","","","","","","","","","1","1","","1","1","","1","1","","1","","1","","","","1","","1","","1","1","","1","","","","1","","","","","","","1","1","1","","","1","","1","1","","","1","","1","1","","1","1","","","1","1","","1","","1","1","1","1","1","","","1","1","1","","1","","1","1","1","","1","1","1","","1","1","1","1","","1","1","1","1","1","","1","","1","1","1","1","1","","1","1","","","","","","","1","","","","1","","","","1","1","1","","1","","1","","","","","","","1","","","","","1","","1","1","","1","","","","","","1","","","","","","","","","","","","","","","","","","","","",""
"UConnectCare Inc","COP2","249 East Avenue","Basement, 1st Floor","Albion","NY","14411","","Orleans","585-589-0055","https://www.uconnectcare.org","43.2414876","-78.1869772","SU","1","","","","1","","","1","1","","","","","","","","","","1","","1","1","1","","1","","","","1","","","","","1","","","1","","","","","","","","","","","","1","","","","","1","","","","","1","1","1","1","1","","1","","","1","","1","","","","","","1","","1","1","","","","","","","","","","","","1","1","1","","","","1","","1","","","","1","","1","1","1","1","1","1","","1","1","","1","","","1","1","1","1","","","","","","","","","","1","1","","","1","","","","","","1","","1","","1","1","1","1","1","","1","1","1","1","1","","1","","","","","","","","1","","","","","","","","","","","","1","1","","","","","","","","","","","1","1","","1","","","","","","1","","","","","","","","","","","","","","","","","","","","","","","","",""
"Canton Potsdam Hospital","Substance Use Disorder Outpt Clinic","12 Elm Street","","Potsdam","NY","13676","","Saint Lawrence","315-353-2572","https://www.rochesterregional.org","44.6701742","-74.9852296","SU","1","","","","1","","1","1","1","1","","","","","","","","","1","","1","1","1","","1","","","","1","","","","","1","","","1","","","","1","","","","","1","","","","","","","","","","","","","1","1","1","1","1","1","","","","1","","","","","","","","","","","","","","","","","1","","","","","","","1","","1","","","1","","1","1","1","","1","","1","1","1","1","1","1","","1","","","","","","1","1","1","","","","","1","1","1","1","1","1","1","1","","","1","1","1","1","1","","1","","1","1","1","1","1","","1","","1","1","1","1","1","","","","","","","","","","1","1","","1","1","","1","","1","","1","1","1","","","","","","","","","1","","","","","","1","1","1","1","","","1","","","","","","","","","","","","","","","","","","","","","","","","",""
"Horizon Health Services","Orchard Park Family Recovery Ctr OP 1","200 Sterling Drive","Suite 300","Orchard Park","NY","14127","","Erie","716-662-6802","https://www.horizon-health.org","42.789809","-78.7673974","SU","1","","","","1","","1","1","1","1","","","","","","1","","","1","","1","1","1","1","","","","","1","","","","","1","","","1","","","","","","","","","","","","1","1","","","","","","","","","1","1","1","","1","1","1","","","1","","1","1","1","1","1","1","1","1","1","1","1","1","1","1","1","1","","","","","","","1","1","1","1","1","1","","1","1","","","1","","1","1","1","1","1","","","1","1","","1","","1","1","1","1","1","","","1","1","1","","","","1","","1","1","1","1","","","1","1","1","1","","","1","","1","1","","1","","1","1","1","1","1","","1","1","","","1","","","","1","1","","1","1","","","1","1","","1","","1","","1","","","","","1","","1","","","","","","","1","1","","1","","","","","","1","","","","","","","","","","","","","","","","","","","","","1"
"Citizen Advocates","Behavioral Health Urgent Care","1003 Park Street","","Ogdensburg","NY","13669","3911","Saint Lawrence","315-713-9090","https://www.citizenadvocates.net","44.6946045","-75.4744025","SU","1","","","","1","","1","1","1","1","","","","","","","","","1","","1","1","1","","1","","","","1","","","","","1","","","1","","","","","","","","","","","","1","1","","","","","","","","","1","1","1","1","1","1","1","","","1","","1","1","1","1","1","1","1","1","1","1","1","1","1","1","1","1","","","","","","1","1","1","1","1","","1","","1","1","","","1","","","","","1","1","","","1","1","","1","","1","1","1","1","1","1","","","","1","","","","1","1","1","","1","1","1","","1","","","1","","1","1","1","1","1","","1","","1","1","1","1","1","","1","","","","","","","1","1","1","","1","1","","","","1","1","1","1","1","1","1","","","","","","","1","","","","","","","","","1","","","1","","","","","","","","","","","","","","","","","","","","","","","","",""
"Saint Lawrence County Comm Servs Board","Saint Lawrence Addiction Services","206 Ford Street","","Ogdensburg","NY","13669","","Saint Lawrence","315-386-2189","https://www.stlawco.gov/Departments/CommunityServices/AddictionServices","44.6974819","-75.4937346","SU","1","","","","1","","1","1","1","1","","","","","","1","","","1","","1","1","1","1","","","","","1","","","","","1","","","1","","","","","","","","","","1","","1","","","","","","","","","","1","1","1","1","1","1","1","1","","1","","1","1","","","1","","","","1","1","","","","","","1","","","","","","1","1","1","1","","","1","","1","1","1","","1","","1","1","","1","1","1","","","1","","1","","","1","1","1","1","1","","","1","1","1","1","1","","","1","1","1","1","1","","1","1","","1","","1","1","1","1","1","","1","","1","1","1","1","1","","","1","","","1","","","1","1","1","","1","1","","1","","1","","1","1","1","","1","","","","","","","1","","","","","1","1","1","1","","1","","","","","","","","","","","","","","","","","","","","","","","","","","","1"
"Saint Josephs ATRC","Malone Outpatient Clinic","1 Harison Place","","Malone","NY","12953","","Franklin","518-483-6566","https://www.stjoestreatment.org","44.8486413","-74.2939182","SU","1","","","","1","","1","1","1","1","","","","","","1","","","1","","1","1","1","1","","","","","1","","","","","1","","","1","","","","","","","","","","","","1","","","","","1","","","","","1","1","","1","1","","1","1","1","1","","1","","","","","","","","1","1","","1","","1","","1","","","","","","1","1","1","1","1","","1","1","1","1","1","","1","","1","1","","1","1","1","","1","1","","1","","1","1","1","1","1","1","1","1","1","1","","1","","","1","1","","1","1","1","","1","1","","","","1","1","1","1","1","","1","","1","1","1","1","1","","1","1","1","1","1","","","1","1","1","1","1","1","","1","1","1","","1","","1","1","1","","","1","","","","1","","","","","1","1","","","1","1","","","","","","","","","","","","","","","","","","","","","","","","","","",""
"Saint Lawrence Addiction Treatment Ctr","CD Inpatient Rehab Program","1 Chimney Point Drive","Hamilton Hall","Ogdensburg","NY","13669","","Saint Lawrence","315-393-1180","https://","44.7166979","-75.4505159","SU","1","","","","1","","1","1","1","1","","","","","","1","","","1","","1","1","1","1","","","","1","","1","","","","","","","","","","","","","","","","1","","","1","","","","","1","","","","","1","1","","1","1","","1","1","1","","","","","","","","","","","1","1","","1","","","","1","","","","","","1","1","1","1","1","1","1","","1","1","","","1","","","1","1","1","1","","","1","1","","1","","1","1","1","1","1","","1","","1","1","1","1","","1","1","1","1","1","1","1","1","1","1","1","1","","","1","1","1","1","","1","","1","1","1","1","1","","","","","1","","","","","1","","","","1","1","1","","1","","","1","1","1","","","","","1","","","1","1","","","","","1","1","1","","1","","","","","","","","","","","","","","","","","","","","","","","","","","",""
"Turning Point House","Residential Rehabilitation","9136 Sandrock Road","","Eden","NY","14057","","Erie","716-575-4334","https://cazenoviarecovery.org","42.6365849","-78.903543","SU","1","","","","1","","","1","1","1","","","","","","1","","","1","","1","1","1","1","","","","1","","","1","","","","","","","","","","","","","","","","","","1","","","","","","","","","","1","1","","","1","","1","","","1","","1","1","","1","1","1","","","","1","1","1","1","1","","1","","","","","","","1","1","","","1","1","1","1","1","1","","1","","","1","1","","1","","","","1","","1","","1","1","1","1","","","","1","1","1","1","","","1","","1","1","1","1","1","1","","1","1","1","","1","1","","1","1","","1","","1","1","1","1","1","","1","","1","1","1","","","","1","1","1","1","1","","","","1","1","","1","1","","","","","1","1","1","","1","","","","","","1","1","1","","1","","","","","","","","","","","","","","","","","","","","","","","","","","",""
"BestSelf Behavioral Health","North Collins Mental Health Services","2101 Spruce Street","","North Collins","NY","14111","","Erie","716-337-3706","https://www.bestselfwny.org","42.5940714","-78.9359433","SU","1","","","","","","","1","1","1","","","","","","1","","","1","","1","1","1","1","","","","","1","","","","","1","","","1","","","","","","","","","","","","1","1","","","","","","1","","","1","1","1","1","1","1","","1","","1","","1","1","1","1","1","1","","1","1","1","1","1","1","1","1","1","","","","","","","1","1","1","","","1","","1","1","","","1","","1","1","1","1","1","","","1","1","","1","","1","1","1","1","1","1","","1","","1","","","","1","","1","","1","1","1","","","","1","1","","1","1","1","1","1","1","1","","1","1","1","1","1","","1","","1","","","","","","1","","","","1","","","1","1","1","","1","1","","","1","","1","","","","1","","","","","1","","","","1","1","","","","","","","","","","","","","","","","","","","","","","","","","","",""
"Abbott Corners Addiction Srvs","Abbott Corners","3176 Abbott Road","","Orchard Park","NY","14127","1069","Erie","716-822-2117","https://www.bestselfwny.org","42.797467","-78.7965766","SU","1","1","","","","","","1","1","1","","","","","","1","","","1","","1","1","1","1","","","","","1","","","","","1","","","1","","","","","","","","","","","","1","1","","","","","","1","","","1","1","1","1","1","1","1","1","","1","","1","1","1","1","1","1","","1","1","1","1","1","1","1","1","1","1","1","1","1","1","1","1","1","1","1","","1","1","1","1","1","1","1","","","1","1","1","1","1","","1","1","","1","","1","1","1","1","1","1","","1","","1","","","","1","","1","","1","1","1","","","","1","1","","1","1","1","1","1","1","1","","1","1","1","1","1","","1","","1","","","","","","1","","","","1","","","1","1","1","","1","1","","1","1","","1","","","","1","","","","1","1","","","","1","1","","","","","","1","","","","","","","","","","","","","","","","","","","","",""
"Abbott","Methadone Clinic/OTP","3176 Abbott Road","","Orchard Park","NY","14127","","Erie","716-822-2117","https://www.bestselfwny.org","42.797948","-78.7969729","SU","1","","1","","1","","1","1","1","1","1","","","","","1","","1","1","","1","1","1","1","","","","","1","","","","","1","","","1","","","","","","","","","","","","1","1","","","","","","1","","","1","1","1","1","1","","1","","","1","","1","1","1","1","1","1","","1","1","1","1","1","1","1","1","1","","","","","","","1","1","1","1","","1","1","1","1","","1","1","","","1","1","1","1","","","1","1","","1","","1","1","1","1","1","1","","1","1","1","","1","","1","1","1","","1","1","1","","1","1","","1","","1","1","1","1","1","1","1","1","1","1","1","1","1","","1","","1","1","1","","","1","1","1","1","1","1","","1","1","1","1","","1","1","","1","","","1","","","","1","","","1","1","1","","","1","","1","","","1","","","1","","","","","","","","","","","","","","","","","","","","",""
"Citizen Advocates","Outpatient Behavioral Health Clinic","31 6th Street","","Malone","NY","12953","","Franklin","518-483-3261","https://www.citizenadvocates.net","44.8611338","-74.2906605","SU","1","","","","1","","1","1","1","1","","","","","","","","","1","","1","1","1","","1","","","","1","","","","","1","","","1","","","","","","","","","","","","1","1","","","","1","","","","","1","1","1","1","1","1","1","","","1","","1","1","1","1","1","1","1","1","1","1","1","1","1","1","1","1","","","","","","1","1","1","1","1","","1","","1","1","","","1","","1","1","","1","1","","","1","1","","1","","1","1","1","1","1","1","","1","","","","","","1","1","1","","1","1","1","","1","","","1","","1","1","1","1","1","","1","","1","1","1","1","1","","1","1","","","","","","","1","1","","1","1","","","","1","1","1","","1","","1","","","","","","","1","","","","1","","","","","1","","","1","","","","","","","","","","","","","","","","","","","","","","","","","1"
"Spectrum Health and Human Services","Southtowns Counseling Services","326 Orchard Park Road","","Buffalo","NY","14224","","Erie","716-828-0560","https://shswny.org","42.836785","-78.7867594","SU","1","","","","1","","1","1","1","1","","","","","","1","","","1","","1","1","1","1","","","","","1","","","","","1","","","1","","","","","","","","","","","","1","1","","","","","","","","","1","1","1","1","1","1","1","1","","1","","1","","","","","","","","","","","1","","","","1","","","","","","","1","1","","","","1","1","1","1","1","","1","","1","1","1","1","1","1","","","1","","1","","1","1","1","1","1","","","1","1","1","1","1","1","1","1","1","","1","1","1","","1","1","","1","","1","1","1","1","1","","1","","1","1","1","1","1","","1","1","1","","1","","","1","1","1","","1","1","","","","1","","1","1","1","","","1","","1","","","","1","","","","","","","1","1","","1","","","","","","","","","","","","","","","","","","","","","","","","","","","1"
"Horizon Health Services Inc","Union Losson Recovery Center","2563 Union Road","Suite 800","Buffalo","NY","14227","","Erie","716-668-7622","https://www.horizon-health.org","42.8813359","-78.7532663","SU","1","","","","1","","1","1","1","1","","","","","","1","","","1","","1","1","1","1","","","","","1","","","","","1","","","1","","","","","","","","","","","","1","1","","","","","","","","","1","1","1","","1","1","1","","","1","","1","1","1","1","1","1","1","1","1","1","1","1","1","1","1","1","","","","","","","1","1","1","1","1","1","","1","1","","","1","","1","1","1","1","1","","","1","1","","1","","1","1","1","1","1","","","1","1","1","","","","1","","1","1","1","1","","","1","1","1","1","","","1","","1","1","","1","","1","1","1","1","1","","1","1","","","1","","","","1","1","","1","1","","","1","1","","1","","1","","1","","","","","1","","1","","","","","","","1","1","","1","","","","","","1","","","","","","","","","","","","","","","","","","","","",""
"UPMC Chautauqua WCA","CDU","207 Foote Avenue","Suite 4-B","Jamestown","NY","14701","","Chautauqua","716-664-8620","https://","42.0912231","-79.2318984","SU","1","","","","1","","1","1","1","1","","","","1","","1","","","1","","1","1","1","1","","","1","","","","","","","","","","","","1","","1","","","","","","","","1","","","","1","","","","","","1","1","1","1","1","1","","","","1","","1","","","","1","","","1","1","1","","1","","","","1","","","","","","","1","1","1","","1","","1","1","1","","","1","","","1","1","1","1","","","1","1","","1","","1","1","1","1","1","","","","1","1","1","","1","1","","1","1","1","1","1","1","","1","1","1","","1","1","1","1","1","","1","","1","1","1","1","1","","1","1","1","1","1","","","1","1","1","1","1","1","1","1","1","1","","","1","1","1","1","","","","","","","1","1","","","","","1","1","1","","1","","","","","","1","","","","","","","","","","","","","","","","","","","","",""
"Chautauqua County Department of ","Mental Hygiene/CD Services","200 East 3rd Street","5th Floor","Jamestown","NY","14701","","Chautauqua","716-661-8330","https://","42.096224","-79.238421","SU","1","","","","","","1","1","1","1","","","","","","","","","1","","1","1","1","1","","","","","1","","","","","1","","","1","","","","","","","","","","1","","1","1","","","","","","","","","1","1","1","1","1","1","1","1","1","1","","1","1","1","1","1","1","1","1","1","1","1","1","1","1","1","1","","","","","","","1","1","1","1","","1","1","1","1","1","1","1","","1","1","","1","1","1","","1","1","","1","","1","1","1","1","1","","","","1","1","","1","","1","1","1","","1","1","1","","1","1","","1","","1","1","1","1","1","","1","","1","1","1","1","1","","","1","","","","","","1","1","","","","1","","","","1","1","","","1","1","","","","","","","","1","","","","","1","","","","1","1","","","","","","","","","","","","","","","","","","","","","","","","","","","1"
"South Buffalo Counseling Center","OCCBHC","2412 Seneca Street","","Buffalo","NY","14210","2662","Erie","716-566-6507","https://shswny.org","42.8490044","-78.8006238","SU","1","","","","1","","1","1","1","1","","","","","","1","","","1","","1","1","1","1","","","","","1","","","","","1","","","1","","","","","","","","","","","","1","1","","","","","","","","","1","1","1","1","1","1","1","1","","1","","1","","","","","","","","1","1","","1","","","","1","","","","","","","1","1","","","","1","1","1","1","1","","1","","1","1","1","1","1","","","","1","","1","","1","1","1","1","1","","","1","1","1","1","1","1","1","1","1","","1","1","1","","1","1","","1","","1","1","1","1","1","","1","","1","1","1","1","1","","1","1","1","","1","","","1","1","1","","1","1","","","","1","","1","1","1","","","1","","1","","","","1","","","","","","","1","1","","1","","","","","1","","","","1","","","","","","","","","","","","","","","","","","1"
"Palmerton Place","RRh","920 Harlem Road","","Buffalo","NY","14224","","Erie","716-842-0440","https://www.ked.org/","42.868328","-78.786963","SU","1","1","","","1","1","1","1","1","1","","","","","","1","","","1","","1","1","1","","1","","","1","1","","1","1","","1","","","1","","","","","","","","","","","","1","","","","","","","1","","","1","1","1","1","1","1","","1","","","","1","","1","1","","","","","","","","1","","1","1","","1","","","1","1","1","1","1","","","","1","","1","","","","1","","","1","1","1","1","","","1","","","1","1","1","1","1","1","1","","","1","","1","","1","","1","1","1","1","1","1","1","","","","1","1","","1","","1","1","1","","1","","1","","1","1","","","1","","1","","","","","","1","","1","","","","","","","","1","","1","1","","1","1","1","","","","1","","","","","","","","","1","","","1","","","","1","","","","","","","","","","","","","","","","","","","","",""
"UPMC Chautauqua WCA","Outpatient Clinic","51 Glasgow Avenue","Suite 2-M","Jamestown","NY","14701","","Chautauqua","716-664-8641","https://www.upmc.com/locations/hospitals/chautauqua/locations/jones-memorial","42.0912287","-79.2453553","SU","1","","","","1","","1","1","1","1","","","","","","","","","1","","1","1","1","1","","","","","1","","","","","1","","","1","","","","1","","","","","","","","1","1","1","1","1","","","1","","","1","1","1","1","1","","","","","","","1","","","","","","","","1","1","","1","","","","1","","","","","","","1","1","1","1","1","1","1","1","1","","","1","","1","1","","1","1","","","1","1","","1","","1","1","1","1","1","","","","1","1","","1","","1","1","1","","1","1","1","","","1","1","1","","","1","1","1","1","","1","","1","1","1","1","1","","1","","","","","","","","1","","","","1","","","","1","","","","1","1","1","","","","","","","1","","","","","","","","","","1","","","","","","","","","","","","","","","","","","","","","","","","","","",""
"UPMC Behavioral Health Wellness Center","Stabil Rehab Reintegration","51 Glasgow Avenue","4th Floor","Jamestown","NY","14701","","Chautauqua","716-664-8323","https://","42.0912287","-79.2453553","SU","1","","","","","","1","1","1","1","","","","","","1","","","1","","","1","","1","","","","1","","","1","","","","","","","","","","1","","","","","","","","1","","","","","","","","","","1","1","","1","1","","1","","","1","","","","","","","","","","","","","","","","","1","","","","","","","1","1","1","","1","","","1","","","","1","","","1","1","1","1","","","","","","1","","","1","1","1","1","","","1","1","1","1","1","","1","","1","1","1","1","1","1","1","1","1","1","","1","1","1","1","1","","1","","1","","1","1","","","1","","","1","","","","","1","","","","1","","","","1","","1","","1","1","1","","","1","","","","1","","","","","","1","1","1","","1","","","","","","","","","","","","","","","","","","","","","","","","","","",""
"Cazenovia Manor","Residential Rehabilitation","486 North Legion Drive","","Buffalo","NY","14210","2341","Erie","716-822-8932","https://www.cazenoviarecovery.org","42.853185","-78.8110973","SU","1","","","","1","","","1","1","1","","","","","","1","","","1","","1","1","1","1","","","","1","","","1","","","","","","","","","","","","","","","","","","1","","","","","","","","","","1","1","","","1","","1","","","1","","1","1","","1","1","1","","","","1","1","1","1","1","","1","","","","","","","1","1","","","1","1","1","1","1","1","","1","","","1","1","","1","","","","1","","1","","1","1","1","1","","","","1","1","1","1","","","1","","1","1","1","1","1","1","","1","1","1","","1","1","","1","1","1","1","","1","1","1","1","1","","1","","1","1","1","","","","1","1","1","1","1","","","","1","1","","1","1","","","","","1","1","1","","1","","","","","","1","1","1","","1","","","","","","","","","","","","","","","","","","","","","","","","","","",""
"Endeavor Health Services","Behavioral Health Clinic","1526 Walden Avenue","Suite 400","Buffalo","NY","14225","4985","Erie","716-895-6700","https://www.ehsny.org","42.9074365","-78.7816893","SU","1","","","","1","","1","1","1","1","","","","","","1","","","1","","1","1","1","1","","","","","1","","","","","1","","1","1","","","","","","","","","","","","1","1","","","","","","","","","1","1","1","1","1","1","1","1","1","1","","1","","","","1","","1","","1","","","1","","1","1","1","","","","","","1","1","1","1","1","1","1","","1","1","1","","1","","1","1","","1","1","","","1","1","","1","","1","1","1","1","1","1","","1","1","1","1","1","","1","","1","1","1","1","1","1","1","1","1","1","","1","1","1","1","1","1","1","","1","1","1","1","1","","1","1","1","1","1","","","1","1","1","1","1","1","","","","1","","1","1","1","","1","","","1","1","1","","1","","","","","","1","1","1","1","1","","","","","","1","","","","","","","","","","","","","","","","","","","","","1"
"Horizon Health Services Inc","East Amherst Family Recovery Center","6495 Transit Road","","East Amherst","NY","14051","","Erie","716-418-8531","https://www.horizon-health.org","43.0252766","-78.6954619","SU","1","","","","1","","1","1","1","1","","","","","","1","","","1","","1","1","1","1","","","","","1","","","","","1","","","1","","","","","","","","","","","","1","1","","","","","","","","","1","1","1","","1","1","1","","","1","","1","1","1","1","1","1","1","1","1","1","1","1","1","1","1","1","","","","","","","1","1","1","1","1","1","","1","1","","","1","","1","1","1","1","1","","","1","1","","1","","1","1","1","1","1","","","1","1","1","","","","1","","1","1","1","1","","","1","1","1","1","","","1","","1","1","","1","","1","1","1","1","1","","1","1","","","1","","","","1","1","","1","1","","","1","1","","1","","1","","1","","","","","1","","1","","","","","","","1","1","","1","","","","","","1","","","","","","","","","","","","","","","","","","","","","1"
"Sisters of Charity Hospital","STAR Saint Vincent","1500 Broadway Street","","Buffalo","NY","14212","","Erie","716-862-2059","https://www.chsbuffalo.org","42.8965239","-78.8194377","SU","1","","","","1","","","1","","","","","","","","","","","1","","1","1","","1","","","","","1","","","","","1","","","1","","","","1","","","","","","","","1","","","","1","","","","","","1","1","1","1","1","1","","","","","","","","","","","","","","","","","","","","","","","","","","","","1","1","","","","1","","1","","","","1","","","1","1","1","1","","","1","","","1","","","1","1","1","","","","","1","1","","","","","","1","","1","1","","","1","1","","","","1","","","1","1","","","","1","1","1","","","","1","","","","","","","","1","","","","","","","","","","1","","1","","","","","","","","","","","","","","","","","","","1","","","","","","","","","","","","","","","","","","","","","","","","","","",""
"Endeavor Health Services OCCBHC","Behavioral Health Clinic","1131 Broadway Street","2nd Floor","Buffalo","NY","14212","","Erie","716-896-7350","https://www.ehsny.org","42.8940266","-78.8328228","SU","1","","","","1","","1","1","1","1","","","","","","1","","","1","","1","1","1","1","","","","","1","","","","","1","","","1","","","","","","","","","","","","1","1","","","","","","","","","1","1","1","1","1","1","1","1","1","1","","1","","","","1","","","","1","1","","1","1","1","","1","","","","","","1","1","1","1","1","1","1","","1","1","1","","1","","","1","1","1","1","","","1","1","","1","","1","1","1","1","1","1","","1","1","1","1","1","","1","","1","1","1","1","1","1","1","1","1","1","","1","1","1","1","1","1","1","","1","1","1","1","1","","1","1","1","1","1","","","1","1","1","1","1","1","","","","1","","1","1","1","","1","","","1","1","1","","1","","","","","","1","1","1","1","1","","","","","","1","","","","","","","","","","","","","","","","","","","","",""
"Unity House","Residential Reintegration","923 Sycamore Street","","Buffalo","NY","14212","","Erie","716-884-4952","https://www.cazenoviarecovery.org","42.8979204","-78.8372468","SU","1","","","","","","","","","","","","","","","1","","","1","","1","1","1","1","","","","1","","","1","","","","","","","","","","","","","","","","","","1","","","","","","","","","","1","1","","","1","","1","","","1","","1","1","","1","1","1","","","","1","1","1","1","1","","","","","","","","","1","1","","","1","1","1","1","1","1","","1","","","1","1","","1","","","","","","1","","","1","1","1","","","","1","1","1","","","","","","1","1","","1","1","","","1","","1","","1","","","1","1","","","","","","","","","","1","","","1","1","","","1","","1","1","1","","","","","","1","","","1","","","","","1","","","","","","","","","","","","","","1","","","","","","","","","","","","","","","","","","","","","","","","","","",""
"Endeavor Health Services","Behavioral Health Clinic","608 William Street","","Buffalo","NY","14206","1811","Erie","716-895-6700","https://www.ehsny.org","42.8854206","-78.8483902","SU","1","","","","1","","1","1","1","1","","","","","","1","","","1","","1","1","1","1","","","","","1","","","","","1","","","1","","","","","","","","","","","","1","1","","","","","","","","","1","1","1","1","1","1","1","1","1","1","","1","","","","1","","1","","","","","1","","1","1","1","","","","","","1","1","1","1","1","1","1","","1","1","1","","1","","1","1","","1","1","","","1","1","","1","","1","1","1","1","1","1","","1","1","1","1","1","","1","","1","1","1","1","1","1","1","1","1","1","","1","1","1","1","1","1","1","","1","1","1","1","1","","1","1","1","1","1","","","1","1","1","1","1","1","","","","1","","1","1","1","","1","","","1","1","1","","1","","","","","1","1","1","1","1","1","","","","","","1","","","","","","","","","","","","","","","","","","","","","1"
"Horizon Health Services Inc","Bailey Recovery Center","3020 Bailey Avenue","","Buffalo","NY","14215","","Erie","716-833-3622","https://www.horizon-health.org","42.9370683","-78.8139298","SU","1","","","","1","","1","1","1","1","","","","","","1","","","1","","1","1","1","1","","","","","1","","","","","1","","1","1","","","","","","","","","","","","1","1","","","","1","","","","","1","1","1","","1","1","1","","","1","","1","1","1","1","1","1","1","1","1","1","1","1","1","1","1","1","","","","","","","1","1","1","1","1","1","","1","1","","","1","","1","1","1","1","1","","","1","1","","1","","1","1","1","1","1","","","1","1","1","","","","1","","1","1","1","1","","","1","1","1","1","","","1","","1","1","","1","","1","1","1","1","1","","1","1","","","1","","","","1","1","","1","1","","","1","1","","1","","1","","1","","","","","1","","1","","","","","","","1","1","","1","","","","","","1","","","","","","","","","","","","","","","","","","","","",""
"Brooks TLC Hospital System Inc","Outpatient Clinic 1","7020 Erie Road","","Derby","NY","14047","","Erie","716-947-0316","https://brookshospital.org","42.695677","-78.9927578","SU","1","","","","1","","1","1","1","1","","","","","","1","","","1","","1","1","","1","","","","","1","","","","","1","","","1","","","","1","","","","","","","","1","","1","1","1","","","","","","1","1","1","1","1","","","","","1","","1","","","","1","","1","","","","","","","","","1","","","","","","","1","1","","","","1","1","1","","","","1","","1","1","1","1","1","1","","1","","","1","","","1","1","1","","","","","1","1","1","1","","","1","1","1","1","1","","","1","1","","","","","1","1","1","1","","1","","1","1","1","1","1","","1","","","1","1","","","1","1","1","1","1","","","","","","","1","","1","","","","","","","","","1","","","","","","","","1","","1","","","","","","","","","","","","","","","","","","","","","","","","","","",""
"Horizon Health Services Inc","Broadway Recovery Center","77 Broadway","Suite 100","Buffalo","NY","14203","","Erie","716-834-6401","https://www.horizon-health.org","42.8859854","-78.8697901","SU","1","","","","1","","1","1","1","1","","","","","","1","","","1","","1","1","1","1","","","","","1","","","","","1","","","1","","","","","","","","","","","","1","1","","","","","","","","","1","1","1","","1","1","1","","","1","","1","1","1","1","1","1","1","1","1","1","1","1","1","1","1","1","","","","","","","1","1","1","1","1","1","","1","1","","","1","","1","1","1","1","1","","","1","1","","1","","1","1","1","1","1","","","1","1","1","","","","1","","1","1","1","1","","","1","1","1","1","","","1","","1","1","","1","","1","1","1","1","1","","1","1","","","1","","","","1","1","","1","1","","","1","1","","1","","1","","1","","","","","1","","1","","","","","","","1","1","","1","","","","","","1","","","","","","","","","","","","","","","","","","","","",""
"Beacon Center","Outpatient Clinic 2","295 Main Street","Suite 105","Buffalo","NY","14203","","Erie","716-853-0243","https://www.beaconcenter.net","42.8824263","-78.8744916","SU","1","","","","1","","1","1","1","1","","","","","","1","","","1","","1","1","1","","1","","","","1","","","","","1","","","1","","","","","","","","","","","","1","","","","","","","","","","1","1","","1","1","","","1","","1","","1","","","","","","1","","1","1","","1","1","1","1","","","","","","","","1","1","1","","","1","1","1","","1","","1","","1","1","","1","1","","","1","","","1","","1","1","1","1","","","","","","","","","","1","","1","","1","1","","","1","","","","","1","1","1","1","1","","1","","1","1","1","1","1","1","","1","1","","","","","1","1","","","","1","","","","1","","1","","1","1","","","","","","","","1","","","","","","1","","","","","","1","","","","","","","","","","","","","","","","","","","","","","","","",""
"Sisters of Charity Hospital","Pathways Buffalo","158 Holden Street","","Buffalo","NY","14214","","Erie","716-862-1330","https://chsbuffalo.org","42.9372251","-78.8353445","SU","1","","1","","","","","","","","1","","","","","","","1","1","","1","1","","1","","","","","1","","","","","1","","","1","","","","1","","","","","","","","1","","","","1","","","","","","1","1","1","1","1","1","","","","","","","","","","","","","","1","1","","","","","","","","","","","","","1","1","","","","1","","1","","","","1","","","1","1","1","1","","","1","","","1","","","1","1","1","","","","","1","1","1","","","","","1","1","1","1","","","1","1","1","","","1","1","","1","1","","","1","","","","","","","1","","","","","","","","1","","","","","","","","","","1","","1","","","","","","","","","","","","1","1","","1","1","1","","1","","","1","","","","","","","","","","","","","","","","","","","","","","","",""
"Step Toward Success","Scattered Site Reintegration","2671 Main Street","","Buffalo","NY","14214","","Erie","716-240-9120","https://www.cazenoviarecovery.org","42.9396988","-78.8376236","SU","1","","","","","","","","","","","","","","","1","","","1","","1","1","1","1","","","","1","","","1","","","","","","","","","","","","","","","","","","1","","","","","","","","","","1","1","","","1","","1","","","1","","1","1","","1","1","1","","","1","1","1","1","1","1","","","","","","","","","1","1","","","1","1","1","1","1","1","","1","","","1","1","1","1","","","","","","1","","","1","1","1","","","","1","1","1","","","","","","1","1","","1","1","","","1","","1","","1","","","1","1","","","","","","","","","","1","","","1","1","","","1","","1","1","1","","","","","","1","","","1","","","","","1","","","","","","","","","","","","","","1","","","","","","","","","","","","","","","","","","","","","","","","","","",""
"EHS Inc","Evergreen Health Services SUP OP","206 South Elmwood Avenue","","Buffalo","NY","14201","2398","Erie","716-847-2441","https://www.evergreenhs.org","42.8908197","-78.8786604","SU","1","","","","1","","1","1","1","1","","","","","","1","","","1","","1","1","1","1","","","","","1","","","","","1","","","1","","","","","","","","","","","","1","1","1","","","","","","","","1","1","1","1","1","1","1","1","1","1","1","1","","","","","1","","","1","1","1","1","","","","1","","","","","","","1","1","1","","","1","","1","","","","1","","","1","1","1","1","1","","1","1","1","1","","1","1","1","1","1","1","1","1","1","1","","1","","1","1","1","","1","1","1","","1","1","","1","","1","1","1","1","1","","1","","1","1","1","1","1","","1","1","1","","1","","","1","1","1","","1","1","1","","","1","","1","1","1","","","1","","","","","","1","1","","","","1","1","","","1","1","","","","","1","","","","1","","","","","","","","","","","","","","","","","",""
"Erie County Medical Center Corporation","Outpatient","1285 Main Street","","Buffalo","NY","14209","","Erie","716-961-6944","https://www.ecmc.edu","42.908499","-78.8662028","SU","1","","","","1","","1","1","1","1","","","","","","","","","1","","1","1","1","","1","","","","1","","","","","1","","","1","","","","1","","","","","","1","","1","1","1","","1","","","","","","1","1","","1","1","","","","","","","1","1","","","","","","","1","1","","","","","","1","","","","","","","1","1","","","1","1","","1","","1","","1","","","1","1","1","1","","","1","1","","1","","1","1","1","1","1","","","","1","1","","1","","1","1","1","1","1","1","","","1","1","","","","1","1","1","1","1","1","1","","1","1","1","1","1","","","1","","","","","","","1","","","","1","","","","1","","1","1","1","1","","","","","","","","1","","","","1","","1","","","","","","1","","","","","","","","","","","","","","","","","","","","","","","","",""
"Beacon Center","Outpatient Clinic 1","3354 Sheridan Drive","","Buffalo","NY","14226","1977","Erie","716-831-1937","https://www.beaconcenter.net","42.9809276","-78.809421","SU","1","","","","1","","1","1","1","1","","","","","","1","","","1","","1","1","1","","1","","","","1","","","","","1","","","1","","","","","","","","","","","","1","","","","","","","","","","1","1","","1","1","","","1","","1","","1","","","","","","1","","1","1","","1","1","1","1","","","","","","","","1","1","1","","","1","1","1","","1","","1","","1","1","","1","1","","","1","","","1","","1","1","1","1","","","","","","","","","","1","","1","","1","1","","","1","","","","","1","1","1","1","1","","1","","1","1","1","1","1","1","","1","1","","","","","1","1","","","","1","","","","1","","1","","1","1","","","","","","","","1","","","","","","1","","","","","","1","","","","","","","","","","","","","","","","","","","","","","","","",""
"Spectrum Health","OCCBHC","1298 Main Street","","Buffalo","NY","14209","1912","Erie","716-884-5797","https://shswny.org","42.9091958","-78.8674579","SU","1","","","","1","","1","1","1","1","","","","","","1","","","1","","1","1","1","1","","","","","1","","","","","1","","","1","","","","","","","","","","","","1","1","","","","","","","","","1","1","1","1","1","1","1","1","","1","","1","","","","","","","","","","","1","","","","1","","","","","","","1","1","","","","1","1","1","1","1","","1","","","1","1","1","1","","","","1","","1","","1","1","1","1","1","","","1","1","1","1","1","1","1","1","1","","1","1","1","","1","1","","1","","1","1","1","1","1","","1","","1","1","1","1","1","","1","1","1","","1","","","1","1","1","","1","1","","","","1","","1","1","1","","","1","","1","","","","1","","","","","","","1","1","","1","","","","","","","","","","","","","","","","","","","","","","","","","","",""
"PROMESA Inc","Methadone Clinic 2","254 Virginia Street","","Buffalo","NY","14201","","Erie","716-768-4040 x107","https://www.acacianetwork.org","42.8950982","-78.8820424","SU","1","","1","","1","","","1","","1","1","","","","","1","","1","1","","1","1","1","1","","","","","1","","","","","1","","","1","","","","","","","","","","","","1","","","","1","","","","","","1","1","1","1","1","","","1","1","","1","1","1","1","1","1","1","","1","1","1","1","1","1","1","","1","","","","","","","1","1","1","1","","1","1","1","1","","","1","","","1","1","1","1","1","1","1","","","1","","1","1","1","1","","1","1","","1","1","1","1","","1","1","1","","1","1","1","1","1","1","1","","","1","1","1","1","1","","1","1","1","1","","1","1","","1","","1","","","","","","1","","","","","","","","","1","","1","1","1","","","","","","","","1","","","1","1","","1","1","1","","1","","","","","","","","","","","","","","","","","","","","","","","","","","",""
"PROMESA Inc","COP","254 Virginia Street","1st and 2nd Floors","Buffalo","NY","14201","","Erie","716-768-4040","https://www.acacianetwork.org","42.8950982","-78.8820424","SU","1","","","","1","","","1","","1","","","","","","1","","","1","","1","1","1","1","","","","","1","","","","","1","","","1","","","","","","","","","","","","","","","","","","","","","","1","1","1","1","1","","","1","1","","1","1","1","1","1","1","1","","1","1","1","1","1","1","1","","1","","","","","","","1","1","1","1","","1","1","1","1","","","1","","1","1","1","1","1","1","1","1","","","1","","1","1","1","1","","","1","","1","1","1","1","","1","1","1","","1","1","1","1","1","1","1","","","1","1","1","1","1","","1","","1","1","","1","1","","1","","1","","","","","","1","","","","","","","","","1","","1","1","1","","","","","","","","1","","","","","","1","1","1","","1","","","","","","","","","","","","","","","","","","","","","","","","","","",""
"Promesa Inc","","254 Virginia Street","","Buffalo","NY","14201","","Erie","716-768-4040 x107","https://www.acacianetwork.org","42.8950982","-78.8820424","SU","1","","1","","1","","","1","","1","1","","","","","1","","1","1","","1","1","1","1","","","","","1","","","","","1","","","1","","","","","","","","","","","","1","","","","","","","","","","1","1","1","1","1","","","1","1","","1","1","1","1","1","1","1","1","1","1","1","1","1","1","1","1","1","","","","","","","1","1","1","1","","1","1","1","1","","","1","","1","1","1","1","1","1","1","1","","","1","","1","1","1","1","","1","1","","1","1","1","1","","1","1","1","","1","1","1","1","1","1","1","","","1","1","1","1","1","","1","1","1","1","","1","1","","1","","1","","","","","","1","","","","","","","","","1","","1","1","1","","","","","","","","1","","","","","","1","1","1","","1","","","","","","","","","","","","","","","","","","","","","","","","","","",""
"Horizon Health Services Inc","Lockport Recovery Center Outpatient","637 Davison Road","","Lockport","NY","14094","","Niagara","716-433-2484","https://www.horizon-health.org","43.1598319","-78.6660198","SU","1","","","","1","","1","1","1","1","","","","","","1","","","1","","1","1","1","1","","","","","1","","","","","1","","","1","","","","","","","","","","","","1","1","","","","","","","","","1","1","1","","1","1","1","","","1","","1","1","1","1","1","1","1","1","1","1","1","1","1","1","1","1","","","","","","","1","1","1","1","1","1","","1","1","","","1","","1","1","1","1","1","","","1","1","","1","","1","1","1","1","1","","","1","1","1","","","","1","","1","1","1","1","","","1","1","1","1","","","1","","1","1","","1","","1","1","1","1","1","","1","1","","","1","","","","1","1","","1","1","","","1","1","","1","","1","","1","","","","","1","","1","","","","","","","1","1","","1","","","","","","1","","","","","","","","","","","","","","","","","","","","",""
"Lockport Recovery Center","OCCBHC","637 Davidson Road","","Lockport","NY","14094","","Niagara","716-831-2700","https://www.horizon-health.org","43.1598319","-78.6660198","SU","1","","","","1","","1","1","1","1","","","","","","1","","","1","","1","1","1","1","","","","","1","","","","","1","","1","1","","","","","","","","","","","","1","1","","","","","","","","","1","1","1","","1","1","1","","","1","","1","1","1","1","1","1","1","1","1","1","1","1","1","1","1","1","","","","","","","1","1","1","1","1","1","","1","1","","","1","","1","1","1","1","1","","","1","1","","1","","1","1","1","1","1","","","1","1","1","","","","1","","1","1","1","1","","","1","1","1","1","","","1","","1","1","","1","","1","1","1","1","1","","1","1","","","1","","","","1","1","","1","1","","","1","1","","1","","1","","1","","","","","1","","1","","","","","","","1","1","","1","","","","","","1","","","","","","","","","","","","","","","","","","","","",""
"Horizon Health Services Inc","Boulevard Recovery Center","1370 Niagara Falls Boulevard","","Tonawanda","NY","14150","","Erie","716-833-3708","https://www.horizon-health.org","42.9912711","-78.8231813","SU","1","","","","1","","1","1","1","1","","","","","","1","","","1","","1","1","1","1","","","","","1","","","","","1","","1","1","","","","","","","","","","","","1","1","","","","","","","","","1","1","1","","1","1","1","","","1","","1","1","1","1","1","1","1","1","1","1","1","1","1","1","1","1","","","","","","","1","1","1","1","1","1","","1","1","","","1","","1","1","1","1","1","","","1","1","","1","","1","1","1","1","1","","","1","1","1","","","","1","","1","1","1","1","","","1","1","1","1","","","1","","1","1","","1","","1","1","1","1","1","","1","1","","","1","","","","1","1","","1","1","","","1","1","","1","","1","","1","","","","","1","","1","","","","","","","1","1","","1","","","","","","1","","","","","","","","","","","","","","","","","","","","",""
"Casa Di Vita","Residential Reintegration","200 Albany Street","","Buffalo","NY","14213","","Erie","716-882-2108","https://www.cazenoviarecovery.org","42.9131314325264","-78.8940474000111","SU","1","","","","","","","","","","","","","","","1","","","1","","1","1","1","1","","","","1","","","1","","","","","","","","","","","","","","","","","","1","","","","","","","","","","1","1","","","1","","1","","","1","","1","1","","1","1","1","","","1","","1","1","1","1","","","","","","","","","1","1","","","1","1","1","1","1","1","","1","","","1","1","1","","","","","","","1","","","1","1","1","","","","1","1","1","","","","","","1","1","","1","1","","","1","","1","","1","","","1","1","","","","","","","","","","1","","","1","1","","","1","","1","1","1","","","","","","1","","","1","","","","","1","","","","","","","","","","","","","","1","","","","","","","","","","","","","","","","","","","","","","","","","","",""
"Stutzman Addiction Treatment Center","Chemical Dependency Inpt Rehab Program","360 Forest Avenue","","Buffalo","NY","14213","","Erie","716-796-0172","https://www.oasas.ny.gov","42.9283331","-78.8851909","SU","1","","","","1","","1","1","1","1","","","","1","","","","","1","","1","1","1","1","","","1","1","","1","","","","","","","","","1","","","","","","","1","","","1","","1","","","1","","","","","1","1","","1","1","","1","","","1","","1","1","1","1","1","1","","1","1","1","1","1","1","1","","1","","","","","","1","1","1","1","","1","1","1","1","1","","","1","","","1","1","1","1","","","1","1","","1","","1","1","1","1","1","","1","1","1","1","1","1","1","1","1","1","1","1","1","1","1","1","1","1","1","","1","1","1","1","1","","1","","1","1","1","1","1","","","","","","","","","","1","","1","","1","1","1","","1","1","","1","1","1","","","","","1","1","","1","","","","1","1","1","1","1","","1","","","","","","1","","","","","","","","","","","","","","","","","","","","",""
"Sisters Health Center Amherst","Pathways","210 John Glenn Drive","Suite 1","Buffalo","NY","14228","","Erie","716-862-2059","https://chsbuffalo.org","43.0281277","-78.8057874","SU","1","","1","","","","","","","","1","","","","","","","1","1","","1","1","","1","","","","","1","","","","","1","","","1","","","","1","","","","","","","","1","","","","1","","","","","","1","1","1","1","1","1","","","","","","","","","","","","","","1","1","","","","","","","","","","","","","1","1","","","","1","","1","","","","1","","","1","1","1","1","","","1","","","1","","","1","1","1","","","","","1","1","1","","","","","1","","1","1","","","1","1","1","","","1","1","","1","1","","","1","","","","","","","1","","","","","","","","1","","","","","","","","","","1","","1","","","","","","","","","","","","1","1","","1","1","1","","1","","","1","","","","","","","","","","","","","","","","","","","","","","","",""
"Sisters Health Center Amherst","STAR Program","210 John Glenn Drive","Suite 1","Buffalo","NY","14228","","Erie","716-862-2059","https://www.chsbuffalo.org","43.0281277","-78.8057874","SU","1","","","","1","","1","1","","1","","","","","","","","","1","","1","1","","1","","","","","1","","","","","1","","","1","","","","1","","","","","","","","1","","","","1","","","","","","1","1","1","1","1","1","","","","","","","","","","","","","","1","1","","","","","","","","","","","","","1","1","","","","1","","1","","","","1","","","1","1","1","1","","","1","","","1","","","1","1","1","","","","","1","1","1","","","","","1","","1","1","","","1","1","1","","","1","1","","1","1","","1","","1","1","1","1","","","1","","","","","","","","1","","","","","","","","","","1","","1","","","","","","","","","","","","","","","","1","1","","1","","","","","","","","","","","","","","","","","","","","","","","","","","",""
"Massena Outpatient","","16 Phillips Street","","Massena","NY","13662","","Saint Lawrence","315-764-8076","https://www.citizenadvocates.net","44.9326791","-74.8922786","SU","1","","","","1","","1","1","1","1","","","","","","1","","","1","","1","1","1","1","","","","","1","","","","","1","","","1","","","","","","","","","","","","","","","","","1","","","","","1","1","1","1","1","1","1","","","","","1","1","1","1","1","1","1","1","1","1","","1","1","1","1","1","","","","","","","1","1","1","","","1","1","","1","1","","1","","1","1","1","1","1","","","","","","","","1","1","1","1","1","","","1","","","","1","1","1","1","1","1","1","1","1","","1","","","1","","1","","1","1","1","","1","","1","1","1","1","1","","1","1","1","","","","","","1","","1","","1","","1","1","1","1","1","","1","","","1","","","","","","1","","","","","1","","","","","1","","","","","","","","","","","","","","","","","","","","","","","","","","","1"
"Beacon Center","Outpatient Clinic 3","36 East Avenue","Suite A","Lockport","NY","14094","3708","Niagara","716-439-6815","https://www.beaconcenter.net","43.1708766","-78.6868712","SU","1","","","","1","","1","1","1","1","","","","","","1","","","1","","1","1","1","","1","","","","1","","","","","1","","","1","","","","","","","","","","","","1","","","","","","","","","","1","1","","1","1","","","1","","1","","1","","","","","","1","","1","1","","1","1","1","1","","","","","","","","1","1","1","","","1","1","1","","1","","1","","1","1","","1","1","","","1","","","1","","1","1","1","1","","","","","","","","","","1","","1","","1","1","","","1","","","","","1","1","1","1","1","","1","","1","1","1","1","1","1","","1","1","","","","","1","1","","","","1","","","","1","","1","","1","1","","","","","","","","1","","","","","","1","","","","","","1","","","","","","","","","","","","","","","","","","","","","","","","",""
"Northpointe Council Inc","Outpatient Clinic","41 Main Street","Lockview Plaza","Lockport","NY","14094","","Niagara","716-433-3846","https://www.northpointecouncil.org","43.1701472","-78.6929483","SU","1","","","","1","","1","1","1","1","","","","","","","","","1","","1","1","1","1","","","1","","1","","","","","1","","","1","","","","","","","","","","","","1","","","","","","","","","","1","1","","1","1","","1","1","","1","","1","1","1","","1","1","1","","1","1","1","1","1","1","1","","","","","","","","1","1","1","1","","1","1","1","1","1","","1","","1","1","1","1","1","1","","1","1","","1","","","1","1","1","1","","","","1","1","","","1","","","1","1","1","1","","","1","1","","","","1","1","1","1","1","1","1","","1","1","1","1","1","","1","1","","","","","","","1","1","","1","","","","","","1","1","","1","","","","","","","","1","","","","","","1","1","","","","1","","","","","","1","","","","","","","","","","","","","","","","","","","","","1"
"Horizon Health Services Inc","Hertel Recovery Center","699 Hertel Avenue","Suite 350","Buffalo","NY","14207","","Erie","716-831-1977","https://www.horizon-health.org","42.9471574","-78.8829357","SU","1","","","","1","","1","1","1","1","","","","","","1","","","1","","1","1","1","1","","","","","1","","","","","1","","","1","","","","","","","","","","","","1","1","","","","","","","","","1","1","1","","1","1","1","","","1","","1","1","1","1","1","1","1","1","1","1","1","1","1","1","1","1","","","","","","","1","1","1","1","1","1","","1","1","","","1","","1","1","","1","1","","","1","1","","1","","1","1","1","1","1","","","1","1","1","","","","1","","1","1","1","1","","","1","1","1","1","","","1","","1","1","","1","","1","1","1","1","1","","1","1","","","1","","","","1","1","","1","1","","","1","1","","1","","1","","1","","","","","1","","1","","","","","","","1","1","","1","","","","","","1","","","","","","","","","","","","","","","","","","","","","1"
"Northern Erie Clinical Services","Outpatient","2005 Sheridan Drive","","Buffalo","NY","14223","","Erie","716-874-5536","https://www.ecmc.edu","42.9804025","-78.8601508","SU","1","","","","1","","1","1","1","1","","","","","","","","","1","","1","1","1","","1","","","","1","","","","","1","","","1","","","","1","","","","","","1","","1","","1","","1","","","","","","1","1","","1","1","","","","","","","1","","","","","","","","1","1","","","","","","1","","","","","","","1","1","","","1","1","","1","","1","","1","","","1","1","1","1","1","","1","1","","1","","1","1","1","1","1","","","","1","1","","1","","1","1","1","1","1","1","","","1","1","","","","1","1","1","1","1","1","1","","1","1","1","1","1","","","","","","","","","","1","","","","1","","","","1","","1","","1","1","","","","","","","","1","","","","1","","1","","","","","","1","","","","","","","","","","","","","","","","","","","","","","","","",""
"Saint Regis Mohawk Tribe","Partridge House","25 Saint Regis Road","","Hogansburg","NY","13655","","Franklin","518-358-2223 x7600","https://www.srmt-nsn.gov/partridge_house","44.9756847","-74.6671383","SU","1","","","","1","","1","1","1","1","","","","","","1","","","1","","","1","1","1","","","","1","","","1","","","","","","","","","","","","","1","","","","","1","","","","","","","","","","","1","1","1","1","1","1","","","","","","","","","","","","","1","1","","","","","","1","","","","","","1","1","1","1","1","1","1","","1","1","1","","1","","","1","1","1","1","","","","1","","1","","","1","1","1","1","","1","1","1","1","1","","1","1","","1","1","1","1","1","1","","1","1","1","","1","1","1","1","1","1","1","","1","1","1","1","1","","","","1","1","","","","1","1","","1","","1","1","1","","1","","1","1","1","1","1","","","","1","1","","1","1","","","","1","1","1","1","1","1","","","","","","","","","","","","","","","","","","","","","","","","","","",""
"Saint Regis Mohawk Tribe","Outpatient","404 State Route 37","","Hogansburg","NY","13655","","Franklin","518-358-3145 x7160","https://www.srmt-nsn.gov/","44.9777833","-74.6854465","SU","1","","","","1","","1","1","1","1","","","","","","1","","","1","","1","1","1","1","","","","","1","","","","","1","","","1","","","","","","","1","","","","","1","","","","","","","","","","","1","1","1","1","1","1","","","","","","","","","","","","","1","1","","","","","","1","","","","","","1","1","1","1","1","1","1","","1","1","1","","1","","1","1","1","1","1","","","1","1","","","","","1","1","1","1","","1","","1","1","1","1","1","","1","1","1","1","1","1","1","1","1","1","1","","1","1","1","1","1","1","1","","1","1","1","1","1","","","","1","1","","","","1","1","","1","","1","1","1","","1","","1","","1","1","1","","","","1","1","","1","1","","","","1","1","1","1","","1","","","","","","","","","","","","","","","","","","","","","","","","","","",""
"Brooks TLC Hospital Systems Inc","Outpatient Clinic","33 North Main Street","","Cassadaga","NY","14718","","Chautauqua","716-595-3355","https://www.brookshospital.org","42.3457233","-79.3102452","SU","1","","","","1","","1","1","1","1","","","","","","1","","","1","","1","1","","1","","","","","1","","","","","1","","","1","","","","1","","","","","","","","1","","1","1","1","","","","","","1","1","1","1","1","","","","","1","","1","","","","1","","1","","1","","","","","","","1","","","","","","","1","1","","","","1","1","1","","","","1","","1","1","1","1","1","1","","1","","","1","","","1","1","1","","","","","1","1","1","1","","","1","1","1","1","1","","","1","1","","","","","1","1","1","1","","1","","1","1","1","1","1","","1","","","1","1","","","1","1","1","1","1","","","","","","","1","","1","","","","","","","","","1","","","","","","","","1","","1","","","","","","","","","","","","","","","","","","","","","","","","","","",""
"Niagara County Dept of Mental Health","Niagara County Counseling and Wellness","5467 Upper Mountain Road","1st Floor","Lockport","NY","14094","1895","Niagara","716-439-7400","https://","43.1775671","-78.7382106","SU","1","","","","1","","","1","1","1","","","","","","1","","","1","","1","1","1","","1","","","","1","","","","","1","","","1","","","","","","","","","","1","","1","1","","","","","","","","","1","1","1","1","1","1","","1","","1","","","","","","","","","","","","","","","","","1","","","","","","1","1","1","1","","","1","","1","1","","","1","","1","1","1","1","1","1","","","1","","1","","1","1","1","1","1","","","","1","1","","1","1","1","1","1","","1","1","1","","1","1","","1","","1","1","1","1","1","","1","","","1","1","1","","","","1","1","1","1","","","1","1","1","1","1","","","","","","","","1","1","","","","","","","","","1","","","","","","1","","","1","","","1","","","","","","","","","","","","","","","","","","","","","","","","","1"
"Somerset House","Residential Reintegration","7397 Lake Road","","Appleton","NY","14008","","Niagara","716-795-3719","https://www.cazenoviarecovery.org","43.3494431","-78.6229957","SU","1","","","","","","","","","","","","","","","1","","","1","","1","1","1","1","","","","1","","","1","","","","","","","","","","","","","","","","","","1","","","","","","","","","","1","1","","","1","","1","","","1","","1","1","","1","1","1","","","1","","1","1","1","1","","","","","","","","","1","1","","","1","1","1","1","1","1","","1","","","1","1","1","","","","","","","1","","","1","1","1","","","","1","1","1","","","","","","1","1","","1","1","","","1","","1","","1","","","1","1","","","","","","","","","","1","","","1","1","","","1","","1","1","1","","","","","","1","","","1","","","","","1","","","","","","","","","","","","","","1","","","","","","","","","","","","","","","","","","","","","","","","","","",""
"Newfane House of Hope","Residential Reintegration","2600 William Street","1st Floor","Newfane","NY","14108","1026","Niagara","716-268-3709","https://savethemichaels.org","43.2886541","-78.7089387","SU","1","","","","","","","","","","","1","","","","1","","","1","","","1","1","","1","","","1","","","1","","","","","","","","","","","","","","","","","","1","","","","","","","","","","1","1","","1","1","","1","1","","","","1","1","1","1","1","1","","","","1","1","1","1","1","1","","","","","","","1","1","1","1","","1","1","1","1","1","","","1","","","1","1","","1","","","1","","","1","","","1","1","1","","","","1","1","1","","","","","1","1","1","1","1","1","","1","1","","1","","1","","1","1","1","","","","","","","","","","1","","","1","1","","","1","","1","1","1","","","","","","1","","","1","1","1","","","1","","","","","","","","","","","","","1","1","","","","","","","","","","","","","","","","","","","","","","","","","","",""
"Recovery Center of Niagara LLC","Inpatient Rehabilitation","2600 William Street","","Newfane","NY","14108","","Niagara","716-265-3700","https://www.niagararecovery.com/","43.2886541","-78.7089387","SU","1","1","","","1","1","1","1","1","1","","","","","","","","","1","","1","1","","","1","","","1","","1","","1","","","","","","","","","","","","","","","","","1","","","","1","","","","","","1","1","","","1","1","","","","","","1","","","","1","1","","1","1","1","1","1","1","1","1","1","1","1","","","1","","1","1","1","","1","1","","1","1","","","1","","","1","1","1","1","","","","1","","1","","1","1","1","1","","","","","1","1","1","","","1","1","1","1","1","1","1","1","1","1","1","1","","","1","1","1","1","1","1","","1","1","1","1","1","1","","","","","","","","","1","1","","1","1","1","1","","1","1","","","1","1","","","1","","","","","1","","","1","1","","1","1","1","","1","","","","","","1","","","","","","","","","","","","","","","","","","","","",""
"Chautauqua County Dept Mental Hygiene","Dunkirk Mental Health Clinic","60-62 Franklin Avenue","","Dunkirk","NY","14048","","Chautauqua","716-363-3550","https://chqgov.com/mental-hygiene","42.483983","-79.3254506","SU","1","","","","","","1","1","1","1","","","","","","","","","1","","1","1","1","1","","","","","1","","","","","1","","","1","","","","","","","","","","1","","1","1","","","","","","","","","1","1","1","1","1","1","1","1","1","1","1","1","1","1","1","1","1","1","1","1","1","1","1","1","1","1","1","","","","","","","1","1","1","1","","1","1","1","1","","","1","","1","1","","1","1","1","","1","","","1","","1","1","1","1","1","","","","1","1","","1","","1","1","1","","1","1","1","","1","1","","1","","1","1","1","1","1","","1","","1","1","1","1","1","","","1","","","","","","1","1","","","","1","","","","1","1","","","1","1","","","","","","","","1","","","","","1","","","","1","1","","","","","","","","","","","","","","","","","","","","","","","","","","","1"
"PROMESA Inc","COP6","303 Main Street","","Dunkirk","NY","14048","","Chautauqua","716-400-1847","https://www.acacianetwork.org","42.4853983","-79.329109","SU","1","","","","1","","","1","","1","","","","","","1","","","1","","1","1","1","1","","","","","1","","","","","1","","","1","","","","","","","","","","","","1","","","","","","","","","","1","1","1","1","1","","","1","1","","1","1","1","1","1","1","1","","1","1","1","1","1","1","1","","1","","","","","","","1","1","1","1","","1","1","1","1","","","1","","1","1","1","1","1","1","","1","","","1","","1","1","1","1","","","1","","1","1","1","1","","1","1","1","","1","1","1","1","1","1","1","","","1","1","1","1","1","","1","","1","1","","1","1","","1","","1","","","","","","1","","","","","","","","","1","","1","1","1","","","","","","","","1","","","","","","1","1","1","","1","","","","","","","","","","","","","","","","","","","","","","","","","","",""
"Safe Point Lighthouse","Outpatient Clinic","303 Main Street","","Dunkirk","NY","14048","2718","Chautauqua","716-413-4661","https://www.acacianetwork.org","42.4855099","-79.3290785","SU","1","","","","1","","","1","","1","","","","","","1","","","1","","1","1","1","1","","","","","1","","","","","1","","","1","","","","","","","","","","","","1","","","","","","","","","","1","1","1","1","1","","","1","1","","1","1","1","1","1","1","1","1","1","1","1","1","1","1","1","1","1","","","","","","","1","1","1","1","","1","1","1","1","","","1","","1","1","1","1","1","1","1","1","","","1","","1","1","1","1","","","1","","1","1","1","1","","1","1","1","","1","1","1","1","1","1","1","","","1","1","1","1","1","","1","","1","1","","1","1","","1","","1","","","","","","1","","","","","","","","","1","","1","1","1","","","","","","","","1","","","","","","1","1","1","","1","","","","","","","","","","","","","","","","","","","","","","","","","","",""
"Safe Point Lighthouse","Methadone Clinic","303 Main Street","","Dunkirk","NY","14048","2718","Chautauqua","716-413-4661","https://www.acacianetwork.org","42.4854853","-79.3291657","SU","1","","","","1","","","1","","1","","","","","","1","","","1","","1","1","1","1","","","","","1","","","","","1","","","1","","","","","","","","","","","","1","","","","1","","","","","","1","1","1","1","1","","","1","1","","1","1","1","1","1","1","1","","1","1","1","1","1","1","1","","1","","","","","","","1","1","1","1","","1","1","1","1","","","1","","","1","1","1","1","1","1","1","","","1","","1","1","1","1","","","1","","1","1","1","1","","1","1","1","","1","1","1","1","1","1","1","","","1","1","1","1","1","","1","","1","1","","1","1","","1","","1","","","","","","1","","","","","","","","","1","","1","1","1","","","","","","","","1","","","1","1","","1","1","1","","1","","","","","","","","","","","","","","","","","","","","","","","","","","",""
"Promesa Inc","Safe Point Lighthouse","303 Main Street","","Dunkirk","NY","14048","","Chautauqua","716-413-4661","https://www.acacianetwork.org","42.4854853","-79.3291657","SU","1","","1","","1","","","1","","1","1","","","","","1","","1","1","","1","1","1","1","","","","","1","","","","","1","","","1","","","","","","","","","","","","1","","","","","","","","","","1","1","1","1","1","","","1","1","","1","1","1","1","1","1","1","1","1","1","1","1","1","1","1","1","1","","","","","","","1","1","1","1","","1","1","1","1","","","1","","1","1","1","1","1","1","1","1","","","1","","1","1","1","1","","","1","","1","1","1","1","","1","1","1","","1","1","1","1","1","1","1","","","1","1","1","1","1","","1","1","1","1","","1","1","","1","","1","","","","","","1","","","","","","","","","1","","1","1","1","","","","","","","","1","","","","","","1","1","1","","1","","","","","","","","","","","","","","","","","","","","","","","","","","",""
"UPMC Chautauqua Dunkirk Health Center","","306 Central Avenue","","Dunkirk","NY","14048","","Chautauqua","716-363-0018","https://www.upmcchautauqua.com","42.4845704","-79.334465","SU","1","","","","1","","1","1","1","1","","","","","","","","","1","","1","1","1","1","","","","","1","","","","","1","","","1","","","","1","","","","","","","","1","1","1","1","1","","","1","","","1","1","1","1","1","","","","","","","1","","","","","","","","1","1","","1","","","","1","","","","","","","1","1","1","1","1","1","1","1","1","","","1","","1","1","","1","1","","","1","1","","1","","1","1","1","1","1","","","","1","1","","1","","1","1","1","1","1","1","1","","","1","1","1","","","1","1","1","1","","1","","1","1","1","1","1","","1","1","","","","","","","1","","","","1","","","","1","","","","1","1","1","","","","","","","1","","","","","","","","","","1","","","","","","1","","","","","","","","","","","","","","","","","","","","",""
"Northpointe Council Inc","FirstStep/820 Resid Stabilization","2470 Allen Avenue","","Niagara Falls","NY","14303","1908","Niagara","716-285-3421 x401","https://www.northpointecouncil.org","43.0843381","-79.0301067","SU","1","1","","","1","","1","1","1","1","","","","","","1","","","1","","","1","1","","1","","","1","","1","","1","","","","","","","","","","","","","","","","","","","","","","","","","","","1","1","","","1","1","1","","","","","1","","","","","","","","","","","","","","","1","","","1","1","","","1","1","1","","1","1","1","1","1","","","1","","","1","1","1","1","","","1","1","","1","","1","1","1","1","","","1","1","1","1","1","","","1","1","1","1","1","1","1","","1","1","1","1","","1","1","1","1","1","1","1","","1","1","1","1","1","","1","","1","1","1","","","1","1","1","1","1","1","1","","","1","","","1","1","1","","1","","1","","","","1","","","","","1","1","1","1","","1","","","","","","","","","","","","","","","","","","","","","","","","","","",""
"First Step Center","Med Sup Withdrawal Inpatient","2470 Allen Avenue","","Niagara Falls","NY","14303","1908","Niagara","716-285-3421 x401","https://www.northpointecouncil.org","43.0843403","-79.0301327","SU","","1","","","","1","","1","1","1","","","","","","1","","","1","","","1","1","","1","","","1","","","","1","","","","","","","","","","","","","","","","","","","","","","","","","","","1","1","","","1","1","1","","","","","1","","","","","","","","","","","","","","","1","1","1","","","1","","1","","1","","1","1","1","1","1","","","1","","","1","1","1","1","","","1","","","1","","1","1","1","1","","","1","","1","1","1","","","1","1","1","1","1","1","1","","1","1","1","1","","1","1","1","1","1","1","1","","1","1","1","1","1","","1","","1","1","1","","","1","","1","1","1","1","1","","","1","","","1","1","1","","1","1","1","","","","1","","","","","1","1","1","1","","1","","","","","","","","","","","","","","","","","","","","","","","","","","",""
"Horizon Health Services Inc","Pine Avenue Recovery Center","2400 Pine Avenue","","Niagara Falls","NY","14301","","Niagara","716-505-1060","https://www.horizon-health.org","43.0954627","-79.0331639","SU","1","","","","1","","1","1","1","1","","","","","","1","","","1","","1","1","1","1","","","","","1","","","","","1","","1","1","","","","","","","","","","","","1","1","","","","","","","","","1","1","1","","1","1","1","","","1","","1","1","1","1","1","1","1","1","1","1","1","1","1","1","1","1","","","","","","","1","1","1","1","1","1","","1","1","","","1","","1","1","","1","1","","","1","1","","1","","1","1","1","1","1","","","1","1","1","","","","1","","1","1","1","1","","","1","1","1","1","","","1","","1","1","","1","","1","1","1","1","1","","1","1","","","1","","","","1","1","","1","1","","","1","1","","1","","1","","1","","","","","1","","1","","","","","","","1","1","","1","","","","","","1","","","","","","","","","","","","","","","","","","","","","1"
"Pine Avenue Recovery Center","OCCBHC","2400 Pine Avenue","","Niagara Falls","NY","14301","","Niagara","716-831-2700","https://www.horizon-health.org","43.0953863","-79.0332543","SU","1","","","","1","","1","1","1","1","","","","","","1","","","1","","1","1","1","1","","","","","1","","","","","1","","","1","","","","","","","","","","","","1","1","","","","","","","","","1","1","1","","1","1","1","","","1","","1","1","1","1","1","1","1","1","1","1","1","1","1","1","1","1","","","","","","","1","1","1","1","1","1","","1","1","","","1","","1","1","","1","1","","","1","1","","1","","1","1","1","1","1","","","1","1","1","","","","1","","1","1","1","1","","","1","1","1","1","","","1","","1","1","","1","","1","1","1","1","1","","1","1","","","1","","","","1","1","","1","1","","","1","1","","1","","1","","1","","","","","1","","1","","","","","","","1","1","","1","","","","","","1","","","","","","","","","","","","","","","","","","","","","1"
"Sundram Manor","Residential Reintegration","431 Memorial Parkway","","Niagara Falls","NY","14303","1407","Niagara","716-284-6228","https://www.cazenoviarecovery.org","43.0894751","-79.0485491","SU","1","","","","","","","","","","","","","","","1","","","1","","1","1","1","1","","","","1","","","1","","","","","","","","","","","","","","","","","","1","","","","","","","","","","1","1","","","1","","1","","","1","","1","1","","1","1","1","","","","1","1","1","1","1","","","","","","","","","1","1","","","1","1","1","1","1","1","","1","","","1","1","","1","","","","","","1","","","1","1","1","","","","1","1","1","","","","","","1","1","","1","1","","","1","","1","","1","","","1","1","","","","","","","","","","1","","","1","1","","","1","","1","1","1","","","","","","1","","","1","","","","","1","","","","","","","","","","","","","","1","","","","","","","","","","","","","","","","","","","","","","","","","","",""
"Niagara Co Dept of MH Services","Outpatient Clinic","1001 11th Street","Trott Access Center, 2nd Floor","Niagara Falls","NY","14301","1201","Niagara","716-278-1940","https://","43.0986139","-79.0494982","SU","1","","","","1","","","1","1","1","","","","","","1","","","1","","1","1","1","","1","","","","1","","","","","1","","","1","","","","","","","","","","1","","1","1","","","","","","","","","1","1","1","1","1","1","","1","","1","","","","","","","","","","","","","","","","","1","","","","","","1","1","1","1","","","1","","1","1","","","1","","1","1","1","1","1","1","","","1","","1","","1","1","1","1","1","","","","1","1","","1","1","1","1","1","","1","1","1","","1","1","","1","","1","1","1","1","1","","1","","","1","1","1","","","","1","1","1","1","","","1","1","1","1","1","","","","","","","","1","1","","","","","","","","","1","","","","","","1","","","1","","","1","","","","","","","","","","","","","","","","","","","","","","","","","1"
"Northpointe Council Inc","COP","1001 11th Street","","Niagara Falls","NY","14301","","Niagara","716-278-8110 x352","https://www.northpointecouncil.org","43.098763","-79.049464","SU","1","","","","1","","","1","1","1","","","","","","","","","1","","1","1","","1","","","","","1","","","","","1","","","1","","","","","","","","","","","","1","","1","","","1","","","","","1","1","1","1","1","1","","1","","","","1","1","1","1","1","1","1","1","1","1","1","1","1","1","1","","","","","","","","1","1","1","","","1","1","1","","","","1","","1","1","1","1","1","","","","1","","1","","","1","1","1","1","","","","1","1","1","","1","","","1","","1","1","","","1","1","1","1","","1","1","1","1","1","","1","","1","1","1","1","1","","1","","","","","","","1","1","1","","1","","","","","","1","1","1","1","1","","","","","","","","","","","","1","","1","1","1","","1","","","","","1","","","","","","","","","","","1","","","","","","","","","","",""
"Beacon Center","Outpatient Chemical Dependency Program","417 3rd Street","","Niagara Falls","NY","14301","","Niagara","716-282-4480","https://www.beaconcenter.net","43.088824","-79.0589383","SU","1","","","","1","","1","1","1","1","","","","","","1","","","1","","1","1","1","","1","","","","1","","","","","1","","","1","","","","","","","","","","","","1","","","","","","","","","","1","1","","1","1","","","1","","1","","1","","","","","","1","","1","1","","1","1","1","1","","","","","","","","1","1","1","","","1","1","1","","1","","1","","1","1","","1","1","","","1","","","1","","1","1","1","1","","","","","","","","","","1","","1","","1","1","","","1","","","","","1","1","1","1","1","","1","","1","1","1","1","1","1","","1","1","","","","","1","1","","","","1","","","","1","","1","","1","1","","","","","","","","1","","","","","","1","","","","","","1","","","","","","","","","","","","","","","","","","","","","","","","",""
"Joan and Sanford I Weill Med College","Midtown Ctr for Trt and Research OP","641 Lexington Avenue","13th Floor","New York","NY","10022","4206","New York","212-764-5178","https://www.midtowntreatmentcenter.org","","","SU","1","1","","","1","1","1","1","1","","","","","","","","","","1","","1","1","1","1","","","","","1","","","","1","1","","1","1","","","","","","","","","","","","1","","","","","","","","","","1","1","","1","1","","1","","","1","","1","","","","","","","","1","1","","","","","","1","1","1","","","1","","1","1","1","1","","","","1","1","","","1","","","1","1","1","1","","","1","","","1","","1","1","1","1","1","1","","","1","","","1","","1","1","1","","1","1","1","","1","","","1","","","1","1","1","1","","1","","1","1","1","1","","","1","","","","","","","","1","","","","1","","","","1","","","","1","","","","1","","","","","1","","","","","","","","","","1","","","","","","1","","","","","","","","","","","","","","","","","","","","",""
"Care Counseling Center LLC","Outpatient Clinic","214 West 116th Street","","New York","NY","10026","","New York","212-602-1400","https://www.carecounselingnyc.com","","","SU","1","","","","","","","","","","","","","","","1","","","1","","1","1","1","1","","","","","1","","","","","","","1","1","","","","","","","","","","","","1","","","","1","","","","","","1","1","1","","1","","","","","","1","","","","","","","","","1","1","","","","","","","","","","","","1","1","1","1","1","","","","1","1","","","1","","","1","1","1","1","1","","1","1","","1","","1","1","1","1","","","","1","1","1","","1","","","1","1","","1","1","1","","1","1","","1","","1","1","1","1","1","","","","","","","","","1","","","","","1","","","1","1","1","","1","","","","","","","","","1","","","","","","","","","","","","","","","","","","","1","","","","","1","","","","1","","","","","","","","","","","","","1","","","","",""
"SAFE Foundation Inc","","","","Brooklyn","NY","11223","5202","Kings","866-569-7233","https://www.thesafefoundation.org","","","SU","1","","","","1","","1","1","1","1","","","","","","1","","","1","","1","1","","1","","","","","1","","","","","1","","","1","","","","","","","","","","","","1","","","","","","","","","","1","1","","1","1","","1","1","","","","","","","","","","","","1","1","","","","","1","1","","","","","","1","1","1","1","","1","1","","1","","","","1","","1","1","","1","1","","","1","","","","","1","1","1","1","1","","","","","","","","","","1","1","1","1","1","","","","","","","","","1","1","1","1","1","1","","1","1","1","1","1","","1","","","1","","","","1","1","","1","","1","","","","1","","1","","1","1","","","","","","","","1","","","","","","1","","","","1","","","","","","","","","","","","","","","","","","","","","","","","","","",""
"IDCC Coney Island","CCBHC","2846 Stillwell Avenue","","Brooklyn","NY","11224","","Kings","718-975-4888","https://www.interborough.org","","","SU","1","1","","","1","","1","1","","1","","","","","","1","","","1","","1","1","1","","","1","","","1","","","","1","1","","1","","","","","","","","","","","","","1","1","","","","","","","","","1","1","1","1","1","1","1","","","","1","1","1","1","1","1","1","1","1","1","1","1","1","1","1","1","1","1","1","1","1","1","","1","1","1","1","1","1","1","1","1","","","","","1","1","","1","1","","","1","","","1","","1","1","1","1","1","","","1","1","","","1","","1","1","1","","1","1","1","","","1","","1","","1","","1","1","1","","1","","1","1","1","1","1","","1","1","","","1","","","1","1","1","","1","","","","","","1","1","","1","1","","1","1","","","","","1","","","","","1","","","","1","1","","","","","1","","1","1","","","","","1","","","1","","","1","1","","1","1","","","","1"
"Long Island Jewish Medical Center","Methadone Maintenance Trt Program","7559 263rd Street","","Glen Oaks","NY","11004","","Queens","718-470-8940","https://northwell.edu","","","SU","1","1","1","1","1","1","","1","","","1","","","","","","","1","1","","1","1","1","1","","","","","1","","","","1","1","","","1","","","","","1","","","","","","","1","","1","","1","","","","","","1","1","1","","1","","1","1","","1","","1","","","","","","","1","1","1","","1","","","","1","","","","","1","","1","1","1","1","","1","","1","","","","1","","","1","1","1","1","","","1","1","","1","","1","1","1","1","","","","1","1","1","1","","","1","","1","","1","1","1","1","1","1","1","1","","","1","1","1","1","","","1","1","1","","","1","","1","1","","","","","","","1","1","1","1","1","","","","1","","1","","1","","1","","1","","1","1","","1","","","1","1","1","1","1","1","1","1","","","1","","","1","","","","","","","","","","","","","","","","","","","","",""
"Family and Childrens Association","Hempstead Satellite office","126 North Franklin Street","","Hempstead","NY","11550","","Nassau","516-486-7200","https://www.fcali.org","","","SU","1","1","","","1","1","1","1","1","1","","","","","","1","","","1","","1","1","1","1","","","","","1","","","","1","1","","1","1","","","","","","","","","","","","1","1","","","","","","","","","1","1","1","1","1","","1","","","1","1","1","","","","1","","1","","1","1","","1","","","1","1","","","","","1","1","1","1","1","1","","1","","1","1","1","","1","","1","1","1","1","1","1","","1","1","","1","","1","1","1","1","1","","1","1","1","1","1","1","","1","1","1","","1","1","1","1","1","1","","1","","1","1","1","1","1","","1","","1","1","1","1","1","","1","1","1","1","1","","","1","1","1","1","1","1","","","1","","","1","1","1","1","","","1","1","","","","1","1","","","","1","1","","1","","1","","","","","","","","","","","","","","","","","","","","","","","","","","","1"
"Family and Childrens Association","Hicksville Drug Counseling Center OP","180 Broadway","2nd Floor","Hicksville","NY","11801","4256","Nassau","516-935-6858","https://www.fcali.org","","","SU","1","1","","","1","1","1","1","1","1","","","","","","1","","","1","","1","1","1","1","","","","","1","","","","1","1","","1","1","","","","","","","","","","","","1","1","","","","","","","","","1","1","1","1","1","","1","","","1","1","1","","","","1","","1","","1","1","","1","","","1","1","","","","","1","1","1","1","1","1","","1","","1","1","1","","1","","1","1","1","1","1","1","","1","1","","1","","1","1","1","1","1","","1","1","1","1","1","1","","1","1","1","","1","1","1","1","1","1","","1","","1","1","1","1","1","","1","","1","1","1","1","1","","1","1","1","1","1","","","1","1","1","1","1","1","","","1","","","1","1","1","1","","","1","1","","","","1","1","","","","1","1","","1","","1","","","","","","","","","","","","","","","","","","","","","","","","","","","1"
"Hicksville Drug Counseling Center","OCCBHC","180 Broadway","2nd Floor","Hicksville","NY","11801","","Nassau","516-746-0350","https://www.fcali.org","","","SU","1","1","","","1","1","1","1","1","1","","","","","","1","","","1","","1","1","1","1","","","","","1","","","","1","1","","1","1","","","","","","","","","","","","1","1","","","","","","","","","1","1","1","1","1","","1","","","1","1","1","","","","1","","1","","1","1","","1","","","1","1","","","","","1","1","1","1","1","1","","1","","1","1","1","","1","","1","1","","1","1","1","","1","1","","1","","1","1","1","1","1","","1","1","1","1","1","1","","1","1","1","","1","1","1","1","1","1","","1","","1","1","1","1","1","","1","","1","1","1","1","1","","1","1","1","1","1","","","1","1","1","1","1","1","","","1","","","1","1","1","1","","","1","1","","","","1","1","","","","1","1","","1","","1","","","","","","","","","","","","","","","","","","","","","","","","","","","1"
"Morning Star I","Residential Reintegration","151 Burrs Lane","","Huntington Station","NY","11746","","Suffolk","631-213-0203","https://sco.org","","","SU","1","","","","","","","","","","","","","","","1","","","1","","","1","1","1","","","","1","","","1","","","","","","","","","","","","","","","","","","1","","","","","","","1","","","1","1","","1","1","","1","","","","","","","","","","","","1","1","","","1","","","","","","","","","","","1","1","1","","1","1","1","1","1","","","1","","","1","1","1","","","","","","","1","","","1","1","1","","","","1","1","1","","","","","","1","1","1","1","1","","1","1","","1","","1","","1","1","1","","","","","","","","","","1","","1","1","1","","","1","","1","1","1","","","","","","","1","","1","1","","","","","","","","","","","","","1","","","","","1","","","","","","","","","","","","","","","","","","","","","","","","","","",""
"Morning Star II","Residential Reintegration","151 Burrs Lane","","Huntington Station","NY","11746","","Suffolk","631-213-0322","https://sco.org","","","SU","1","","","","","","","","","","","","","","","1","","","1","","","1","1","1","","","","1","","","1","","","","","","","","","","","","","","","","","","1","","","","","","","1","","","1","1","","1","1","","1","","","","","","","","","","","","1","1","","","1","","","","","","","","","","","1","1","1","","1","1","1","1","1","","","1","1","","1","1","1","","","","","","","1","1","","1","1","1","","","","1","1","1","","","","","","1","1","1","1","1","","1","1","","1","","1","","1","1","1","","","","","","","","","","1","","1","1","1","","","1","","1","1","1","","","","","","","1","","1","1","","","","","","","","","","","","","1","","","","","1","","","","","","","","","","","","","","","","","","","","","","","","","","",""
"Lexington Center for Recovery Inc","RRi/Maple House","94 Maple Avenue","","Mount Kisco","NY","10549","","Westchester","914-301-8088 x1006","https://www.lexingtonctr.org","","","SU","1","","","","","","","1","","","","1","","","","1","","","1","","1","1","","","1","","","1","","","1","","","","","","","","","","","","","","","","","","1","","","","","","","","","","1","1","1","","1","","","","","","","","","","","","","","","","1","","","","","","","","","","","","","1","1","","","1","1","1","1","1","1","1","1","","","1","1","","1","","","","","","1","","1","1","1","1","","","","","1","1","","","","","","1","1","","","","","1","1","","","","1","","1","1","1","","","","1","","1","","","","1","","1","1","","","","1","","","1","","","","","","","","","","1","","1","","","","","","","","","","","","","","","","","","","1","","","","","","","","","","","","","","","","","","","","","","","","",""
"Westchester Medical Center","Turning Point Outpatient Clinic","","","Poughkeepsie","NY","12601","","Dutchess","845-483-5512","https://www.wmchealth.org/","","","SU","1","","","","","","1","1","1","1","","","","","","","","","1","","1","1","1","1","","","","","1","","","","","1","","","1","","","","1","","","","","","","","1","","","1","","","","","","","1","1","1","1","1","1","","","","1","","1","","","","1","","","","1","","","1","","","","1","","","","","","","1","1","1","1","","1","","1","1","","","1","","","1","1","1","1","1","","1","1","","1","","","1","1","1","","","","","1","1","","1","","1","","1","","1","1","1","","1","1","1","1","","","1","1","1","1","","1","","1","1","1","1","1","","1","1","","","","","","","1","","","","1","","","","1","","","","1","","1","","","","","","","1","","","","","","1","","","","1","","","","","","","","","","","","","","","","","","","","","","","","","","",""
"Mid Hudson Valley Div of WMC","Medical Managed Detoxification","","","Poughkeepsie","NY","12601","","Dutchess","845-483-5513","https://www.wmchealth.org","","","SU","1","1","1","1","1","1","1","1","1","1","1","","","","","","","1","1","","","1","1","1","","","1","","","","","","","","","","","1","1","","1","","","","","","","","1","","","1","","1","","","","","1","1","1","1","1","1","","","","1","","1","","","","1","","","1","1","1","","1","","","","1","1","1","","1","1","","1","1","","","1","1","","1","1","","","1","","","1","1","1","1","","","","1","","1","","1","1","1","1","","","","","1","1","1","","","1","","1","1","1","1","1","1","1","1","1","1","","1","1","1","1","1","","1","1","1","1","1","1","1","","1","","","","","","","","1","","","","1","","","","1","","","","1","1","1","","1","","1","1","","1","","","1","1","","1","1","1","","1","","","","","","1","","","","","","","","","","","","","","","","","","","","",""
"Mid Hudson Valley Div of WMC","Inpatient Rehab","","","Poughkeepsie","NY","12601","","Dutchess","845-483-5514","https://www.wmchealth.org","","","SU","1","","1","","1","","1","1","1","","1","","","","","","","1","1","","","1","1","1","","","1","","","","","","","","","","","","1","","1","","","","","","","","1","","","1","","","","","","","1","1","1","1","1","1","","","","1","","1","","","","","","","","1","1","","1","","","","1","","","","","","","1","1","1","","1","1","","1","1","","","1","","","1","1","1","1","","","1","1","","1","","1","1","1","1","1","","","","1","1","1","","","1","","1","1","1","1","1","1","1","1","1","1","","","1","1","1","1","","1","1","1","1","1","1","1","","1","","","","","","","","1","","","","1","","","","1","","","","1","","1","","","","1","1","","1","","","","","","1","1","1","","1","","","","","","1","","","","","","","","","","","","","","","","","","","","",""
"East Hampton Residential Program RR","","287 Springs Fireplace Rd","","East Hampton","NY","11937","","Suffolk","631-537-2891 x5795","https://","","","SU","1","","","","1","","1","1","1","1","","","","","","","","","1","","","1","1","","1","","","1","","","1","","","","","","","","","","","","","","","","","","1","","1","","","1","","","","","1","1","1","1","1","","","","","","","","","","","","","","","","1","","1","","","","1","","","","","","","1","1","1","1","1","1","1","1","1","","","1","","","1","1","","1","","","1","","","1","","","","1","1","","","","1","1","1","","","","1","","1","1","","","1","","1","1","","1","","1","1","1","","1","1","1","","1","1","1","1","1","","1","","","","","","","","1","","1","","1","1","1","","1","","1","","1","1","","1","","1","","1","","1","","","","","","","","","","1","","","","","","","","","","","","","","","","","","","","","","","","","","",""
"Riverside Residential","820 Residential Reintegration","428 West Main Street","","Catskill","NY","12414","1657","Greene","518-943-2744 x3528","https://Twincountyrecoveryservices.org","","","SU","1","","","","","","","1","","","","1","","","","1","","","1","","","1","","","1","","","1","","","1","","","","","","","","","","","","","","","","","","1","","","","","","","","","","1","","","","","","1","1","","","","","","","","","","","1","1","","","","","","","","","","","","","","1","1","1","","","1","","1","","","","1","1","","1","1","1","","","","","1","","1","","","1","1","1","","","","1","1","1","","1","","","","1","","1","1","1","","1","1","","1","","1","","1","1","1","1","","","1","1","1","","1","","1","","1","1","1","","","1","","1","1","1","","","","","","","1","","1","","","1","","1","","","","","","","","","","","","","","","","1","","","","","","","","","","","","","","","","","","","","","","","","",""
"Red Door Residential","820 Residential Reintegration","437-441 Columbia Street","","Hudson","NY","12534","1911","Columbia","518-822-0090 x1202","https://Twincountyrecoveryservices.org","","","SU","1","","","","","","","1","","","","1","","","","1","","","1","","","1","","","1","","","1","","","1","","","","","","","","","","","","","","","","","","1","","","","","","","","","","1","","","","","","1","1","","","","","","","","","","","","","1","","","","","","","","","","","","","1","1","1","","","1","","1","","","","1","","","1","1","","1","","","","1","","1","","","1","1","1","","","","1","1","1","","1","","","","1","","1","1","1","","1","1","","1","","1","","1","1","1","1","","","1","1","1","","1","","1","","1","1","1","","","1","","1","1","1","","","","","","","1","","1","","","1","","1","","","","","","","","","","","","","","","","1","","","","","","","","","","","","","","","","","","","","","","","","",""
"McCarty Avenue","Mens Stabil Rehab","90 McCarty Avenue","","Albany","NY","12202","","Albany","518-434-3083 x316","https://www.theacca.net","","","SU","1","","","","1","","1","1","1","1","","","","","","1","","","1","","1","1","1","","1","","","1","","1","1","","","","","","","","","","","","","","","","","","1","","1","","","","","","","","1","1","","1","","","1","","","1","","1","1","","","1","1","","","","1","1","1","1","1","","1","","","","","","","1","1","1","","","1","","1","1","","","1","","","1","1","","1","","","1","1","","1","","1","1","1","1","1","","","1","1","1","1","1","","1","1","1","1","1","1","1","1","1","1","1","1","","1","1","1","1","1","","1","","1","1","1","1","1","","1","","1","1","1","","","1","1","1","1","1","1","","1","1","1","","1","","1","1","1","","","1","1","1","","1","","","","1","1","1","1","1","","1","","","","","","1","","","","","","","","","","","","","","","","","","","","",""
"Albany Citizens Council","Residential Reintegration","90 McCarty Avenue","","Albany","NY","12202","1151","Albany","518-434-8083","https://www.theacca.net","","","SU","1","","","","","","","","","","","","","","","1","","","","","1","1","","","1","","","1","","","1","","","","","","","","","","","","","","","","","","1","","1","","","","","","","","1","1","","1","1","","1","","","1","","1","1","","","1","1","","","1","1","1","1","1","1","","","","","","","","","1","1","1","","","1","","1","","","","1","","","1","1","1","1","","","1","","","1","","","1","1","1","","","","1","1","1","1","1","","1","1","1","","1","1","1","1","1","1","1","1","","","","1","1","1","","","","","","","","","","1","","1","1","1","","","1","","1","1","1","","","","","","","1","","1","1","1","","","1","","","","","","","","","1","","1","1","","1","","","","","","","","","","","","","","","","","","","","","","","","","","",""
"TREE House for Women","Children Stabil Rehab","90 McCarty Avenue","","Albany","NY","12202","","Albany","518-407-0556 x517","https://www.theacca.net","","","SU","1","","","","1","","1","1","1","1","","","","","","1","","","1","","1","1","1","","1","","","1","","1","1","","","","","","","","","","","","","","","","","","1","","1","","","","","","","","1","1","","1","","","1","","","1","","1","1","","","1","1","","1","1","","1","1","1","1","","1","","","","","","","1","1","1","","","1","1","1","1","","","1","1","","1","1","1","","","","1","1","","1","","1","1","1","1","1","","","1","1","1","1","1","","1","1","1","1","1","1","1","1","1","1","1","1","","1","1","1","1","1","","1","","1","1","1","1","1","","1","","1","1","1","","","1","1","1","1","1","1","1","1","","1","","1","","1","1","1","","","1","1","1","","1","","","","1","1","1","1","1","","1","","","","","","1","","","","","","","","","","","","","","","","","","","","",""
"Next Step Women and Childrens Prog","Residential Reintegration","","","Albany","NY","12209","","Albany","518-482-4673","https://www.hopehouseinc.org","","","SU","1","","","","","","","","","","","","","","","1","","","1","","","1","","","1","","","1","","","1","","","","","","","","","","","","","","","","","","1","","1","","","","","","","","1","1","1","","1","","1","","","","","1","","","","","","","1","1","","","1","","","","","","","","","","","1","1","1","","1","1","1","1","","","","1","1","","1","1","1","","","","","","","1","","","1","1","1","","","","","","","","1","","","","1","1","1","1","1","","1","","","1","","1","","1","1","1","","","","","","","","","","1","1","1","1","1","","","1","","1","1","1","","","","","","","1","","1","1","","","","","","","","","","","","","","","","","","1","","","","","","","","","","","","","","","","","","","","","","","","","","",""
"Bette Center","820 Residential Reintegration","261 North Pearl Street","","Albany","NY","12207","","Albany","518-465-2441","https://www.hopehouseinc.org","","","SU","1","","","","","","","","","","","","","","","1","","","1","","","1","","","1","","","1","","","1","","","","","","","","","","","","","","","","","","1","","","","","","","","","","1","1","","1","1","","1","","1","","","","","","","","","","","","1","","","","","","","","","","","","1","1","1","","","","1","1","1","","","","1","","","1","1","","1","","","1","","","1","","","1","1","1","","","","1","1","1","","","","","1","1","","1","1","1","","1","1","","1","","1","","1","1","1","","","","","","","","","","1","","1","1","1","","","1","","1","1","1","","","","","","","1","","1","1","","","","1","","","","","","","","","1","","","","","1","","","","","","","","","","","","","","","","","","","","","","","","","","",""
"Womens Supportive Living RRi","Reintegration","","","Albany","NY","12208","","Albany","518-482-4673","https://www.hopehouseinc.org/","","","SU","1","","","","","","","","","","","","","","","1","","","1","","","1","","","1","","","1","","","1","","","","","","","","","","","","","","","","","","1","","1","","","","","","","","1","1","1","","1","","1","","","","","1","","","","","","","1","1","","","1","","","","","","","","","","","1","1","1","","1","1","1","1","","","","1","","","1","1","1","","","","","","","1","","","1","1","1","","","","","","","","1","","","","1","1","1","1","1","","1","","","1","","1","","1","1","1","","","","","","","","","","1","1","1","1","1","","","1","","1","1","1","","","","","","","1","","1","1","","","","","","","","","","","","","","","","","","1","","","","","","","","","","","","","","","","","","","","","","","","","","",""
"Hope House Inc","Womens Supportive Living","879 Madison Avenue","","Albany","NY","12208","","Albany","518-482-4673","https://www.hopehouseinc.org","","","SU","1","","","","1","","1","1","1","1","","1","","","","1","","","1","","","1","1","","1","","","1","","","1","","","","","","","","","","","","","","","","","","1","","","","","","","","","","1","1","","1","1","","1","","","","","1","1","","1","1","1","","","1","","1","1","1","1","","1","","","","","","1","1","1","1","","1","1","1","1","1","1","","1","","","1","1","1","","","","1","","","1","","","1","1","1","","","","1","1","1","1","","","1","1","1","1","","1","1","1","1","1","1","1","","1","1","1","1","1","","1","","1","1","1","1","1","","1","","1","1","","","","1","1","","1","","1","1","","","1","1","1","","1","1","1","1","","1","","","","1","","","","1","1","","1","1","1","1","","","","","","1","","","","","","","","","","","","","","","","","","","","",""
"Hospitality House TC Inc","Stabil Rehab","271 Central Avenue","","Albany","NY","12206","2611","Albany","518-434-6468 x106","https://www.hospitalityhousetc.org","","","SU","1","","","","1","","1","1","1","1","","","","","","","","","1","","","1","1","","1","","","1","","1","1","","","","","","","","","","","","","","","","","","1","","","","","","","","","","1","1","","","","","1","1","1","1","1","1","1","1","1","1","","","","","1","1","1","1","1","1","1","","","","","","1","1","1","1","1","1","1","1","1","1","1","","1","","","1","1","","1","","","1","1","","1","","1","1","1","1","1","1","1","1","1","1","1","1","","1","1","1","1","1","1","1","1","1","1","1","1","","1","1","1","1","1","1","1","","1","1","1","1","1","","1","","","","","","","","1","","","","1","1","1","1","1","1","1","1","1","1","1","1","","1","1","1","","1","1","","","","","1","1","1","1","1","","","","","","1","","","","","","","","","","","","","","","","","","","","",""
"Fusion Recovery Centers LLC","COP","444 Broadway","","Albany","NY","12204","","Albany","518-650-2966 x105","https://fusionrecovery.com","","","SU","1","","","","1","","1","1","1","1","","","","","","1","","","1","","1","1","1","","1","","1","","1","","","","","1","","1","1","","","","","","","","","","","","1","","1","","1","","","","","","1","1","1","1","1","1","","1","","","","","","","","","","","","","","","","","","","1","","","","","","","1","1","1","","1","1","1","1","1","1","1","1","","","1","1","1","1","","","1","1","","1","","1","1","1","1","1","","1","","1","1","1","","","1","1","1","1","1","1","","1","1","1","1","1","","1","1","1","1","1","1","1","","1","1","1","1","1","1","","1","1","1","","","","","1","","1","","1","","","","1","","1","1","1","","1","","","","1","1","","1","","","1","1","","1","1","1","1","","","1","","","","1","","","","","","","","","","","","","","","","","","","","",""
"Hope House Inc","Outpatient Clinic","1724 5th Avenue","","Troy","NY","12180","","Rensselaer","518-272-3918","https://www.hopehouseinc.org","","","SU","1","","","","1","","1","1","1","1","","","","","","1","","","1","","1","1","1","","1","","","","1","","","","","1","","1","1","","","","","","","","","","","","1","","","","","","","","","","1","1","","1","1","","1","","","","","1","1","1","1","1","1","1","1","1","1","1","1","1","1","1","1","","","","","","1","1","1","","","1","1","1","1","1","1","","1","","1","1","1","1","1","","","1","","","1","","1","1","1","1","","","","1","1","1","","1","","1","1","1","","1","1","1","","","1","","1","","1","1","1","1","1","","1","","1","1","1","1","1","","1","1","","","1","","","1","1","1","","1","","","","","","1","1","","1","1","","1","","","","","","1","","","","","1","","","","1","","","1","","","","1","","","","","","","","","","","","","","","","","","","","","1"
"Elizabeth House RRi","","106-108 9th St","","Troy","NY","12180","","Rensselaer","518-482-4673","https://www.hopehouseinc.org","","","SU","1","","","","","","","","","","","","","","","1","","","1","","","1","","","1","","","1","1","","1","","","1","1","1","1","","","","","","","","","","","","1","","","","","","","","","","","1","","1","1","","","","","","","","","","","","","","","1","","","","","","1","","","","","","","","1","1","","","","1","1","1","","","","1","","","1","1","1","","","","","","","1","","","1","1","1","","","","1","","","","","","","1","1","","","1","1","","1","","","","","1","","1","1","1","","1","","","","","","","","1","","","1","1","1","","","","","","","","","","","","","1","","1","1","","1","","1","","","","","","","","","","","","","","1","","","","","","","","","","","","","","","","","","","","","","","","","","",""
"Troy House","SRR","504 2nd Avenue","","Troy","NY","12182","","Rensselaer","518-407-0562 x431","https://www.theacca.net","","","SU","1","","","","1","","1","1","1","1","","","","","","1","","","1","","1","1","1","","1","","","1","","1","1","","","","","","","","","","","","","","","","","","1","","1","","","","","","","","1","1","","1","","","1","","","1","","1","1","","","1","1","","","","1","1","1","1","1","","1","","","","","","","1","1","1","","","1","","1","1","","","1","","","1","1","","1","","","1","1","","1","","1","1","1","1","1","","","1","1","1","1","1","","1","1","1","1","1","1","1","1","1","1","1","1","","1","1","1","1","1","","1","","1","1","1","1","","","1","","1","1","1","","","1","1","1","1","1","1","","1","1","1","","1","","1","1","1","","","1","1","1","","1","","","","1","1","1","1","1","","1","","","","","","1","","","","","","","","","","","","","","","","","","","","",""
"Serenity House RRi","","402 South Albany Street","","Ithaca","NY","14850","","Tompkins","607-391-0020","https://www.sjcs.org","","","SU","1","","","","","","","","","","","1","","","","1","","","","","","1","","1","","","","1","","","1","","","","","","","","","","","","","","","","","","1","","","","","","","","","","1","1","","","1","","","","1","","","1","1","","","1","1","","","1","1","","","","","1","","","","","","","","1","1","","","","","","1","","1","","1","","","1","1","1","1","","","","","","","","","1","","1","","","","1","","","","","","","","1","","1","1","1","","","","","1","","1","","","1","1","","","","","","","","","","1","","","","1","","","1","","1","","1","","","","","","","","","1","1","","","","","","","","","","","","","","","","","","1","","","","","","","","","","","","","","","","","","","","","","","","","","",""
"ACCA Quaker Road","Stabil Rehab","68 Quaker Road","","Queensbury","NY","12804","","Warren","518-407-0563","https://www.theacca.net","","","SU","1","","","","1","","1","1","1","1","","","","","","1","","","1","","1","1","","","1","","","1","","1","1","","","","","","","","","","","","","","","","","","1","","1","","","","","","","","1","1","","1","","","1","","","1","","1","1","","1","1","1","","","","1","1","1","1","1","","1","","","","","","","1","1","1","","","1","1","1","1","","","1","","","1","1","","1","","","1","1","","1","","1","1","1","1","1","","","1","1","1","1","1","","1","1","1","1","1","1","1","1","1","1","1","1","","1","1","1","1","1","","1","","1","1","1","1","","","1","","1","1","1","","","1","1","1","1","1","1","","1","1","1","","1","","1","1","1","","","1","1","1","","1","","","","1","1","1","1","1","","1","","","","","","1","","","","","","","","","","","","","","","","","","","","",""
"Glenwood House","820 Stabil Rehab Reintegration","79 Glenwood Avenue","","Queensbury","NY","12804","1762","Warren","518-407-0564","https://www.theacca.net","","","SU","1","","","","1","","1","1","1","1","","","","","","1","","","1","","1","1","1","","1","","","1","","1","1","","","","","","","","","","","","","","","","","","1","","1","","","","","","","","1","1","","1","","","1","","","1","","1","1","","1","1","1","","1","1","","1","1","1","1","","1","","","","","","","1","1","1","","","1","","1","1","","","1","1","","1","1","1","","","","1","1","","1","","1","1","1","1","1","","","1","1","1","1","1","","1","1","1","1","1","1","1","1","1","1","1","1","","1","1","1","1","1","","1","","1","1","1","1","","","1","","1","1","1","","","1","1","1","1","1","1","","1","1","1","","1","","1","1","1","","","1","1","1","","1","","","","1","1","1","1","1","","1","","","","","","1","","","","","","","","","","","","","","","","","","","","",""
"Cayuga Addiction Recovery Services","Residential Services","6621 Route 227","P.O Box 724","Trumansburg","NY","14886","0724","Tompkins","607-273-5500","https://","","","SU","1","","","","1","","1","1","1","1","","","","","","","","","1","","1","1","1","1","","","","1","","","1","","","","","","","","","","","","","","","","","","1","","1","","","","","","","","1","1","1","1","1","1","1","1","1","1","","1","1","1","1","1","1","","","","1","1","1","1","1","","1","","","","","","","1","1","1","","1","1","1","1","1","1","","1","","","1","1","","1","","","1","1","","1","","1","1","1","1","1","","","1","1","1","1","","","","1","1","1","1","1","","1","","1","1","1","","1","1","","1","1","","1","","1","1","1","1","1","","1","","","","","","","","1","","1","","1","1","1","","1","1","1","1","1","1","","1","","1","","","","1","1","","","1","","1","1","1","1","1","","","","","","","","","","","","","","","","","","","","","","","","","","",""
"Lincoln House","Residential Rehabilitation","168 Lincoln Avenue","","Syracuse","NY","13204","","Onondaga","315-218-6492","https://www.helio.health","","","SU","1","","","","1","","1","1","1","","","1","","","","1","","","1","","","1","1","1","","","","1","","","1","","","","","","","","","","","","","","","","","","1","","","","","","","","","","1","1","","","1","","1","","","","","1","1","","","","1","","","","1","1","1","1","1","","","","","","","","1","1","1","","","1","1","","1","1","1","","1","","","1","1","","1","","","1","1","","1","","","1","1","1","","","","1","1","1","","","","1","","1","1","1","1","1","","1","1","","1","","1","1","1","1","1","","1","","1","","","1","1","","1","","1","1","1","","","1","1","","1","","","","","","","1","1","","1","1","","","","1","","","","1","","","","","","","","","","1","","","","","","","","","","","","","","","","","","","","","","","","","","",""
"Helio Health Inc","Residential Reintegration 2","121-125 Green Street","","Syracuse","NY","13203","2311","Onondaga","315-472-4442","https://www.helio.health","","","SU","1","","","","","","","","","","","1","","","","1","","","1","","","1","1","1","","","","1","","","1","","","","","","","","","","","","","","","","","","1","","","","","","","","","","1","1","","","1","","1","","","","","1","1","","","","1","","","","1","1","1","1","1","","","","","","","","1","1","1","","","1","1","1","1","1","1","","1","","","1","1","","1","","","1","","","1","","","1","1","1","","","","1","1","1","","","","","","1","1","1","1","1","","1","1","","1","","1","","1","1","1","","","","","","","","","","1","","1","1","1","","","1","","1","1","1","","","","","","1","1","","1","1","","","","1","","","","","","","","","","","","","","1","","","","","","","","","","","","","","","","","","","","","","","","","","",""
"Helio Health Inc","Evaluation Center MSW IP","847 James Street","","Syracuse","NY","13203","","Onondaga","315-492-1184 x1401","https://www.helio.health","","","SU","","1","","","1","1","1","1","1","1","","","","","","1","","","1","","","1","1","1","","","1","","","","","","","","","","","1","","","","","","","","","","","","","","","","","","","","","1","1","","","1","1","1","","","","","","","","","","","","","","","","1","","","","","1","1","1","1","1","","1","1","","","1","","","","1","","","1","","","1","1","1","1","","","1","","","1","","","1","1","1","1","","","","","","1","1","1","","1","1","1","","1","","1","","","1","1","","","1","","1","","","1","","1","","1","1","","","1","","1","","","","","","1","","","","1","","","","1","","","","1","","","1","1","","","","","1","","","","","","1","1","1","","1","","","","","","1","","","","","","","","","","","","","","","","","","","","",""
"Helio Health Inc","Inpatient Rehabilitation","847 James Street","","Syracuse","NY","13203","2504","Onondaga","315-492-1184 x1401","https://www.helio.health","","","SU","1","","","","1","","","1","1","1","","","","","","1","","","1","","","1","1","1","","","1","1","","1","","","","","","","","","1","","","","","","","","","","","","","","","","","","","","1","1","","1","1","1","1","","","","","1","","","","","","","","","","1","1","","","","","","","","","","","1","1","","","1","1","","1","1","","","1","","","1","1","1","1","","","1","","","","","1","1","1","1","1","","","1","1","1","","1","1","1","1","1","1","1","1","1","","","1","","1","","","1","","1","1","","1","","1","","1","1","","","1","1","1","","","","","","1","","","","1","","","","1","","","","1","","","1","","1","","","","1","","","","","","1","","","","1","","","","","","1","","","","","","","","","","","","","","","","","","","","",""
"Trapping Brook House","Residential Reintegration 2","3084 Trapping Brook Road","","Wellsville","NY","14895","","Allegany","585-593-1920","https://www.alleganycouncil.org","","","SU","1","","","","1","","1","1","1","","","1","","","","1","","","1","","","1","1","","1","","","1","1","","1","","","1","1","","1","","","","","","","","","1","","","1","","","","","","","","","","1","1","1","1","1","1","","","","1","","1","1","1","1","1","1","","","","1","1","1","1","1","1","1","","","","","","","1","1","","","","1","1","1","1","","","1","","","1","1","","1","","","1","","","","","1","1","1","1","","","","1","","","","1","1","1","","1","1","1","1","","","1","","","1","","1","1","","1","1","","1","","1","1","1","1","1","","","","1","1","","","","1","","","1","","1","1","1","","1","1","1","","1","1","1","","","1","","","","1","","","","","1","1","","","","1","","","","","","1","","","","","","","","","","","","","","","","","","","","",""
"Trapping Brook House","Residential Reintegration","3084 Trapping Brook Road","","Wellsville","NY","14895","","Allegany","585-593-1920","https://www.alleganycouncil.org","","","SU","1","","","","1","","","1","1","1","","1","","","","1","","","1","","1","1","1","","1","","","1","1","","1","","","1","","","1","","","","","","","","","1","","","1","","","","","","","","","","1","1","1","1","1","1","1","","","1","","1","","","","1","1","","","","1","","1","","","","","","","","","","1","1","1","1","1","1","1","","1","1","","","1","","","1","1","","1","","","","1","","1","","1","1","1","1","1","","1","1","1","1","","","","","","1","1","1","1","1","","1","1","","1","","1","1","","1","1","","1","","1","1","1","1","","","","","1","1","","","","1","1","","1","","","","","","","1","1","","1","","","","","1","","","","1","","","","","","1","","","","","","1","","","","","","","","","","","","","","","","","","","","","","","","",""
"Hannick Hall","Stabil Rehab Reintegration","407 East Union Street","","Newark","NY","14513","","Wayne","585-546-7220","https://www.fcscharities.org","","","SU","1","1","","","","","1","1","1","1","","","","","","1","","","1","","1","1","1","1","","","","1","","1","1","1","","","","","","","","","","","","","","","","","1","","1","","","","","","","","1","1","1","1","1","","1","1","1","1","1","1","1","","1","1","1","","1","1","","1","1","1","1","1","1","1","","1","1","1","","1","1","","","1","1","1","1","1","1","","1","1","","1","1","1","","","","1","1","","1","","1","1","1","1","1","1","","1","1","1","1","","","1","1","1","1","1","1","1","1","1","1","1","1","","1","1","1","1","1","","1","","1","1","1","1","1","","1","1","1","1","","","","1","1","","1","","1","","","","1","1","1","1","1","","1","1","1","1","1","1","","1","","","","","","1","1","1","","1","","","","","","","","","","","","","","","","","","","","","","","","","","",""
"Arbor House","Residential Reintegration","53 Hall Road","","Hannibal","NY","13074","2161","Oswego","315-564-5506","https://www.oco.org","","","SU","1","","","","","","","","","","","1","","","","1","","","1","","","1","1","1","","","","1","","","1","","","","","","","","","","","","","","","","","","1","","","","","","","","","","1","1","","","","","1","","","","","1","1","","","1","1","","","","1","","1","","","1","","","","","","","","1","1","","","1","1","1","1","1","","","1","","","1","1","","1","","","1","","","1","","","1","1","1","","","","1","1","1","","","","1","1","1","1","1","1","1","","1","1","","1","","1","1","1","1","1","","","","","","","","","","1","1","","1","","","","1","","","1","","","","","","","1","","","1","1","1","1","","1","","","","","","","","","","","","","","1","","","","","","","","","","","","","","","","","","","","","","","","","","",""
"Arbor House Supportive Living Program","Residential Reintegration","7 Birch Lane","Aparment 31-B","Oswego","NY","13126","","Oswego","315-592-0738","https://www.oco.org","","","SU","1","","","","","","","","","","","1","","","","1","","","1","","","1","1","","","1","","1","","","1","","","","","","","","","","","","","","","","","","1","","","","","","","","","","1","1","","","","","1","","","","","1","1","","","1","1","","","1","1","","1","","","1","","","","","","","","1","1","","","1","1","1","1","1","","","1","","","1","1","1","1","","","1","","","1","","","1","1","1","","","","1","1","1","","","","1","1","1","1","1","1","1","","1","1","","1","","1","1","1","1","1","","","","","","","","","","1","1","","1","","","","1","","","1","","","","","","","1","","","1","1","1","1","","1","","","","","","","","","","","","","","","1","","","","","","","","","","","","","","","","","","","","","","","","","",""
"THRIVE Wellness and Recovery Inc","Womens Residence RRi","1130 State Street","","Watertown","NY","13601","","Jefferson","315-779-1772","https://thrive.com","","","SU","1","","","","","","","1","","","","1","","","","1","","","1","","","1","","","","1","","1","","","1","","","","","","","","","","","","","","","","","","1","","1","","","1","","","","","1","1","1","1","1","1","1","","","","","1","1","1","1","1","1","","","1","","","1","1","1","1","","","","","","","1","1","1","1","","","1","","1","","","","1","","","1","1","1","","","","","","","1","","1","1","1","1","","","","1","1","1","","","","","","1","","","1","1","","1","1","","1","","1","","","1","1","","","","","","","","","","1","","1","","","","","1","","","","","","","","","","1","","","1","","","1","","","","","","","","","","","","1","","","1","","1","","","","","","","","","","","","","","","","","","","","","","","","","",""
"THRIVE Wellness and Recovery","Mens Aftercare","138 Winthrop Street","","Watertown","NY","13601","3420","Jeffers","315-788-6881","https://thrivenny.com","","","SU","1","","","","","","","","","","","1","","","","1","","","1","","","1","1","1","","","","1","","","1","","","","","","","","","","","","","","","","","","1","","","","","","","","","","1","1","1","1","1","1","1","1","","","","1","","","","1","","","","","1","","1","1","","1","","","","","","","1","1","1","","","","","","1","1","","","1","","","1","1","","1","","","","","","1","","1","1","1","1","","","","1","","","","","","","","1","1","1","1","1","","1","","","1","","1","","1","1","","","","","","","","","","","1","","1","1","1","","","1","","","1","","","","","","","1","","","1","","1","","","1","","","","","","","","","1","1","","","","1","","","","","","","","","","","","","","","","","","","","","","","","","","",""
"Thrive Wellness And Recovery","OASAS 820 Reintegration","","","Watertown","NY","13601","3735","Jeffers","315-788-3833","https://www.thrivenny.com","","","SU","1","","","","","","","","","","","","","","","1","","","1","","1","1","1","1","","","","1","","","1","","","","","","","","","","","","","","","","","","1","","","","","","","","","","1","1","1","1","1","","1","1","1","","","1","1","","1","1","1","","","","1","","1","1","","1","","","","","","","","1","1","","","1","1","","1","1","","","1","","","1","1","","1","","","","","","1","","","1","1","1","","","","1","","","","1","","","","1","","1","1","1","","1","","1","1","","1","","1","1","1","","","","","","","","","","1","1","1","1","1","","","1","","1","1","1","","","","","","","","","1","","","","","1","","","","","","","","","1","","","","","1","","","","","","","","","","","","","","","","","","","","","","","","","","","1"
"Weston Manor RRi","","P.O. Box 229","","Westons Mills","NY","14788","","Cattaraugus","716-373-0057","https://www.casa-trinity.org","","","SU","1","","","","","","","","","","","1","1","","","","","","","","","","","","1","","","1","","","1","","","","","","","","","","","","","","","","","","1","","","","","","","","","","1","1","1","1","1","","1","1","","","","","","","","","","","","","1","","","","","","","","","","","","","1","1","","","","","","","","","1","","","","1","1","","1","","","","","","1","","1","1","1","1","","","","1","1","1","","","","","","1","1","1","1","1","","1","1","","1","","1","","1","1","1","","","","","","","","","","1","","","","","","","1","","","1","","","","","","","","1","","1","","1","","","1","","","","","","","","","1","1","","","","","","1","","","","","","","","","","","","","","","","","","","","","","","","",""
"Willow House 820 Residential","820 Stabil Rehab Reintegration","P.O. Box 229","","Olean","NY","14760","","Cattaraugus","716-373-0021","https://www.casa-trinity.org","","","SU","1","","","","1","","1","1","1","1","","","","","","1","","","1","","1","1","","1","","","","1","","","1","","","","","","","","","","","","","","","","","","1","","","","","","","","","","1","1","1","1","1","","1","1","","","","","","","","","","","","1","1","","","","","","1","","","","","","","1","1","","","","1","1","1","1","","","1","","","1","1","1","1","","","","1","","1","","1","1","1","1","1","","","1","1","1","","","","1","","1","1","1","1","1","","1","1","1","1","","1","1","1","1","1","","1","","1","1","1","1","1","","1","","1","","","","","1","1","","","","","","","","","","1","","1","1","1","","","1","","","","1","","","","","1","1","","","","1","","","","","","","","","","","","","","","","","","","","","","","","","","",""
"CASA Trinity","Scatter Site RRi","207 South Union Street","","Olean","NY","14760","","Cattaraugus","716-373-4303","https://www.casa-trinity.org","","","SU","1","","","","","","","","","","","1","1","","","","","","","","","","","","1","","","1","","","1","","","","","","","","","","","","","","","","","","1","","","","","","","","","","1","1","1","1","1","","1","1","","","","","","","","","","","","1","1","","","","","","","","","","","","","1","1","","","","","","","","","1","","","","1","1","1","1","","","","","","1","","1","1","1","1","","","","1","1","1","","","","","","1","1","1","1","1","","1","1","","1","","1","","1","1","1","","","","","","","","","","1","","","","","","","1","","","1","","","","","","","","1","","1","","1","","","1","","","","","","","","","1","1","","","","","","1","","","","","","","","","","","","","","","","","","","","","","","","",""
"Thrive Wellness and Recovery Inc","RRSY","24180 County Route 16","","Evans Mills","NY","13637","","Jefferson","315-629-4441","https://www.Thrivenny.com","","","SU","1","","","","1","","","1","1","1","","","","","","1","","","1","","1","1","1","1","","","","1","","","1","","","","","","","","","","","","","","","","","","1","","1","","","","","","","","1","1","","1","1","1","1","1","","","","1","","","","1","","1","","","","","1","1","1","1","1","","","","","","1","1","1","1","1","1","1","1","1","1","","","1","","1","1","","","1","","","1","1","","","","1","1","1","1","","1","1","1","1","1","1","1","","1","","1","1","1","1","1","1","","1","1","1","","1","1","1","1","1","1","1","","1","","","1","1","","1","","1","","1","","","1","1","","","","1","1","1","","1","","","","1","","1","1","","1","1","1","","1","1","","","1","1","1","1","1","1","1","","","","","","1","","","","","","","","","","","","","","","","","","","","",""
"Freedom House","Stabil Rehab","","","Rochester","NY","14611","","Monroe","585-546-1271","https://www.cfcrochester.org","","","SU","1","1","","","","","1","1","1","1","","","","","","1","","","1","","1","1","1","1","","","","1","","1","1","1","","","","","","","","","","","","","","","","","1","","1","","","","","","","","1","1","1","1","1","","1","1","1","1","1","1","1","","1","1","1","","","","1","1","1","1","1","1","1","1","","1","1","1","","1","1","","","1","1","1","1","1","1","","1","","","1","1","","1","","","1","1","","1","","1","1","1","1","1","1","","1","1","1","1","","","1","1","1","1","1","1","1","1","1","1","1","1","","1","1","1","1","1","","1","","1","1","1","1","1","","1","1","1","1","","","","1","1","","1","","1","1","1","","1","1","1","1","1","","1","1","1","1","1","1","","1","1","","","","","1","1","1","","1","","","","","","","","","","","","","","","","","","","","","","","","","","",""
"Liberty Manor","Stabil Rehab","79 North Clinton Street","","Rochester","NY","14604","","Monroe","585-266-3080","https://www.fcscharities.org","","","SU","1","1","","","1","1","1","1","1","1","","","","1","","1","","","1","","1","1","1","1","","","","1","","1","1","1","","","","","","","","","","","","","","","","","1","1","1","","","","","","","","1","1","1","1","1","1","1","1","1","1","1","1","1","1","1","1","1","","1","1","","1","1","1","1","1","1","1","1","1","1","1","1","1","1","1","1","1","1","1","1","1","1","","1","1","","1","1","1","","","","1","1","","1","","1","1","1","1","1","1","1","1","1","1","1","","1","1","1","1","1","1","1","1","1","1","1","1","1","","1","1","1","1","1","","1","","1","1","1","1","1","","1","1","1","1","","","","1","1","","","","1","","1","","1","1","1","1","1","","1","1","1","1","","","","1","","","1","","","1","1","1","1","1","","","","","","1","","","","","","","","","","","","","","","","","","","","",""
"Supportive Living","RRi","","","Batavia","NY","14020","","Genesee","585-815-1841","https://www.uconnectcare.org","","","SU","1","","","","","","","","","","","1","","","","1","","","1","","1","1","1","","1","","","1","","","1","","","","","","","","","","","","","","","","","","1","","","","","","","","","","1","1","","1","1","1","1","1","","1","","","","","","","","","","","","","","","","","","","","","","","1","1","1","1","","","1","","1","","","","1","","","1","1","1","1","","","","","","1","","","1","1","1","","1","1","1","1","1","","1","","","","1","","1","1","1","","1","1","","1","","1","","1","1","1","","","","","","","","","","1","","1","1","1","","","1","","1","1","1","","","","","","","1","","1","","","1","","1","","","","","","","","","","1","","","","1","","","","","","","","","","","","","","","","","","","","","","","","","","",""
"UConnectCare Inc","SRR","","","Batavia","NY","14020","","Genesee","585-343-8330","https://www.uconnectcare.org","","","SU","1","","","","1","","1","1","1","1","","1","","","","1","","","1","","1","1","1","","1","","","1","","1","1","","","","","","","","","","","","","","","","","","1","","","","","","","","","","1","1","","1","1","1","1","1","","1","","1","","","","","","","","","","","","","","","1","","","","","","1","1","1","1","","","1","","1","1","1","","1","","","1","1","1","1","","","","1","","1","","1","1","1","1","1","1","1","1","1","1","1","1","","1","","1","1","1","1","1","","1","1","1","1","","1","1","1","1","1","1","1","","1","1","1","1","1","","1","","1","1","1","","","1","1","1","1","1","","","","","","","1","1","1","","","1","","1","","","","1","","","","","","1","1","1","","1","","","","","","1","","","","","","","","","","","","","","","","","","","","",""
"UConnectCare","Med Sup Withdrawal/Inpatient","","","Batavia","NY","14020","","Genesee","585-815-1860","https://www.uconnectcare.org","","","SU","1","1","","","","1","1","1","1","1","","","","","","1","","","1","","","1","1","1","","","","1","","","","1","","","","","","","","","","","","","","","","","1","","","","","","","","","","1","1","","1","1","1","1","1","","1","","","","","","","","","","","","","","","","","1","1","1","","","1","1","1","1","1","","","1","","1","","","","1","","","1","1","1","1","","","","1","","1","","","1","1","1","1","1","1","","1","1","1","1","","","","1","1","1","1","1","","1","1","1","1","","1","1","1","1","1","","1","","1","1","1","1","","","1","","1","1","1","","","1","1","1","1","1","1","","","1","1","","1","1","1","","","1","1","","","","","1","","","","","","1","1","1","","1","","","","","","","","","","","","","","","","","","","","","","","","","","",""
"UConnectCare","Women Childrens Residence SRR","","","Albion","NY","14411","","Orleans","585-695-5781","https://www.uconnectcare.org","","","SU","1","","","","1","","1","1","1","1","","1","","","","1","","","1","","1","1","1","","1","","","1","","1","1","","","","","","","","","","","","","","","","","","1","","","","","","","","","","1","1","","1","1","1","1","1","","1","","1","","","","","","","1","1","","","","","","","1","","","","","","1","1","1","1","","","1","","1","1","1","","1","1","","1","1","1","","","","","1","","1","1","1","1","1","1","1","1","1","1","1","1","1","1","","1","","1","","1","1","1","","1","1","1","1","","1","1","1","1","1","1","1","","1","1","1","1","1","","1","","1","1","1","","","1","1","1","1","1","","","","","","","1","1","1","","","1","","1","","","","1","","","","","","1","1","1","","1","","","","","","1","","","","","","","","","","","","","","","","","","","","",""
"Sisters of Charity Hospital Buffalo","Inpatient Rehabilitation","2605 Harlem Road","5th Floor","Buffalo","NY","14225","","Erie","716-298-2127","https://chsbuffalo.org","","","SU","1","","","","","","1","1","1","","","","","","","1","","","1","","","1","1","1","","","1","","","","","","","","","","","","1","","1","","","","","","","","1","","1","","1","","","","","","1","1","1","","1","1","","","","","","1","","","","","","","","1","1","","","","","","1","","","","","","1","1","1","1","","1","1","","1","1","","","1","","","1","1","1","1","","","1","","","1","","1","1","1","1","1","","1","","1","1","1","","1","1","1","1","1","1","1","1","1","1","1","1","1","","1","1","1","1","1","","1","","1","1","1","1","","","1","","1","1","1","","","","1","1","1","1","1","1","1","1","1","","","1","1","","","","","","","","","1","","","","","","1","1","1","1","1","","","","","","","","","","","","","","","","","","","","","","","","","","",""
"Terrace House","Med Sup Withdrawal Inpatient","291 Elm Street","","Buffalo","NY","14203","","Erie","716-854-2444","https://www.horizon-health.org","","","SU","","1","","","1","1","1","1","1","1","","","","","","1","","","1","","1","1","1","1","","","","1","","","","1","","","","","","","","","","","","","","","","","1","","","","","","","","","","1","1","1","","1","1","1","","","","","","","","","","","","","1","1","","","","","","1","1","1","1","1","1","","1","1","1","","1","1","","1","1","","","1","","","1","1","1","1","","","1","1","","1","","1","1","1","1","1","","","1","1","1","","1","","1","","1","1","1","1","","","1","1","1","1","","1","1","1","1","1","","1","","1","1","1","1","1","","1","","","","1","","","","1","1","","1","1","","","1","1","","","","1","1","1","","1","1","","","","1","","","","","","","1","1","","1","","","","","","1","","","","","","","","","","","","","","","","","","","","",""
"Terrace House","Residential Stabilization","291 Elm Street","Floors 1 and 2","Buffalo","NY","14203","","Erie","716-854-2444","https://www.horizon-health.org","","","SU","1","1","","","1","1","1","1","1","1","","","","","","1","","","1","","1","1","1","1","","","","1","","1","","1","","","","","","","","","","","","","","","","","1","","","","","","","","","","1","1","1","","1","1","1","1","","","","1","1","","","1","1","","1","1","1","1","1","1","1","1","1","1","1","1","1","1","","1","1","1","","1","1","","1","","","","1","","","1","1","1","1","","","1","1","","1","","1","1","1","1","1","","","1","1","1","1","1","","1","","1","1","1","1","","1","1","1","1","1","","1","1","1","1","1","","1","","1","1","1","1","1","","1","1","","","1","","","1","1","1","","1","1","","","1","1","","1","1","1","1","1","","1","1","","","","1","","","","","","1","1","1","","1","","","","","","1","","","","","","","","","","","","","","","","","","","","",""
"St Josephs Recovery Campus/Massena SRR","Massena","","","Massena","NY","13662","","Saint Lawrence","315-379-0139","https://www.stjoestreatment.org","","","SU","1","","","","1","","1","1","1","1","","","","","","1","","","1","","1","1","","","1","","","1","","","1","","","","","","","","","","","","","","","","","","","","","","","","","","","","1","1","","","1","","1","","","","","1","1","1","","1","1","","","1","1","1","1","1","1","","1","","","","","","","1","1","1","","","","1","1","1","","","1","","","1","1","1","1","","","1","1","","1","","","1","1","1","1","","1","1","1","1","1","","","1","","1","1","","1","1","","1","1","1","1","","1","1","1","1","1","","1","","1","1","1","1","1","","1","","1","1","","","","1","1","","1","","1","1","1","","1","1","","1","1","1","1","","","1","","","","1","1","","","","","1","1","1","","1","","","","","","1","","","","","","","","","","","","","","","","","","","","",""
"Freedom Village","Residential Rehabilitation","6331 Inducon Drive East","","Sanborn","NY","14132","","Niagara","716-831-1800","https://www.horizon-health.org","","","SU","1","","","","1","","1","1","1","1","","","","","","1","","","1","","1","1","1","1","","","","1","","","1","","","","","","","","","","","","","","","","","","1","","","","","","","","","","1","1","1","","1","1","1","1","","","","","1","1","","","","","","","","","","","","","1","","","","","","","1","1","1","","1","1","","1","1","","","1","","","1","1","","1","","","1","1","","1","","1","1","1","1","1","","","1","1","1","1","1","","1","","1","1","1","1","","1","1","1","1","1","","1","1","1","1","1","","1","","1","1","1","1","1","","1","1","","","1","","","1","1","1","","1","1","","","1","1","","1","1","1","1","1","","","1","","","","1","","","","","","1","1","1","","1","","","","","","1","","","","","","","","","","","","","","","","","","","","",""
"Horizon Village Inc","Residential Rehabilitation","6301 Inducon Drive East","","Sanborn","NY","14132","","Niagara","716-731-2030","https://www.horizon-health.org","","","SU","1","","","","1","","1","1","1","1","","","","","","1","","","1","","1","1","1","1","","","","1","","","1","","","","","","","","","","","","","","","","","","1","","","","","","","","","","1","1","1","","1","1","1","1","","","","","","","","","","","","","1","","","","","","1","","","","","","","1","1","1","","1","1","","1","1","","","1","","","1","1","","1","","","1","1","","1","","1","1","1","1","1","","","1","1","1","1","1","","1","","1","1","1","1","","1","1","1","1","1","","1","1","1","1","1","","1","","1","1","1","1","1","","1","1","","","1","","","1","1","1","","1","1","","","1","1","","1","1","1","1","1","","","1","","","","1","","","","","","1","1","1","","1","","","","","","1","","","","","","","","","","","","","","","","","","","","",""
"Delta Village Inc","Residential Rehabilitation","6301 Inducon Drive East","","Sanborn","NY","14132","","Niagara","716-831-1800","https://www.horizon-health.org","","","SU","1","","","","1","","1","1","1","1","","","","","","1","","","1","","1","1","1","1","","","","1","","","1","","","","","","","","","","","","","","","","","","1","","","","","","","","","","1","1","1","","1","1","1","1","","","","","","","","","","","","","","","","","","1","1","","","","","","","1","1","1","","1","1","","1","1","","","1","","","1","1","","1","","","1","1","","1","","1","1","1","1","1","","","1","1","1","1","1","","1","","1","1","1","1","","1","1","1","1","1","","1","1","1","1","1","","1","","1","1","1","1","1","","1","1","","","1","","","1","1","1","","1","1","","","1","1","","1","1","1","1","1","","","1","","","","1","","","","","","1","1","1","","1","","","","","","1","","","","","","","","","","","","","","","","","","","","",""
"Aurora Village","Residential Rehabilitation","6298 Inducon Drive East","","Sanborn","NY","14132","","Niagara","716-219-8700","https://www.horizon-health.org","","","SU","1","","","","1","","1","1","1","1","","","","","","1","","","1","","1","1","1","1","","","","1","","","1","","","","","","","","","","","","","","","","","","1","","","","","","","","","","1","1","1","","1","1","1","1","","","","","","","","","","","","1","","","","","","","1","","","","","","","1","1","1","","1","1","","1","1","","","1","","","1","1","1","","","","1","1","","1","","1","1","1","1","1","","","1","1","1","1","1","","1","","1","1","1","1","","1","1","1","1","1","","1","1","1","1","1","","1","","1","1","1","1","1","","1","1","","","1","","","1","1","1","","1","1","","","1","1","","1","1","1","1","1","","","1","","","","1","","","","","","1","1","1","","1","","","","","","1","","","","","","","","","","","","","","","","","","","","",""
"Mt St Marys Hospital/Niagara Falls","Clearview Treatment Services IP","5300 Military Road","4th Floor","Lewiston","NY","14092","","Niagara","716-314-8300","https://www.MSMH.org","","","SU","1","","","","","","1","1","1","","","","","","","1","","","1","","","1","1","1","","","1","","","","","","","","","","","","1","","1","","","","","","","","1","","1","","1","","","","","","1","1","1","","1","1","","","","","","1","","","","","","","","1","1","","","","","","1","","","","","","1","1","1","1","","1","1","","1","1","","","1","","","1","1","1","1","","","1","","","1","","1","1","1","1","1","","1","","1","1","1","","1","1","1","1","1","1","1","1","1","1","1","1","1","","1","1","1","1","1","","1","","1","1","1","1","","","1","","1","1","1","","","","1","1","1","1","1","1","1","1","1","","","1","1","","","","","","","","","1","","","","","","1","1","1","1","1","","","","","","","","","","","","","","","","","","","","","","","","","","",""
